time,Power(W),Load_kW,shortwave_radiation_instant,direct_normal_irradiance_instant,diffuse_radiation_instant,CLRSKY_SFC_SW_DWN,ALLSKY_KT,ALLSKY_SRF_ALB,temperature_2m ,relative_humidity_2m ,surface_pressure,wind_speed_10m,wind_direction_10m,direct_radiation_instant,CLRSKY_SFC_PAR_TOT,ALLSKY_SFC_UVA,ALLSKY_SFC_UVB,uv_index,dew_point_2m,WS50M,WD50M,latitude,longitude,number,expver,cbh,cloud_cover_high,cloud_cover_low,cloud_cover_mid,cloud_cover,tciw,hour,day_of_year,month,day_of_week,is_day,solar_elevation
05/01/2016 00:00,0,0.258183191,0,0,0,0,0,0,30.46,73.5,100.83,4.54,184,0,0,0,0,0,25.18,5.18,183.7,9.67,80.18,0,1,2989.5193,96.21,3.83,6.85,96.68,0.006325651,0,122,5,6,0,0
05/01/2016 01:00,0,0.148649408,0,0,0,0,0,0,30.11,76.2,100.77,4.42,193.1,0,0,0,0,0,25.45,5.06,192.8,9.67,80.18,0,1,490.3181,89.92,13.97,3.27,91.95,0.005482085,1,122,5,6,0,0
05/01/2016 02:00,0,0.284226273,0,0,0,0,0,0,29.8,78.29,100.73,4.12,200,0,0,0,0,0,25.62,4.73,199.9,9.67,80.18,0,1,473.6604,86.36,26.27,1.4,90.05,0.004107609,2,122,5,6,0,0
05/01/2016 03:00,0,0.43522265,0,0,0,0,0,0,29.58,79.52,100.74,3.67,206.4,0,0,0,0,0,25.68,4.28,206.4,9.67,80.18,0,1,536.74585,83.48,21.48,4.33,88.34,0.002683159,3,122,5,6,0,0
05/01/2016 04:00,0,0.132108543,0,0,0,0,0,0,29.44,80.36,100.78,3.27,212.8,0,0,0,0,0,25.71,3.86,212.8,9.67,80.18,0,1,688.27466,78.07,23.01,7.99,83.45,0.003248537,4,122,5,6,0,0
05/01/2016 05:00,0,0.166611375,16.45,56.4,15,16.55,0.28,0.08,29.38,80.69,100.85,2.94,220,7.17,7.24,0.86,0,0.03,25.72,3.46,219.8,9.67,80.18,0,1,3299.438,64.69,15.25,7.56,67.59,0.002180303,5,122,5,6,0,0
05/01/2016 06:00,927.5454545,3.120827895,194.68,382.92,84.07,196.1,0.54,0.07,29.68,78.91,100.92,2.91,226.5,91.78,92.43,9.69,0.08,0.38,25.64,3.11,226.7,9.67,80.18,0,1,3430.4722,85.77,22.11,21.38,87.51,0.00164319,6,122,5,6,1,2.525847918
05/01/2016 07:00,3381.545455,3.172667097,429.25,625.11,92.47,431.75,0.64,0.06,30.09,76.24,101,2.64,232.2,204.38,204.72,24.12,0.43,2.1,25.46,2.78,232.3,9.67,80.18,0,1,1079.5527,95.67,15.55,14.36,96.25,0.002378027,7,122,5,6,1,16.87435242
05/01/2016 08:00,6570.75,0.923252367,625.62,601.68,178.51,628.4,0.67,0.06,30.68,72.59,101.03,2.46,233.1,293.71,293.7,36.38,0.94,4.72,25.19,2.55,232.6,9.67,80.18,0,1,3601.895,95.12,17.96,14,96.65,0.003654838,8,122,5,6,1,31.31208047
05/01/2016 09:00,8863.583333,0.922500198,710.4,422.96,311.67,710.47,0.62,0.06,31.31,68.9,101.01,2.46,230,320.73,320.75,38.37,1.15,6.1,24.91,2.54,228.8,9.67,80.18,0,1,1256.8557,89.32,32.99,8.17,93.69,0.003647496,9,122,5,6,1,45.7836235
05/01/2016 10:00,8189.583333,0.469078391,862.6,549.03,277.04,930.4,0.67,0.05,31.93,65.28,100.95,2.57,226.1,407.09,434.45,54.52,1.96,10.65,24.55,2.64,224.2,9.67,80.18,0,1,5541.707,65.64,19.32,7.71,71.35,0.002275398,10,122,5,6,1,60.21366747
05/01/2016 11:00,10996.33333,0.407042705,947.17,578.29,273.45,973.9,0.71,0.05,32.42,62.43,100.86,2.8,223.3,445.54,454.23,59.46,2.23,12.38,24.23,2.89,220.6,9.67,80.18,0,1,4518.324,62.28,11.13,3.5,64.39,0.00122315,11,122,5,6,1,74.34735918
05/01/2016 12:00,8354.583333,0.451359271,819.35,564.16,209.54,945.67,0.63,0.05,32.67,61.78,100.75,3.06,220.6,385.35,440.82,52.43,1.91,10.45,24.28,3.21,217.7,9.67,80.18,0,1,2635.2239,44.38,7.09,3.46,47.04,0.000568844,12,122,5,6,1,84.45963679
05/01/2016 13:00,9986.75,0.017947025,797.2,658.06,194.91,844.38,0.68,0.05,32.7,62.38,100.65,3.31,218.5,375.98,394.4,49.5,1.64,8.62,24.49,3.52,215.3,9.67,80.18,0,1,1089.7739,5.42,10.08,2.2,15.53,9.28E-05,13,122,5,6,1,74.34735918
05/01/2016 14:00,8262.916667,0.135696283,635.8,607.85,170.49,680,0.65,0.05,32.7,62.53,100.58,3.56,215.5,300.27,318.22,38.47,1.06,5.5,24.52,3.8,212.3,9.67,80.18,0,1,801.5217,16.47,10.98,4.36,25.62,0.002661446,14,122,5,6,1,60.21366747
05/01/2016 15:00,4017.5,0.417020935,440.17,499.53,168.39,467.55,0.61,0.06,32.6,62.92,100.54,3.76,211.6,207.65,218.82,25.08,0.49,2.45,24.52,4.04,208.7,9.67,80.18,0,1,765.7571,19.35,13.49,2.74,29.41,0.001169448,15,122,5,6,1,45.7836235
05/01/2016 16:00,1175.416667,0.527400162,199.45,280.19,112.51,232.23,0.48,0.06,32.37,64.28,100.56,3.94,206.4,93.05,107.3,10.7,0.11,0.52,24.66,4.27,204,9.67,80.18,0,1,770.76733,17.36,12.58,5.38,27.83,0.000590822,16,122,5,6,1,31.31208047
05/01/2016 17:00,516.25,1.100453734,27.08,53.03,29.9,32.35,0.28,0.07,32.1,65.64,100.63,4.1,201.6,12.15,13.97,1.52,0.01,0.03,24.77,4.51,200.1,9.67,80.18,0,1,3402.5198,29.84,12.59,2.03,37.83,0.00044801,17,122,5,6,1,16.87435242
05/01/2016 18:00,156.25,2.477188865,0,0,0,0,0,0,31.87,66.58,100.7,4.27,198.7,0,0,0,0,0,24.79,4.75,198.2,9.67,80.18,0,1,3523.1128,31.08,20.95,3.34,44.56,0.000485847,18,122,5,6,1,2.525847918
05/01/2016 19:00,0,2.731377612,0,0,0,0,0,0,31.7,67.41,100.78,4.43,196.4,0,0,0,0,0,24.84,4.86,196,9.67,80.18,0,1,963.47266,32.76,22.48,3.41,46.39,0.000421135,19,122,5,6,0,0
05/01/2016 20:00,0,3.020824413,0,0,0,0,0,0,31.48,69.36,100.84,4.55,194,0,0,0,0,0,25.14,5.01,193.9,9.67,80.18,0,1,825.41284,33.29,17.09,1.28,44.5,0.000220942,20,122,5,6,0,0
05/01/2016 21:00,0,1.065053588,0,0,0,0,0,0,31.26,71.33,100.88,4.73,192.7,0,0,0,0,0,25.41,5.23,192.6,9.67,80.18,0,1,672.8408,12.7,17,1.07,28.23,5.98E-05,21,122,5,6,0,0
05/01/2016 22:00,0,2.382648615,0,0,0,0,0,0,31.03,73.07,100.87,4.88,194,0,0,0,0,0,25.62,5.42,193.9,9.67,80.18,0,1,529.30347,1.37,11.48,1.66,12.97,0,22,122,5,6,0,0
05/01/2016 23:00,0,1.849230938,0,0,0,0,0,0,30.81,74.82,100.83,5.11,198.6,0,0,0,0,0,25.8,5.68,198.6,9.67,80.18,0,1,594.22656,0.59,15.54,6.26,18.18,0,23,122,5,6,0,0
05/02/2016 00:00,0,0.065494983,0,0,0,0,0,0,30.56,76.65,100.78,5.35,205.1,0,0,0,0,0,25.98,5.96,205.2,9.67,80.18,0,1,579.3533,0.11,10.07,8.89,15.67,0,0,123,5,0,0,0
05/02/2016 01:00,0,0.159695122,0,0,0,0,0,0,30.3,78.56,100.72,5.53,211.6,0,0,0,0,0,26.16,6.18,211.7,9.67,80.18,0,1,446.69604,0.01,13.55,15.38,20.48,1.95E-05,1,123,5,0,0,0
05/02/2016 02:00,0,0,0,0,0,0,0,0,30.09,79.93,100.69,5.34,218.2,0,0,0,0,0,26.25,6.02,218.3,9.67,80.18,0,1,455.1648,0.46,19.28,10.52,22.26,9.77E-06,2,123,5,0,0,0
05/02/2016 03:00,0,0.19775659,0,0,0,0,0,0,29.99,80.44,100.71,5.01,224.1,0,0,0,0,0,26.26,5.69,224.4,9.67,80.18,0,1,563.57666,0.03,17.45,4.74,18.37,0,3,123,5,0,0,0
05/02/2016 04:00,0,0.057408188,0,0,0,0,0,0,29.97,80.35,100.76,4.66,228.7,0,0,0,0,0,26.24,5.39,228.8,9.67,80.18,0,1,654.2534,2.46,20.2,4.68,22.35,9.77E-06,4,123,5,0,0,0
05/02/2016 05:00,0,0.130569023,16.95,72.96,15.19,17.67,0.29,0.08,30,79.93,100.83,4.34,231.4,7.27,7.52,0.88,0,0.03,26.18,5.06,231.3,9.67,80.18,0,1,812.9231,7.8,17.41,9.38,24.21,9.77E-06,5,123,5,0,0,0
05/02/2016 06:00,909.4545455,2.614481876,195.95,399.82,73.4,198.3,0.54,0.07,30.36,77.7,100.9,4.32,232.7,91.1,92.12,9.62,0.08,0.38,26.04,4.74,233.1,9.67,80.18,0,1,846.17456,12.86,22.93,17.75,34.08,1.95E-05,6,123,5,0,1,2.575292949
05/02/2016 07:00,3303.916667,3.142052394,434.95,665.86,93.77,436.92,0.65,0.06,30.84,74.44,100.97,4.07,234,205.88,205.93,24.28,0.42,2.08,25.78,4.38,234.3,9.67,80.18,0,1,970.9961,7.07,19.31,19.71,30.29,5.25E-05,7,123,5,0,1,16.90443156
05/02/2016 08:00,6609.166667,0.84411035,648.5,715.05,125.1,652.1,0.69,0.06,31.37,71.35,101,4.1,231.5,306.27,306.05,38.51,0.99,4.95,25.57,4.4,231.6,9.67,80.18,0,1,1083.8379,6.77,14.61,14.03,26.15,3.05E-05,8,123,5,0,1,31.32328531
05/02/2016 09:00,8362,0.49368889,779.3,597.56,239.4,781.08,0.68,0.05,31.94,68.47,100.99,4.39,228.7,360.88,360.32,45.58,1.41,7.4,25.41,4.71,228.5,9.67,80.18,0,1,1221.7969,13.37,19.59,18.76,35.31,1.83E-05,9,123,5,0,1,45.77369671
05/02/2016 10:00,9927.5,0.624133923,913.35,691.69,195.46,946.88,0.71,0.05,32.38,66.31,100.95,4.73,226.7,431.5,442.5,58.03,2.07,11.2,25.26,5.08,226.3,9.67,80.18,0,1,1147.1965,2.97,11.42,10.59,17.93,0,10,123,5,0,1,60.17427478
05/02/2016 11:00,8901.25,0.199679626,944.33,662.32,254.59,992.7,0.71,0.05,32.72,64.55,100.86,5.01,225,446.22,463.93,60.52,2.26,12.45,25.12,5.38,224.5,9.67,80.18,0,1,1231.9109,0,9.53,3.29,9.54,0,11,123,5,0,1,74.24561669
05/02/2016 12:00,8432.083333,0.371071942,962.85,864.87,111,963.28,0.75,0.05,32.88,63.66,100.77,5.17,222.5,453.82,450.05,60.96,2.19,12.05,25.04,5.61,221.7,9.67,80.18,0,1,1547.4866,0.87,4.44,1.79,5.09,0,12,123,5,0,1,84.1546682
05/02/2016 13:00,6760,0.006581231,800.75,553.31,262.73,861.95,0.68,0.05,32.94,63.2,100.68,5.27,218.2,379.08,402.99,50.53,1.67,8.6,24.98,5.77,217.5,9.67,80.18,0,1,1240.1357,0.97,7.58,4.59,9.2,0,13,123,5,0,1,74.24561669
05/02/2016 14:00,8965.666667,0.181700644,650.58,582.07,229.62,695.67,0.67,0.05,32.9,63.12,100.63,5.26,212.6,308.52,326.37,39.83,1.09,5.6,24.91,5.79,211.8,9.67,80.18,0,1,1039.72,3.89,8.02,3.41,11.69,9.77E-06,14,123,5,0,1,60.17427478
05/02/2016 15:00,5058.083333,0.474379128,441.42,561.01,151.99,481.12,0.62,0.06,32.8,63.11,100.6,5.25,205,209.1,225.97,25.57,0.49,2.45,24.81,5.81,204.4,9.67,80.18,0,1,1560.5386,36.74,2.07,6.97,40.68,0.000102548,15,123,5,0,1,45.77369671
05/02/2016 16:00,2908.75,0.720780738,205.35,292.12,107.21,241.73,0.5,0.06,32.6,63.51,100.61,5.41,196.8,96.6,112.34,11.01,0.11,0.52,24.73,5.99,196.2,9.67,80.18,0,1,6470.6836,58.1,2.01,2.92,59.33,0.000163584,16,123,5,0,1,31.32328531
05/02/2016 17:00,392.75,0.894102629,27.65,60.86,25.76,34.12,0.29,0.07,32.27,64.73,100.66,5.68,189.8,12.32,14.64,1.5,0.01,0.03,24.73,6.35,189.6,9.67,80.18,0,1,6027.3203,63.23,1.17,0.01,63.46,0.000234387,17,123,5,0,1,16.90443156
05/02/2016 18:00,96,2.38555164,0,0,0,0,0,0,31.92,66.7,100.72,5.98,185.8,0,0,0,0,0,24.91,6.78,186,9.67,80.18,0,1,6017.75,83.24,2.04,0,83.4,0.000565202,18,123,5,0,1,2.575292949
05/02/2016 19:00,0,2.644216344,0,0,0,0,0,0,31.66,68.61,100.77,6.29,184.3,0,0,0,0,0,25.15,7.13,184.6,9.67,80.18,0,1,8962.523,93.8,2.9,0.01,94.43,0.001005886,19,123,5,0,0,0
05/02/2016 20:00,0,2.302462464,0,0,0,0,0,0,31.34,70.89,100.81,6.52,185.1,0,0,0,0,0,25.42,7.4,185.3,9.67,80.18,0,1,8929.992,98.92,1.95,0.01,98.92,0.001281765,20,123,5,0,0,0
05/02/2016 21:00,0,0.816522395,0,0,0,0,0,0,31.01,73.41,100.83,6.59,187.7,0,0,0,0,0,25.71,7.47,187.9,9.67,80.18,0,1,8343.211,100,4.62,0.24,100,0.00130982,21,123,5,0,0,0
05/02/2016 22:00,0,2.201283177,0,0,0,0,0,0,30.69,75.78,100.8,6.51,191.3,0,0,0,0,0,25.93,7.39,191.5,9.67,80.18,0,1,4030.0156,100,4.18,0,100,0.001258531,22,123,5,0,0,0
05/02/2016 23:00,0,2.18946132,0,0,0,0,0,0,30.43,77.7,100.74,6.31,195.4,0,0,0,0,0,26.11,7.17,195.5,9.67,80.18,0,1,4083.774,100,5.24,0.45,100,0.000759254,23,123,5,0,0,0
05/03/2016 00:00,0,0.193145129,0,0,0,0,0,0,30.24,78.93,100.67,5.97,199,0,0,0,0,0,26.19,6.84,199.1,9.67,80.18,0,1,3883.4556,71.02,3.87,3.42,74.76,0.000390631,0,124,5,1,0,0
05/03/2016 01:00,0,0,0,0,0,0,0,0,30.11,79.73,100.6,5.57,202.2,0,0,0,0,0,26.23,6.45,202.4,9.67,80.18,0,1,582.9656,16.19,7.69,1.71,23.21,0.000112302,1,124,5,1,0,0
05/03/2016 02:00,0,0.190337071,0,0,0,0,0,0,29.99,80.44,100.57,5.19,204.3,0,0,0,0,0,26.27,6.09,204.5,9.67,80.18,0,1,583.3557,5.47,7.27,2.49,12.9,1.22E-05,2,124,5,1,0,0
05/03/2016 03:00,0,0.088394422,0,0,0,0,0,0,29.92,80.93,100.6,4.86,205.4,0,0,0,0,0,26.29,5.79,205.5,9.67,80.18,0,1,572.57886,5.13,9.42,1.87,15.02,0,3,124,5,1,0,0
05/03/2016 04:00,0,0.046442462,0,0,0,0,0,0,29.86,81.3,100.65,4.45,205,0,0,0,0,0,26.33,5.39,204.9,9.67,80.18,0,1,746.739,2.65,10.93,0.32,13.58,0,4,124,5,1,0,0
05/03/2016 05:00,0,0.260428467,15.38,47.18,16.74,18.08,0.26,0.07,29.85,81.4,100.73,4.15,203,6.65,7.69,0.83,0,0.03,26.34,5,202.8,9.67,80.18,0,1,930.8042,0.01,7.59,8.51,11.29,0,5,124,5,1,0,0
05/03/2016 06:00,828.1818182,2.852089924,183.6,401.03,71.99,199.3,0.51,0.07,30.18,79.86,100.8,4.28,199.8,85.39,92.38,9.27,0.08,0.38,26.33,4.65,200.3,9.67,80.18,0,1,1045.3376,0,8.47,8.64,11.47,0,6,124,5,1,1,2.623923089
05/03/2016 07:00,3206.666667,2.999084477,433.67,614.4,99.07,437.83,0.65,0.06,30.77,76.34,100.88,4.21,198.9,204.97,206,24.24,0.43,2.1,26.13,4.53,199.4,9.67,80.18,0,1,1251.1035,0,5.62,6.33,9.02,0,7,124,5,1,1,16.93357965
05/03/2016 08:00,6438.833333,0.707587742,636.88,638.57,160.49,638.28,0.68,0.06,31.45,72.28,100.92,4.16,198.7,300.65,299.77,37.54,0.96,4.82,25.86,4.45,198.6,9.67,80.18,0,1,1357.3528,0,12.73,10.9,15.45,8.55E-06,8,124,5,1,1,31.3333568
05/03/2016 09:00,6675.75,0.6013872,789.15,614.88,218.35,790.25,0.69,0.05,32.1,68.74,100.92,4.05,200.1,366.67,365.59,46.63,1.45,7.65,25.62,4.32,199.7,9.67,80.18,0,1,1207.3982,0,19.88,8.76,22.05,0,9,124,5,1,1,45.76229142
05/03/2016 10:00,10234.83333,0.542257001,827.45,446.38,371.36,830.78,0.65,0.06,32.63,65.81,100.87,3.87,202.5,369.93,371.02,45.04,1.48,8.1,25.39,4.16,201.6,9.67,80.18,0,1,1206.4861,0,19.15,7.19,21.82,0,10,124,5,1,1,60.13275773
05/03/2016 11:00,11003.33333,0.592018576,949.62,668.26,246.36,981.15,0.72,0.05,32.98,64.16,100.78,3.65,204.2,447.02,457.36,60.23,2.24,12.38,25.28,4.01,202.7,9.67,80.18,0,1,1326.5237,0,9.29,14.48,15.43,7.57E-05,11,124,5,1,1,74.14044108
05/03/2016 12:00,9288.416667,0.259231135,891.5,615.06,254.69,948.85,0.69,0.06,33.22,63.02,100.67,3.52,205.6,419.65,441.95,56.42,2.04,11.02,25.2,3.91,203.4,9.67,80.18,0,1,1569.7532,1.6,8.01,13.21,16.98,0.000192888,12,124,5,1,1,83.85429714
05/03/2016 13:00,8986.909091,0.307689311,788.33,591.64,219.44,846.3,0.67,0.05,33.34,62.42,100.58,3.46,206.6,371.33,394.7,49.13,1.61,8.43,25.13,3.86,203.7,9.67,80.18,0,1,1307.55,0,5.68,17.64,20.66,0,13,124,5,1,1,74.14044108
05/03/2016 14:00,4043.166667,0.201002045,628.25,566.17,198.18,681.45,0.64,0.06,33.37,61.78,100.52,3.47,206.6,296.23,318.1,37.92,1.03,5.35,24.98,3.84,203.6,9.67,80.18,0,1,894.3137,0,6.64,12.88,16.21,0,14,124,5,1,1,60.13275773
05/03/2016 15:00,1913.833333,0.239369803,421.38,450.44,185.35,466.48,0.59,0.06,33.29,61.58,100.49,3.45,205.4,198.19,217.53,24.08,0.47,2.33,24.85,3.82,202.3,9.67,80.18,0,1,775.33545,1.58,10.72,11.76,19.14,2.69E-05,15,124,5,1,1,45.76229142
05/03/2016 16:00,1091.166667,0.706897982,193.65,249.35,115.82,233.38,0.47,0.06,33.07,62.21,100.52,3.43,202.6,90.75,107.72,10.45,0.1,0.5,24.8,3.79,199.9,9.67,80.18,0,1,625.9783,4.63,18.15,7.81,24.92,0.000163598,16,124,5,1,1,31.3333568
05/03/2016 17:00,430.8333333,1.06657128,24.2,49.61,26.29,32.22,0.25,0.07,32.68,64.2,100.59,3.34,199.4,10.96,13.87,1.34,0.01,0.03,24.97,3.81,197.7,9.67,80.18,0,1,758.5679,7.55,20.17,8.34,30.51,0.006730016,17,124,5,1,1,16.93357965
05/03/2016 18:00,117,2.392315323,0,0,0,0,0,0,32.29,66.41,100.68,3.34,194.9,0,0,0,0,0,25.19,3.91,194.1,9.67,80.18,0,1,596.97974,9.78,26.74,17.16,34.85,0.000791182,18,124,5,1,1,2.623923089
05/03/2016 19:00,0,2.831757854,0,0,0,0,0,0,32.06,67.45,100.75,3.55,187.6,0,0,0,0,0,25.25,4.16,187.2,9.67,80.18,0,1,578.13354,9.46,29.22,26.17,43.58,0.000214872,19,124,5,1,0,0
05/03/2016 20:00,0,2.566985179,0,0,0,0,0,0,31.82,68.65,100.81,4.02,178.6,0,0,0,0,0,25.32,4.66,178.6,9.67,80.18,0,1,550.0034,10.65,9.13,14.43,26.36,0.000228282,20,124,5,1,0,0
05/03/2016 21:00,0,0.827264035,0,0,0,0,0,0,31.57,70.77,100.83,4.63,172.2,0,0,0,0,0,25.62,5.32,172.1,9.67,80.18,0,1,628.75,3.45,21.27,6.31,24.27,0.000212409,21,124,5,1,0,0
05/03/2016 22:00,0,2.319450618,0,0,0,0,0,0,31.3,72.95,100.8,5.1,169.6,0,0,0,0,0,25.87,5.82,169.4,9.67,80.18,0,1,380.9463,2.73,14.23,6.17,17.22,9.28E-05,22,124,5,1,0,0
05/03/2016 23:00,0,2.258592756,0,0,0,0,0,0,31.01,74.96,100.74,5.4,170.3,0,0,0,0,0,26.05,6.15,170.2,9.67,80.18,0,1,352.08398,0,10.1,5.83,13.67,3.17E-05,23,124,5,1,0,0
05/04/2016 00:00,0,0.138600007,0,0,0,0,0,0,30.74,76.63,100.66,5.49,172.3,0,0,0,0,0,26.16,6.27,172.1,9.67,80.18,0,1,317.56543,0.23,10.9,4.62,13.16,0,0,125,5,2,0,0
05/04/2016 01:00,0,0.368667526,0,0,0,0,0,0,30.45,78.18,100.59,5.51,173.8,0,0,0,0,0,26.23,6.3,173.6,9.67,80.18,0,1,293.62183,0,15.38,4.36,17.09,1.22E-05,1,125,5,2,0,0
05/04/2016 02:00,0,0,0,0,0,0,0,0,30.17,79.54,100.57,5.21,176.7,0,0,0,0,0,26.26,5.98,176.6,9.67,80.18,0,1,324.65112,0.46,12.84,3.01,15.02,0,2,125,5,2,0,0
05/04/2016 03:00,0,0.261898485,0,0,0,0,0,0,29.95,80.56,100.59,4.74,180.4,0,0,0,0,0,26.25,5.49,180.3,9.67,80.18,0,1,517.44995,0,16.39,1.4,16.86,0,3,125,5,2,0,0
05/04/2016 04:00,0,0.156263016,0,0,0,0,0,0,29.79,81.24,100.65,4.23,182.7,0,0,0,0,0,26.24,4.99,182.8,9.67,80.18,0,1,730.9939,0,23.2,4.51,23.2,0,4,125,5,2,0,0
05/04/2016 05:00,0,0.129517693,14.27,26.05,17.52,17.5,0.24,0.07,29.68,81.75,100.73,3.82,183.9,6.25,7.55,0.79,0,0.03,26.24,4.49,184,9.67,80.18,0,1,951.5491,0,18.04,12.19,19.1,0,5,125,5,2,0,0
05/04/2016 06:00,1093.727273,2.718572587,171.98,349.04,87.23,193.12,0.47,0.06,29.91,80.17,100.8,3.64,183.9,80.26,89.65,8.92,0.07,0.35,26.15,3.91,184.4,9.67,80.18,0,1,1138.7471,0,19.01,19.29,24.32,0,6,125,5,2,1,2.671725845
05/04/2016 07:00,3147.181818,2.551972779,417.48,469.35,189.97,430.62,0.62,0.06,30.31,76.99,100.88,3.18,182.9,198.2,203.35,23.56,0.41,2.03,25.84,3.39,183.2,9.67,80.18,0,1,1128.242,0,14.76,19.39,22.32,0,7,125,5,2,1,16.96180903
05/04/2016 08:00,6298.1,0.806101154,587.5,491.72,217.69,589.62,0.63,0.06,30.7,74.33,100.93,3.03,180.8,273.72,274.15,33.28,0.82,4.12,25.6,3.21,180.9,9.67,80.18,0,1,1159.3542,0,12.17,17.02,19.12,0,8,125,5,2,1,31.34233576
05/04/2016 09:00,8273.363636,0.729972865,784.95,603.13,224.2,823.92,0.69,0.05,31.11,71.81,100.93,3.03,178.7,373.02,387.39,49.11,1.56,8.1,25.42,3.21,178.4,9.67,80.18,0,1,1078.9502,0,12.79,23.04,25.73,0,9,125,5,2,1,45.74948721
05/04/2016 10:00,10039,0.738416382,815.72,633.57,189.79,937.78,0.64,0.05,31.52,69.3,100.89,3.02,178.7,386.57,439.57,52.96,1.89,10.02,25.19,3.21,178,9.67,80.18,0,1,938.27783,11.79,12.92,16.91,31.67,2.93E-05,10,125,5,2,1,60.08926474
05/04/2016 11:00,9938.5,0.324265674,915.9,520.54,304.2,968.2,0.69,0.05,31.86,66.93,100.82,2.94,181.9,432.05,451.75,57.8,2.11,11.6,24.91,3.14,180.7,9.67,80.18,0,1,815.14453,28.83,15.5,10.21,41.14,0.000255171,11,125,5,2,1,74.03218715
05/04/2016 12:00,10635.9,0.20771318,860.6,522.34,291.59,937.65,0.67,0.06,32.1,65.07,100.72,2.9,187.9,406.47,437.4,54.37,1.94,10.38,24.65,3.1,186.1,9.67,80.18,0,1,800.37134,37.21,11.93,18.29,50.94,0.00156772,12,125,5,2,1,83.55861261
05/04/2016 13:00,10341.27273,0.259916925,753.15,471.19,272.64,835.12,0.64,0.05,32.22,63.79,100.64,2.87,192.9,354.32,389.88,47.14,1.53,7.85,24.4,3.07,190.7,9.67,80.18,0,1,851.3972,35.98,14.83,18.08,49.01,0.000393142,13,125,5,2,1,74.03218715
05/04/2016 14:00,2822.545455,0.50349294,511.45,279.55,258.97,670.4,0.53,0.06,32.27,63.05,100.58,2.8,194.9,242.82,313.4,32.35,0.88,4.62,24.24,3,192.7,9.67,80.18,0,1,641.3054,20.42,14.92,14.72,35.81,0.000256399,14,125,5,2,1,60.08926474
05/04/2016 15:00,3661.333333,0.482692249,309.98,247.39,166.93,457.3,0.43,0.06,32.25,63.16,100.55,2.78,192.9,147.2,213.25,19.53,0.39,1.95,24.28,2.99,190.6,9.67,80.18,0,1,742.136,9.89,15.48,15.25,28.81,0.000267381,15,125,5,2,1,45.74948721
05/04/2016 16:00,2056.75,0.519367041,147.2,98.23,111.05,224.15,0.36,0.06,32.13,63.84,100.57,2.86,187.4,69.95,103,8.89,0.09,0.45,24.35,3.1,185.5,9.67,80.18,0,1,801.4436,3.95,14.3,14.27,22.8,0.000175821,16,125,5,2,1,31.34233576
05/04/2016 17:00,670,0.948828375,20.5,11.28,23.23,30.88,0.21,0.06,31.9,64.62,100.63,2.88,182.8,9.48,13.42,1.21,0.01,0.03,24.33,3.17,182.7,9.67,80.18,0,1,686.4812,1.05,9.8,7.75,13.99,5.86E-05,17,125,5,2,1,16.96180903
05/04/2016 18:00,145.5,2.417342006,0,0,0,0,0,0,31.56,66.57,100.71,3.02,180.4,0,0,0,0,0,24.51,3.34,180.7,9.67,80.18,0,1,738.52686,0.22,11.27,5.59,14.14,1.95E-05,18,125,5,2,1,2.671725845
05/04/2016 19:00,0,2.826742717,0,0,0,0,0,0,31.36,68.52,100.78,3.22,176.1,0,0,0,0,0,24.83,3.59,176.3,9.67,80.18,0,1,684.23535,3.5,13.48,7.23,17.9,0,19,125,5,2,0,0
05/04/2016 20:00,0,2.414079868,0,0,0,0,0,0,31.17,70.69,100.84,3.49,170.9,0,0,0,0,0,25.18,3.99,171.1,9.67,80.18,0,1,830.72534,0,9.39,10.97,13.98,0,20,125,5,2,0,0
05/04/2016 21:00,0,0.872898566,0,0,0,0,0,0,31.01,72.56,100.87,3.77,167.1,0,0,0,0,0,25.5,4.38,167.2,9.67,80.18,0,1,811.27515,5.31,8.66,3.81,14.06,0,21,125,5,2,0,0
05/04/2016 22:00,0,2.211134453,0,0,0,0,0,0,30.83,74.32,100.85,4.02,166,0,0,0,0,0,25.73,4.69,166.1,9.67,80.18,0,1,954.9346,36.91,5.91,2.37,40.63,5.62E-05,22,125,5,2,0,0
05/04/2016 23:00,0,1.827119726,0,0,0,0,0,0,30.63,75.85,100.79,4.15,165.9,0,0,0,0,0,25.89,4.85,165.9,9.67,80.18,0,1,996.2095,56.87,4.19,1.26,57.47,0.000130624,23,125,5,2,0,0
05/05/2016 00:00,0,0.18631729,0,0,0,0,0,0,30.39,77.35,100.72,4.21,166.5,0,0,0,0,0,25.98,4.9,166.6,9.67,80.18,0,1,1361.1104,75.08,6.47,1.21,76.99,0.000240492,0,126,5,3,0,0
05/05/2016 01:00,0,0.181276695,0,0,0,0,0,0,30.14,78.57,100.66,4.15,166.5,0,0,0,0,0,26.02,4.84,166.5,9.67,80.18,0,1,1361.1104,88.05,7.23,3.92,88.52,0.000368674,1,126,5,3,0,0
05/05/2016 02:00,0,0.144485059,0,0,0,0,0,0,29.9,79.7,100.62,4,167.9,0,0,0,0,0,26.03,4.67,167.9,9.67,80.18,0,1,1361.1104,91.48,7.46,5.5,92.11,0.000761768,2,126,5,3,0,0
05/05/2016 03:00,0,0.1100281,0,0,0,0,0,0,29.68,80.66,100.65,3.73,168.6,0,0,0,0,0,26.02,4.39,168.6,9.67,80.18,0,1,1361.1104,94.4,10.08,7.85,94.61,0.001246379,3,126,5,3,0,0
05/05/2016 04:00,0,0,0,0,0,0,0,0,29.52,81.35,100.71,3.44,167.9,0,0,0,0,0,26,4.08,167.7,9.67,80.18,0,1,863.27686,93.61,15.85,14.15,93.92,0.001385543,4,126,5,3,0,0
05/05/2016 05:00,0,0.112032235,14.98,9.04,17.22,17.02,0.24,0.08,29.43,81.69,100.8,3.2,165.9,6.62,7.43,0.84,0,0.03,25.98,3.79,165.6,9.67,80.18,0,1,1108.0088,87.57,20.47,10.25,90.35,0.001175575,5,126,5,3,0,0
05/05/2016 06:00,644.7777778,2.648997419,152.55,150.14,110.27,185.3,0.42,0.06,29.64,80.29,100.9,3.12,163.8,71.62,85.2,8.5,0.08,0.38,25.9,3.34,163.6,9.67,80.18,0,1,1279.3191,74.4,14.26,18.05,78.72,0.000882615,6,126,5,3,1,2.718689103
05/05/2016 07:00,3431.666667,2.737007175,364.9,336.1,199.08,418.23,0.54,0.06,30.1,76.71,100.99,2.77,159.5,172.87,195.77,21.1,0.4,1.95,25.58,2.92,159,9.67,80.18,0,1,1094.0623,68.09,18.46,13.69,73.81,0.000834997,7,126,5,3,1,16.98913249
05/05/2016 08:00,6007.25,0.811338026,554.62,284.38,311.18,634.33,0.59,0.06,30.63,72.69,101.04,2.53,153.9,263.15,297.12,33.67,0.9,4.7,25.16,2.67,153.2,9.67,80.18,0,1,1136.7649,50.56,16.35,18.03,61.32,0.000487102,8,126,5,3,1,31.35026356
05/05/2016 09:00,8680.166667,0.74298751,664.92,376.07,271.57,808.4,0.58,0.06,31.13,68.9,101.04,2.35,149.3,315.25,377.73,42.06,1.39,6.95,24.73,2.5,148.4,9.67,80.18,0,1,1115.1235,44.23,11.21,16.41,51.09,0.000362604,9,126,5,3,1,45.73536432
05/05/2016 10:00,8067.909091,0.782336424,838.33,515.76,265.29,921.5,0.66,0.05,31.63,64.99,100.99,2.11,145.6,395.5,429.33,52.6,1.9,10.23,24.22,2.27,144.5,9.67,80.18,0,1,1089.2417,6.43,10.61,8.95,19.12,0.000126954,10,126,5,3,1,60.04394475
05/05/2016 11:00,7460.666667,0.425318753,908.25,527.92,292.25,954.75,0.69,0.05,32.06,61.58,100.9,1.81,144.9,425.17,443.02,56.19,2.09,11.65,23.71,1.99,143.6,9.67,80.18,0,1,976.93823,8.6,19.16,26.58,38.68,0.000144041,11,126,5,3,1,73.92120398
05/05/2016 12:00,9598.583333,0.386822065,793.8,309.52,357.26,918.6,0.62,0.06,32.36,59.07,100.78,1.52,148.2,372.28,425.5,49.41,1.8,9.62,23.29,1.71,146.2,9.67,80.18,0,1,1073.4202,21.19,22.4,17.02,43.43,0.001364877,12,126,5,3,1,83.26770223
05/05/2016 13:00,7522.666667,0.318443641,726.22,392.95,312.88,812.28,0.62,0.05,32.58,57.58,100.68,1.33,155.6,339.45,375.63,44.19,1.46,7.43,23.05,1.53,153.3,9.67,80.18,0,1,2435.962,34.67,6.81,10.69,44.56,0.001650522,13,126,5,3,1,73.92120398
05/05/2016 14:00,1904.583333,0.071811691,462.33,240.05,257.5,649.1,0.48,0.06,32.69,57.12,100.61,1.28,157,216.98,300.05,29.04,0.81,4.35,23.03,1.5,153.4,9.67,80.18,0,1,818.18384,44.83,0.47,7.54,48.21,0.002199933,14,126,5,3,1,60.04394475
05/05/2016 15:00,7549,0.45888264,289.73,127.06,178.52,438.92,0.4,0.06,32.71,57.58,100.58,1.28,155.6,137.08,201.8,18.11,0.38,1.88,23.19,1.51,151.1,9.67,80.18,0,1,689.02686,56.98,6.75,7.15,60.92,0.00329383,15,126,5,3,1,45.73536432
05/05/2016 16:00,3655.416667,0.626328363,143.35,46.16,109.63,208.07,0.35,0.05,32.63,57.82,100.61,1.32,149,67.65,93.43,8.59,0.09,0.45,23.19,1.52,145.5,9.67,80.18,0,1,692.53687,71.74,9.56,10.72,75.75,0.004467119,16,126,5,3,1,31.35026356
05/05/2016 17:00,898.9090909,1.238463149,20.52,4.51,21.73,27.92,0.21,0.06,32.35,59.49,100.66,1.42,142.2,9.32,12.08,1.16,0.01,0.03,23.41,1.6,139.8,9.67,80.18,0,1,623.7009,56.11,11.58,7.43,63.63,0.001873998,17,126,5,3,1,16.98913249
05/05/2016 18:00,175.5,2.376287553,0,0,0,0,0,0,32.03,62.25,100.74,1.62,139,0,0,0,0,0,23.89,1.81,136.8,9.67,80.18,0,1,564.90845,41.14,16.66,10.25,54.6,0.0006959,18,126,5,3,1,2.718689103
05/05/2016 19:00,0,2.73084743,0,0,0,0,0,0,31.77,64.54,100.82,2,139.1,0,0,0,0,0,24.26,2.29,137.7,9.67,80.18,0,1,597.6018,24.62,10.51,5.22,34.24,0.000699543,19,126,5,3,0,0
05/05/2016 20:00,0,2.510010183,0,0,0,0,0,0,31.5,67.05,100.88,2.52,140,0,0,0,0,0,24.66,2.96,138.6,9.67,80.18,0,1,632.9888,27.15,10.43,2.91,34.09,0.000332067,20,126,5,3,0,0
05/05/2016 21:00,0,0.752002532,0,0,0,0,0,0,31.21,69.61,100.92,3.06,141.6,0,0,0,0,0,25.02,3.68,140.3,9.67,80.18,0,1,760.6719,43.83,10.39,3.74,51.53,0.000307646,21,126,5,3,0,0
05/05/2016 22:00,0,2.43178078,0,0,0,0,0,0,30.93,71.79,100.91,3.5,145.1,0,0,0,0,0,25.25,4.24,144.2,9.67,80.18,0,1,797.5781,57.07,11.53,4.29,63.11,0.000273458,22,126,5,3,0,0
05/05/2016 23:00,0,2.145590373,0,0,0,0,0,0,30.65,73.69,100.85,3.8,149.5,0,0,0,0,0,25.43,4.62,149,9.67,80.18,0,1,917.96606,80.15,6.29,0.89,81.27,0.001196353,23,126,5,3,0,0
05/06/2016 00:00,0,0.257460842,0,0,0,0,0,0,30.39,75.36,100.78,4.01,154.3,0,0,0,0,0,25.56,4.83,154,9.67,80.18,0,1,2873.041,89.44,6.22,0.89,90.35,0.003136051,0,127,5,4,0,0
05/06/2016 01:00,0,0.013025553,0,0,0,0,0,0,30.13,76.85,100.72,4.07,158.9,0,0,0,0,0,25.63,4.89,158.6,9.67,80.18,0,1,3403.381,92.64,4.27,2.96,93.5,0.003273981,1,127,5,4,0,0
05/06/2016 02:00,0,0.345401682,0,0,0,0,0,0,29.89,78.19,100.68,4.12,164.5,0,0,0,0,0,25.69,4.9,164.3,9.67,80.18,0,1,6698.496,94.68,4.82,2.97,95.14,0.00265141,2,127,5,4,0,0
05/06/2016 03:00,0,0,0,0,0,0,0,0,29.65,79.5,100.68,4.15,169.3,0,0,0,0,0,25.74,4.93,169.1,9.67,80.18,0,1,2682.1458,92.91,4.87,3.73,93.31,0.004361592,3,127,5,4,0,0
05/06/2016 04:00,0,0.228110707,0,0,0,0,0,0,29.44,80.58,100.72,4.07,173.1,0,0,0,0,0,25.76,4.86,173,9.67,80.18,0,1,691.1775,95.69,10.72,7.84,96.37,0.004652027,4,127,5,4,0,0
05/06/2016 05:00,0,0.487377996,14.5,4.11,18.22,16.77,0.23,0.07,29.31,81.23,100.78,4.02,176.3,6.4,7.25,0.82,0,0.03,25.76,4.72,176.2,9.67,80.18,0,1,906.5967,91.99,9.79,11.3,94.06,0.004915658,5,127,5,4,0,0
05/06/2016 06:00,1045.8,2.559064222,149.5,131.04,108.3,180.27,0.41,0.06,29.58,79.53,100.85,4.06,178,69.87,81.68,8.46,0.08,0.38,25.68,4.34,177.9,9.67,80.18,0,1,3948.8398,92.95,15.03,15.73,94.31,0.006225437,6,127,5,4,1,2.764801122
05/06/2016 07:00,2818.1,2.764377946,338.1,336.61,193.7,411.7,0.5,0.06,30.24,75.31,100.93,3.75,178.5,159.19,191.2,19.68,0.37,1.8,25.4,3.98,178.4,9.67,80.18,0,1,939.72974,89.45,19.03,26.89,92.45,0.004480988,7,127,5,4,1,17.01556324
05/06/2016 08:00,6145.916667,0.855467129,566.4,431.5,215.67,629.72,0.61,0.06,30.96,70.86,100.97,3.4,182,266.98,293.83,33.73,0.88,4.55,25.04,3.6,181.6,9.67,80.18,0,1,3084.0764,88.42,14.81,26.92,92.11,0.003500764,8,127,5,4,1,31.35718208
05/06/2016 09:00,8718.5,0.590268161,730.72,578.63,210.31,803.95,0.64,0.05,31.68,66.38,100.96,2.94,189.4,343.65,374.9,44.81,1.43,7.45,24.61,3.1,188.3,9.67,80.18,0,1,879.08374,66.6,23.75,29.42,83.81,0.002429007,9,127,5,4,1,45.72000355
05/06/2016 10:00,10512.36364,0.217350888,834.58,573.59,262.73,917.3,0.66,0.06,32.29,62.87,100.93,2.5,202.9,392.22,427.18,52.03,1.87,9.88,24.26,2.63,200.7,9.67,80.18,0,1,694.5918,84.33,19.15,18.44,88.77,0.013993613,10,127,5,4,1,59.99694697
05/06/2016 11:00,11604,0.437210891,859.5,531.65,308.17,935.28,0.65,0.06,32.65,61.62,100.85,2.27,221.8,401.8,432.5,52.4,1.92,10.57,24.25,2.37,218.7,9.67,80.18,0,1,1315.1924,77.67,12.89,13.69,83.59,0.007357039,11,127,5,4,1,73.80783409
05/06/2016 12:00,11328.25,0.165333408,826.75,503.28,292.47,903.62,0.64,0.05,32.74,62.49,100.74,2.21,241,386.93,418.67,50.32,1.8,9.62,24.58,2.28,237.4,9.67,80.18,0,1,854.5288,93.81,11.05,4.55,94.42,0.016618297,12,127,5,4,1,82.98165221
05/06/2016 13:00,10060.5,0.427124945,690.3,362.43,310.75,800.12,0.59,0.06,32.66,63.41,100.64,2.27,252.8,323.34,371.22,41.55,1.36,6.8,24.75,2.31,250.2,9.67,80.18,0,1,663.9292,91.7,15.92,8.25,93.63,0.013855096,13,127,5,4,1,73.80783409
05/06/2016 14:00,5814.833333,0.237584508,461.08,173.57,269.25,633.75,0.47,0.06,32.43,64.26,100.58,2.11,257.9,217.5,294.12,28.6,0.79,4.2,24.75,2.13,256.4,9.67,80.18,0,1,711.6382,72.49,10.31,11.24,77.22,0.005482249,14,127,5,4,1,59.99694697
05/06/2016 15:00,900.7,0.63656728,292.2,195.69,162.19,423.58,0.41,0.06,32.22,64.56,100.56,1.6,259.2,138.35,195.72,18.11,0.37,1.83,24.63,1.59,258.1,9.67,80.18,0,1,581.40576,50.31,12.82,13.89,61.36,0.004304342,15,127,5,4,1,45.72000355
05/06/2016 16:00,1411.636364,0.47546236,139.02,84.69,102.45,200.07,0.34,0.06,31.98,64.86,100.59,0.83,247.4,65.5,90.7,8.37,0.09,0.43,24.51,0.8,244.7,9.67,80.18,0,1,552.2732,62.07,14.69,31.32,73.94,0.008192267,16,127,5,4,1,31.35718208
05/06/2016 17:00,1040.2,0.833183958,19.17,6.16,21.71,26.95,0.2,0.06,31.74,65.42,100.66,0.52,160.9,8.93,11.93,1.1,0,0.03,24.43,0.57,156.1,9.67,80.18,0,1,547.51855,80.99,17.67,20.99,85,0.011476021,17,127,5,4,1,17.01556324
05/06/2016 18:00,317,2.524975519,0,0,0,0,0,0,31.54,66.98,100.75,1.42,123.2,0,0,0,0,0,24.63,1.55,122.4,9.67,80.18,0,1,563.24927,90.99,9.98,9.98,91.12,0.010312401,18,127,5,4,1,2.764801122
05/06/2016 19:00,0,2.510563255,0,0,0,0,0,0,31.4,69.2,100.8,2.38,120.3,0,0,0,0,0,25.08,2.63,119.9,9.67,80.18,0,1,460.78003,93.6,6.43,7.9,94.52,0.015556861,19,127,5,4,0,0
05/06/2016 20:00,0,2.547697366,0,0,0,0,0,0,31.19,72.18,100.85,3.21,121.1,0,0,0,0,0,25.6,3.69,120.6,9.67,80.18,0,1,470.4231,98.16,6.17,4.1,98.16,0.028998319,20,127,5,4,0,0
05/06/2016 21:00,0,1.107901771,0,0,0,0,0,0,30.97,73.99,100.87,3.9,124.5,0,0,0,0,0,25.8,4.56,124.2,9.67,80.18,0,1,528.62256,97.72,2.43,6.39,97.72,0.023020204,21,127,5,4,0,0
05/06/2016 22:00,0,2.036424285,0,0,0,0,0,0,30.76,75.39,100.84,4.36,129.1,0,0,0,0,0,25.92,5.14,128.8,9.67,80.18,0,1,838.80566,84.05,12.14,10.9,86.65,0.012016661,22,127,5,4,0,0
05/06/2016 23:00,0,2.064041117,0,0,0,0,0,0,30.5,76.81,100.79,4.43,133.6,0,0,0,0,0,25.99,5.26,133.3,9.67,80.18,0,1,941.80835,86.36,14.59,12.2,90.37,0.0085385,23,127,5,4,0,0
05/07/2016 00:00,0,0.217329782,0,0,0,0,0,0,30.26,77.92,100.71,4.19,138.6,0,0,0,0,0,26,4.99,138.2,9.67,80.18,0,1,647.5354,82.54,5.94,4.73,84.95,0.010760535,0,128,5,5,0,0
05/07/2016 01:00,0,0.307364445,0,0,0,0,0,0,29.99,79.06,100.65,3.8,144.8,0,0,0,0,0,25.97,4.58,144.3,9.67,80.18,0,1,504.72485,88.74,13.08,5.36,90.56,0.016137362,1,128,5,5,0,0
05/07/2016 02:00,0,0,0,0,0,0,0,0,29.75,80.16,100.62,3.35,151.1,0,0,0,0,0,25.99,4.09,150.4,9.67,80.18,0,1,829.2373,78.86,10.6,1.83,84.31,0.006203178,2,128,5,5,0,0
05/07/2016 03:00,0,0,0,0,0,0,0,0,29.56,81.1,100.64,2.98,155.6,0,0,0,0,0,25.99,3.67,154.8,9.67,80.18,0,1,628.7473,44.29,7.43,1.56,50.5,0.002075063,3,128,5,5,0,0
05/07/2016 04:00,0,0.26253492,0,0,0,0,0,0,29.43,81.75,100.69,2.81,158.5,0,0,0,0,0,26.01,3.46,157.7,9.67,80.18,0,1,719.10205,18.28,6.62,0.83,25.08,0.000462625,4,128,5,5,0,0
05/07/2016 05:00,0,0.258229856,14.32,9.05,18.07,16.15,0.23,0.08,29.35,82.07,100.76,2.74,156.1,6.3,7.05,0.81,0,0.03,25.99,3.34,155.4,9.67,80.18,0,1,810.48486,23.07,14.49,12.17,33.54,0.000459027,5,128,5,5,0,0
05/07/2016 06:00,635.2,2.882277869,148.38,125.68,118.39,172.48,0.41,0.06,29.58,80.28,100.83,2.98,149.8,68.45,77.95,8.09,0.07,0.32,25.85,3.28,149.4,9.67,80.18,0,1,2815.639,65.94,17.48,24.63,71.74,0.00125619,6,128,5,5,1,2.810050536
05/07/2016 07:00,3294,3.093339538,362.1,229.31,228.56,405.55,0.54,0.06,29.9,78.61,100.89,3.16,143.2,170.45,188.72,20.66,0.38,1.85,25.81,3.42,142.6,9.67,80.18,0,1,997.76855,71.81,15.87,15.25,74.7,0.000843576,7,128,5,5,1,17.04111488
05/07/2016 08:00,6387.5,0.879301866,580.08,480.69,211.27,621.9,0.62,0.06,30.3,76.15,100.92,3.42,141.4,272.86,290.37,34.24,0.89,4.53,25.66,3.64,141,9.67,80.18,0,1,1023.5127,26.69,15.25,13.68,41.84,0.000191689,8,128,5,5,1,31.36313361
05/07/2016 09:00,8931.75,0.860478703,744.3,504.65,268.04,797.35,0.65,0.05,30.78,73.47,100.9,3.47,144,349.93,372.12,45.47,1.45,7.47,25.51,3.68,143.8,9.67,80.18,0,1,1026.9082,5.31,14.89,9.89,22.57,2.93E-05,9,128,5,5,1,45.70348616
05/07/2016 10:00,10784.27273,0.648635055,874.12,561.34,267.29,909.17,0.69,0.05,31.2,70.94,100.87,3.27,147,410.02,422.97,53.91,1.9,10.3,25.31,3.47,146.8,9.67,80.18,0,1,1051.2273,11.83,10.4,10.82,22.69,0.000189239,10,128,5,5,1,59.94842056
05/07/2016 11:00,11594.4,0.35820147,921.67,609.1,268.99,958.78,0.7,0.05,31.6,68.31,100.8,2.98,149.6,432.08,445.6,57.42,2.11,11.68,25.06,3.17,149.3,9.67,80.18,0,1,2269.9238,37.35,32.66,5.91,60.38,0.007360663,11,128,5,5,1,73.69241273
05/07/2016 12:00,10727.5,0.809917935,800.4,664.62,191.32,924.5,0.62,0.05,31.91,66.1,100.71,2.65,151.6,375.05,429.8,50.42,1.81,9.75,24.79,2.84,151.4,9.67,80.18,0,1,735.3655,61.32,39.14,34.73,74.89,0.02929708,12,128,5,5,1,82.7005473
05/07/2016 13:00,7158.25,0.487829864,736.88,461.88,280.55,816.33,0.63,0.05,32.09,64.49,100.64,2.39,154,346.48,379.22,45.27,1.48,7.6,24.54,2.58,153.5,9.67,80.18,0,1,718.94653,80.86,31.21,33.57,87.59,0.039081585,13,128,5,5,1,73.69241273
05/07/2016 14:00,3763.545455,0.224194142,564.03,327.05,283.63,643.58,0.58,0.06,32.17,63.55,100.6,2.33,153.4,264.02,298.03,33.72,0.91,4.78,24.36,2.53,152.9,9.67,80.18,0,1,1871.7644,97.21,22.35,29.08,98.36,0.061166856,14,128,5,5,1,59.94842056
05/07/2016 15:00,2253.166667,0.623124758,314.2,214.65,178.19,435.02,0.44,0.06,32.11,63.5,100.59,2.36,150.6,147.4,200.7,19.24,0.38,1.9,24.3,2.56,150.2,9.67,80.18,0,1,1562.0828,99.74,6.73,22.18,99.74,0.06221398,15,128,5,5,1,45.70348616
05/07/2016 16:00,2769.272727,0.550771276,159.12,84.18,120.68,211.62,0.38,0.06,31.95,64.8,100.64,2.51,149.5,74.46,96.2,9.41,0.1,0.47,24.49,2.75,149.4,9.67,80.18,0,1,1752.0012,99.35,2.68,13.91,99.61,0.05929786,16,128,5,5,1,31.36313361
05/07/2016 17:00,828.5,1.190171788,23.2,13.85,29.6,29.52,0.24,0.06,31.6,67.92,100.72,2.72,150,10.6,12.95,1.26,0.01,0.03,24.95,3.1,149,9.67,80.18,0,1,1256.4915,97.41,0.95,4.48,97.41,0.048025105,17,128,5,5,1,17.04111488
05/07/2016 18:00,185,2.835703211,0,0,0,0,0,0,31.22,72.21,100.81,2.98,151.8,0,0,0,0,0,25.63,3.61,150.7,9.67,80.18,0,1,1179.5278,98.14,5.51,6.88,98.14,0.040584512,18,128,5,5,1,2.810050536
05/07/2016 19:00,0,2.8334323,0,0,0,0,0,0,31.01,74.01,100.89,3.41,152.8,0,0,0,0,0,25.85,4.16,152.1,9.67,80.18,0,1,1556.2607,92.78,5.36,6.28,92.94,0.043155517,19,128,5,5,0,0
05/07/2016 20:00,0,2.934182382,0,0,0,0,0,0,30.78,75.82,100.96,3.78,156.5,0,0,0,0,0,26.04,4.66,156.1,9.67,80.18,0,1,3041.8652,92.13,8.1,4.02,92.44,0.03880233,20,128,5,5,0,0
05/07/2016 21:00,0,1.17520471,0,0,0,0,0,0,30.53,77.66,100.98,4.06,162.1,0,0,0,0,0,26.2,5.04,161.9,9.67,80.18,0,1,2968.1282,89.39,0.76,1.87,89.71,0.029743243,21,128,5,5,0,0
05/07/2016 22:00,0,2.512805378,0,0,0,0,0,0,30.3,79.27,100.97,4.3,169.3,0,0,0,0,0,26.34,5.33,169.2,9.67,80.18,0,1,740.39136,97.71,1.93,1.8,97.92,0.038291942,22,128,5,5,0,0
05/07/2016 23:00,0,2.42219679,0,0,0,0,0,0,30.06,80.76,100.91,4.51,177.1,0,0,0,0,0,26.42,5.56,177,9.67,80.18,0,1,4707.172,96.2,8.57,5.13,96.66,0.033163846,23,128,5,5,0,0
05/08/2016 00:00,0,0.13017055,0,0,0,0,0,0,29.84,81.94,100.82,4.72,183.5,0,0,0,0,0,26.44,5.8,183.6,9.67,80.18,0,1,2820.247,94.89,18.17,9.08,95.33,0.025890864,0,129,5,6,0,0
05/08/2016 01:00,0,0.042480512,0,0,0,0,0,0,29.64,82.84,100.72,4.89,186.6,0,0,0,0,0,26.44,6,186.8,9.67,80.18,0,1,2707.4429,90.93,20.86,11.78,92.63,0.029289212,1,129,5,6,0,0
05/08/2016 02:00,0,0.019058761,0,0,0,0,0,0,29.51,83.26,100.66,4.87,189.5,0,0,0,0,0,26.4,5.98,189.8,9.67,80.18,0,1,514.8733,94.61,24.82,4.96,96.74,0.029191539,2,129,5,6,0,0
05/08/2016 03:00,0,0.031772726,0,0,0,0,0,0,29.43,83.31,100.67,4.47,196.7,0,0,0,0,0,26.33,5.52,196.5,9.67,80.18,0,1,561.228,92.79,23.56,9.58,95.76,0.021322906,3,129,5,6,0,0
05/08/2016 04:00,0,0.159199955,0,0,0,0,0,0,29.37,83.19,100.74,4.05,208.3,0,0,0,0,0,26.24,5,207.9,9.67,80.18,0,1,657.38257,91.74,19.66,5.4,94.11,0.008821916,4,129,5,6,0,0
05/08/2016 05:00,0,0.265848716,16.5,33.32,17.6,19.1,0.26,0.07,29.41,82.76,100.82,3.77,219.9,7.35,8.4,0.93,0,0.03,26.2,4.61,219.5,9.67,80.18,0,1,775.91284,76.74,18.4,27.09,84.65,0.006066732,5,129,5,6,0,0
05/08/2016 06:00,757.2727273,2.888992479,180.32,294.8,108.35,200.1,0.49,0.06,29.91,79.61,100.9,3.81,229.3,85.53,94.3,9.53,0.08,0.4,26.03,4.21,229.6,9.67,80.18,0,1,838.99756,99.98,19.6,23.69,99.98,0.009899639,6,129,5,6,1,2.854426349
05/08/2016 07:00,2320.416667,3.160141524,411.67,556.42,137.12,435.65,0.61,0.06,30.34,76.23,100.97,3.42,238,197.47,207.62,23.81,0.44,2.15,25.71,3.66,238.5,9.67,80.18,0,1,599.11035,79.14,28.7,17.79,88.96,0.005379543,7,129,5,6,1,17.06580133
05/08/2016 08:00,7054.75,1.026121493,618,522.01,193.29,651.6,0.66,0.06,30.86,72.64,101,2.77,241.6,296.5,309.8,37.96,1.01,5.18,25.38,2.92,241.8,9.67,80.18,0,1,650.03564,72.33,15.61,14.34,78.74,0.005702402,8,129,5,6,1,31.36816081
05/08/2016 09:00,7798.833333,1.08746728,728.47,590.85,208.44,823.08,0.64,0.05,31.3,69.72,100.99,2.1,241.8,349.68,389.88,46.89,1.54,8.02,25.12,2.18,241.8,9.67,80.18,0,1,907.49146,67.15,5.98,15.32,72.71,0.002865107,9,129,5,6,1,45.68589364
05/08/2016 10:00,8197.25,0.5090475,798.15,527.68,271.98,934.17,0.63,0.06,31.67,67.05,100.94,1.41,241.3,381.93,441.27,52.8,1.94,10.3,24.81,1.45,240.6,9.67,80.18,0,1,848.60913,71.69,14.8,20.59,77.96,0.046292417,10,129,5,6,1,59.89851442
05/08/2016 11:00,3592.416667,0.946687726,838.65,462.46,307.98,969,0.64,0.05,32.01,64.76,100.87,0.87,242.5,401.39,456.5,55.15,2.09,11.5,24.55,0.87,239.6,9.67,80.18,0,1,1157.4963,89.16,7.79,20.26,91.66,0.029481772,11,129,5,6,1,73.57526732
05/08/2016 12:00,490.75,0.457373102,601.88,206.24,313.55,938.08,0.47,0.06,32.28,62.88,100.78,0.48,244,290.18,442.43,42.15,1.58,8.27,24.32,0.47,236.3,9.67,80.18,0,1,1986.4438,93.25,4.99,15,95.19,0.020526532,12,129,5,6,1,82.42447081
05/08/2016 13:00,4048.405644,0.213102401,593.2,238.7,286.51,836.85,0.51,0.06,32.43,61.68,100.71,0.05,248.2,288.03,395.78,39.8,1.35,6.7,24.13,0.07,180,9.67,80.18,0,1,696.07007,93.46,5.7,12.68,93.95,0.02860485,13,129,5,6,1,73.57526732
05/08/2016 14:00,5719.802394,0.255498745,409.6,167.42,220.18,674,0.42,0.06,32.42,61.36,100.65,0.46,96.2,201.77,319.9,28,0.81,4.32,24.03,0.54,100.7,9.67,80.18,0,1,725.17114,99.28,1.33,8.48,99.28,0.05520918,14,129,5,6,1,59.89851442
05/08/2016 15:00,3623.659253,0.607262729,204.07,112.5,120.71,463.88,0.29,0.06,32.32,61.79,100.63,1.13,98.1,102.45,220.75,14.41,0.31,1.55,24.05,1.22,99.5,9.67,80.18,0,1,663.7097,98.71,1.62,17.05,98.71,0.03346655,15,129,5,6,1,45.68589364
05/08/2016 16:00,2008.234205,0.67761806,107.62,44.4,82.66,230.8,0.26,0.05,32.13,62.98,100.68,1.74,100.3,53.45,108.95,7.34,0.08,0.4,24.18,1.87,100.5,9.67,80.18,0,1,800.1282,98.8,4.78,11.58,98.8,0.025766153,16,129,5,6,1,31.36816081
05/08/2016 17:00,392.5,1.167256681,14.85,17.12,16.65,32.62,0.15,0.05,31.74,66.29,100.75,2.31,104.3,7.1,14.57,0.99,0,0.03,24.69,2.58,102.7,9.67,80.18,0,1,2047.1372,98.21,4.07,15.48,98.6,0.024856646,17,129,5,6,1,17.06580133
05/08/2016 18:00,222,2.718123143,0,0,0,0,0,0,31.34,69.82,100.81,2.81,108.2,0,0,0,0,0,25.19,3.34,106,9.67,80.18,0,1,2129.4497,99.03,2.55,13.33,99.03,0.024175618,18,129,5,6,1,2.854426349
05/08/2016 19:00,0,2.962437013,0,0,0,0,0,0,31.12,71.48,100.88,3.23,112,0,0,0,0,0,25.38,3.95,109.7,9.67,80.18,0,1,1936.9009,99.22,2.52,7.18,99.22,0.02438977,19,129,5,6,0,0
05/08/2016 20:00,0,2.621928084,0,0,0,0,0,0,30.91,73.05,100.93,3.36,114.4,0,0,0,0,0,25.55,4.17,112.4,9.67,80.18,0,1,1882.4712,99.71,2.5,11.29,99.71,0.036437918,20,129,5,6,0,0
05/08/2016 21:00,0,0.842688854,0,0,0,0,0,0,30.72,74.41,100.96,3.26,117.4,0,0,0,0,0,25.67,4.07,115.6,9.67,80.18,0,1,1801.7224,99.69,4.82,15.22,99.69,0.03763093,21,129,5,6,0,0
05/08/2016 22:00,0,2.293976171,0,0,0,0,0,0,30.51,75.69,100.94,3.05,122.5,0,0,0,0,0,25.75,3.82,120.7,9.67,80.18,0,1,429.60986,100,11.3,14.65,100,0.060601745,22,129,5,6,0,0
05/08/2016 23:00,0,2.242728792,0,0,0,0,0,0,30.28,76.98,100.89,2.83,128,0,0,0,0,0,25.82,3.53,126.3,9.67,80.18,0,1,511.05444,99.61,19.41,38.48,99.62,0.08259857,23,129,5,6,0,0
05/09/2016 00:00,0,0.174525976,0,0,0,0,0,0,30.05,78.18,100.82,2.64,133.6,0,0,0,0,0,25.85,3.28,131.9,9.67,80.18,0,1,426.93677,99.07,13.4,38.11,99.3,0.07949716,0,130,5,0,0,0
05/09/2016 01:00,0,0,0,0,0,0,0,0,29.83,79.27,100.76,2.44,137.8,0,0,0,0,0,25.87,3.02,136.2,9.67,80.18,0,1,384.53613,99.98,11.9,75.85,99.98,0.085498035,1,130,5,0,0,0
05/09/2016 02:00,0,0.168644758,0,0,0,0,0,0,29.63,80.32,100.73,2.47,140.3,0,0,0,0,0,25.9,3.03,139,9.67,80.18,0,1,483.7754,100,10.88,78.19,100,0.090043664,2,130,5,0,0,0
05/09/2016 03:00,0,0.199139373,0,0,0,0,0,0,29.47,81.03,100.74,2.53,137.2,0,0,0,0,0,25.89,3.12,136.4,9.67,80.18,0,1,430.15918,99.99,19.73,59.94,99.99,0.07706559,3,130,5,0,0,0
05/09/2016 04:00,0,0.016695494,0,0,0,0,0,0,29.34,81.6,100.79,2.65,134.8,0,0,0,0,0,25.9,3.25,134.3,9.67,80.18,0,1,520.7627,99.55,15.24,56.87,99.79,0.048184525,4,130,5,0,0,0
05/09/2016 05:00,0,0.194597984,14.5,6.08,18.78,19.12,0.22,0.07,29.25,82.11,100.85,2.78,131.9,6.47,8.42,0.82,0,0.03,25.9,3.4,131.7,9.67,80.18,0,1,645.21045,99.77,17,43.42,99.77,0.038883302,5,130,5,0,0,0
05/09/2016 06:00,735.2222222,2.708636609,112.4,18.17,109.16,197.18,0.31,0.05,29.51,80.25,100.9,3.28,127.3,54.97,92.5,7.29,0.07,0.32,25.76,3.53,127.3,9.67,80.18,0,1,734.72046,99.56,15.35,48.87,99.77,0.029591762,6,130,5,0,1,2.897917931
05/09/2016 07:00,2427.090909,2.671798666,249.57,26.11,209.47,428.1,0.37,0.06,29.85,78.03,100.97,3.41,123,123,203.2,16.9,0.34,1.67,25.62,3.61,123.1,9.67,80.18,0,1,915.24365,99.53,13.17,43.94,99.53,0.027186155,7,130,5,0,1,17.08963687
05/09/2016 08:00,4759,0.874974274,414.02,78.33,265.63,642.72,0.44,0.06,30.23,75.69,100.98,3.32,120,202.91,304.87,27.91,0.78,4.15,25.47,3.5,120,9.67,80.18,0,1,1119.9172,100,16.24,47.39,100,0.04631542,8,130,5,0,1,31.37230657
05/09/2016 09:00,7321.75,0.751617432,632.78,145.12,422.2,812.8,0.56,0.05,30.69,72.35,100.97,3.1,115.8,302.21,384.33,41.14,1.37,6.82,25.14,3.28,116,9.67,80.18,0,1,845.77734,100,22.81,44.25,100,0.04978536,9,130,5,0,1,45.66730767
05/09/2016 10:00,7036.166667,0.636738779,637.85,185,331.36,923,0.5,0.06,31.12,68.89,100.92,2.74,110.5,309.3,435.23,43.5,1.6,8.32,24.74,2.92,111,9.67,80.18,0,1,826.9563,99.98,8.72,35.85,100,0.045748085,10,130,5,0,1,59.84737684
05/09/2016 11:00,5059.75,0.546725748,660.35,107.72,382.17,959.12,0.5,0.06,31.47,66.15,100.85,2.46,103.4,321.17,450.88,44.94,1.7,9.23,24.38,2.65,104.7,9.67,80.18,0,1,1107.2974,100,6.08,30.61,100,0.058059543,11,130,5,0,1,73.45671693
05/09/2016 12:00,4291.909091,0.097139115,617.75,58.78,431.88,928.6,0.48,0.06,31.71,64.44,100.75,2.39,98.4,298.35,437,41.78,1.55,8.1,24.18,2.58,100,9.67,80.18,0,1,918.8235,99.31,4.16,35.64,99.31,0.09015924,12,130,5,0,1,82.15350454
05/09/2016 13:00,5031.666667,0.168053118,590.83,132.81,305.82,827.08,0.51,0.06,31.8,63.69,100.67,2.36,97.5,285.3,390.11,39.85,1.35,6.65,24.06,2.57,99.6,9.67,80.18,0,1,766.67285,96.78,2.77,50.16,98.4,0.07735896,13,130,5,0,1,73.45671693
05/09/2016 14:00,6956.5,0.477336843,468.88,228.93,234.81,660.78,0.48,0.06,31.76,63.8,100.61,2.48,97.9,225.17,312.27,30.97,0.88,4.72,24.06,2.71,99.6,9.67,80.18,0,1,741.02637,99.65,7.81,49.61,99.65,0.061220117,14,130,5,0,1,59.84737684
05/09/2016 15:00,4803.818182,0.522123353,293.67,219.49,155.63,451.9,0.41,0.06,31.59,64.81,100.58,2.71,99.4,141.2,213.72,19.34,0.41,2.03,24.16,2.95,100.7,9.67,80.18,0,1,790.40234,100,8.31,79.92,100,0.08627272,15,130,5,0,1,45.66730767
05/09/2016 16:00,1912.25,0.673860567,136.38,123.43,112.32,224.6,0.33,0.05,31.34,66.68,100.61,3.03,101.2,66.07,105.42,8.77,0.09,0.47,24.39,3.35,101.9,9.67,80.18,0,1,771.2908,100,2.46,66.5,100,0.079261005,16,130,5,0,1,31.37230657
05/09/2016 17:00,1128.545455,1.448298011,21.45,21.95,27.15,31.85,0.22,0.06,30.91,70.68,100.68,3.19,103.4,10.05,14.25,1.23,0.01,0.03,24.97,3.74,103.1,9.67,80.18,0,1,954.38525,100,3.89,64.45,100,0.07183343,17,130,5,0,1,17.08963687
05/09/2016 18:00,124.3333333,2.485129247,0,0,0,0,0,0,30.54,74.35,100.78,3.29,106.6,0,0,0,0,0,25.47,4.04,106.1,9.67,80.18,0,1,1017.34155,99.99,7.41,61.93,100,0.07268548,18,130,5,0,1,2.897917931
05/09/2016 19:00,0,2.850737561,0,0,0,0,0,0,30.36,76.61,100.86,3.31,112.2,0,0,0,0,0,25.8,4.09,111.4,9.67,80.18,0,1,719.5769,99.3,5.36,50.59,99.56,0.09497523,19,130,5,0,0,0
05/09/2016 20:00,0,2.652137754,0,0,0,0,0,0,30.2,78.61,100.92,3.2,117.5,0,0,0,0,0,26.09,3.98,116.6,9.67,80.18,0,1,857.3899,99.19,11.04,44.89,99.19,0.07305503,20,130,5,0,0,0
05/09/2016 21:00,0,1.013637492,0,0,0,0,0,0,30.05,80.24,100.94,3,123.6,0,0,0,0,0,26.3,3.71,122.6,9.67,80.18,0,1,817.14355,99.33,5.54,31.04,99.34,0.047555357,21,130,5,0,0,0
05/09/2016 22:00,0,2.222180046,0,0,0,0,0,0,29.94,81.02,100.92,2.77,130.8,0,0,0,0,0,26.35,3.41,130,9.67,80.18,0,1,801.68604,86.77,1.18,12.54,87.03,0.065292954,22,130,5,0,0,0
05/09/2016 23:00,0,2.146601825,0,0,0,0,0,0,29.83,81.33,100.84,2.64,137.9,0,0,0,0,0,26.31,3.26,137.4,9.67,80.18,0,1,769.2124,99.04,2.43,51.58,99.09,0.06967229,23,130,5,0,0,0
05/10/2016 00:00,0,0.032656375,0,0,0,0,0,0,29.7,81.72,100.76,2.77,146.8,0,0,0,0,0,26.27,3.46,146.3,9.67,80.18,0,1,554.2654,95.74,11.38,56.12,96.21,0.077411175,0,131,5,1,0,0
05/10/2016 01:00,0,0.109707325,0,0,0,0,0,0,29.6,82.43,100.69,3.11,152.4,0,0,0,0,0,26.32,3.89,152.2,9.67,80.18,0,1,453.42383,97.73,13.2,46.05,97.74,0.053168714,1,131,5,1,0,0
05/10/2016 02:00,0,0.07397899,0,0,0,0,0,0,29.45,83.24,100.66,3.29,159,0,0,0,0,0,26.33,4.1,158.8,9.67,80.18,0,1,407.90625,82.53,17.42,26.58,86.75,0.041662842,2,131,5,1,0,0
05/10/2016 03:00,0,0.155519408,0,0,0,0,0,0,29.3,83.67,100.68,3.22,166.2,0,0,0,0,0,26.28,4.02,166.2,9.67,80.18,0,1,445.44873,61.66,15.53,19.42,68.45,0.032216195,3,131,5,1,0,0
05/10/2016 04:00,0,0.476482169,0,0,0,0,0,0,29.16,83.98,100.75,3.12,172.1,0,0,0,0,0,26.2,3.91,171.9,9.67,80.18,0,1,495.66235,68.94,13.03,23.96,75.55,0.027652957,4,131,5,1,0,0
05/10/2016 05:00,0,0,17.02,29.5,20.07,19.55,0.26,0.07,29.08,83.89,100.83,2.97,177.5,7.55,8.57,0.94,0,0.03,26.1,3.69,177.2,9.67,80.18,0,1,530.29785,71.26,18.2,12.6,75.63,0.017505966,5,131,5,1,0,0
05/10/2016 06:00,996.9,2.804374004,182.88,217.28,115.35,198.52,0.5,0.07,29.42,81.43,100.9,2.99,179.8,86.28,93.05,9.6,0.08,0.4,25.93,3.27,179.8,9.67,80.18,0,1,645.31445,57.39,17.95,13.69,62.7,0.009172101,6,131,5,1,1,2.940515016
05/10/2016 07:00,3916,2.618062932,413.38,461,149.8,430.5,0.62,0.06,29.85,77.73,100.98,2.69,181.1,197.5,204.5,23.75,0.43,2.12,25.56,2.87,180.8,9.67,80.18,0,1,791.75244,84.71,17.76,11.35,88.05,0.017941196,7,131,5,1,1,17.11263601
05/10/2016 08:00,6916.666667,0.773679399,601.75,554.96,201.13,643.9,0.64,0.06,30.42,73.01,101.02,2.57,177.1,288.38,305.57,36.95,0.98,5.05,25.01,2.73,176.2,9.67,80.18,0,1,933.3281,96.34,35.02,16.76,98.27,0.24566728,8,131,5,1,1,31.37561401
05/10/2016 09:00,9397.75,0.869032619,742.2,529.15,234.38,812.83,0.65,0.05,31.03,68.05,101.03,2.58,168.8,355.41,384.48,47.2,1.53,7.97,24.36,2.74,167.1,9.67,80.18,0,1,623.3235,99.53,11.75,24.64,99.53,0.17090052,9,131,5,1,1,45.64780992
05/10/2016 10:00,10893.08333,0.50144267,786.65,515.37,210.88,920.92,0.62,0.05,31.54,63.69,101,2.67,157.8,374.55,434.35,51.2,1.86,9.95,23.69,2.86,155.9,9.67,80.18,0,1,683.48413,100,22.57,18.15,100,0.16300207,10,131,5,1,1,59.79515534
05/10/2016 11:00,11611.25,0.234214167,674.08,278.78,298.33,926.25,0.51,0.06,31.99,60.07,100.93,2.77,145.2,320.99,432.12,44.11,1.63,8.93,23.13,3.02,143.4,9.67,80.18,0,1,1056.1624,100,9.79,7.82,100,0.06702745,11,131,5,1,1,73.33707197
05/10/2016 12:00,5431.333333,0.204735731,440.2,136.16,218.83,892.97,0.34,0.06,32.31,57.11,100.84,2.97,128.8,214.7,416.73,31.17,1.15,5.97,22.61,3.28,127.8,9.67,80.18,0,1,668.2754,99.84,4.51,3.28,99.84,0.048639335,12,131,5,1,1,81.88772879
05/10/2016 13:00,3363.166667,0.411101486,145.15,45.78,78.47,788.25,0.13,0.06,32.47,55.21,100.75,3.44,113.1,75.75,367.7,10.92,0.36,1.77,22.25,3.79,113.1,9.67,80.18,0,1,677.0332,99.84,7.22,11.82,99.84,0.040191073,13,131,5,1,1,73.33707197
05/10/2016 14:00,421.8333333,0.242034679,82.7,13.84,61.16,623.42,0.09,0.05,32.43,54.85,100.69,4.12,101.1,45.44,290.22,6.92,0.2,1.08,22.14,4.54,101.3,9.67,80.18,0,1,660.1902,100,12.28,11.66,100,0.026496593,14,131,5,1,1,59.79515534
05/10/2016 15:00,652.25,0.439272442,59.35,0,49.84,424.38,0.08,0.05,32.16,56.25,100.68,4.94,93.4,32.38,197.25,4.96,0.11,0.55,22.33,5.43,93.9,9.67,80.18,0,1,626.88696,100,5.25,14.61,100,0.024560768,15,131,5,1,1,45.64780992
05/10/2016 16:00,880.4166667,0.591791095,24.7,0,24.76,205.05,0.06,0.05,31.71,58.97,100.71,5.61,92,13.55,93.8,2.08,0.02,0.12,22.69,6.23,92.3,9.67,80.18,0,1,685.10596,100,9.29,28.02,100,0.030824311,16,131,5,1,1,31.37561401
05/10/2016 17:00,344.1666667,0.77412458,7.12,4.43,8.17,28.75,0.07,0.06,31.04,63.41,100.77,5.86,93.3,3.55,12.8,0.52,0,0,23.28,6.75,93.3,9.67,80.18,0,1,1184.3574,100,9.34,17.31,100,0.040745612,17,131,5,1,1,17.11263601
05/10/2016 18:00,85,2.710670889,0,0,0,0,0,0,30.41,68.25,100.84,5.86,94.9,0,0,0,0,0,23.92,6.94,94.8,9.67,80.18,0,1,2134.5308,100,13.11,21.39,100,0.053624257,18,131,5,1,1,2.940515016
05/10/2016 19:00,0,2.778625859,0,0,0,0,0,0,30.01,71.63,100.9,5.65,95.5,0,0,0,0,0,24.34,6.69,95.6,9.67,80.18,0,1,504.13574,100,13.84,11,100,0.058324464,19,131,5,1,0,0
05/10/2016 20:00,0,2.223885753,0,0,0,0,0,0,29.72,73.97,100.94,5.33,96.8,0,0,0,0,0,24.6,6.38,97,9.67,80.18,0,1,460.1516,100,16.34,24.22,100,0.054530784,20,131,5,1,0,0
05/10/2016 21:00,0,0.946802808,0,0,0,0,0,0,29.52,75.49,100.97,5.02,98.9,0,0,0,0,0,24.76,6.08,99.3,9.67,80.18,0,1,433.30273,100,14.61,38.63,100,0.08728033,21,131,5,1,0,0
05/10/2016 22:00,0,2.172368196,0,0,0,0,0,0,29.39,76.4,100.96,4.71,100.9,0,0,0,0,0,24.83,5.73,101.2,9.67,80.18,0,1,611.1633,96.68,13.7,29.58,97.38,0.051987834,22,131,5,1,0,0
05/10/2016 23:00,0,2.160037292,0,0,0,0,0,0,29.26,77.06,100.91,4.34,102.8,0,0,0,0,0,24.84,5.26,103,9.67,80.18,0,1,410.85376,94.72,9.86,19.66,95.24,0.07717478,23,131,5,1,0,0
05/11/2016 00:00,0,0.029825144,0,0,0,0,0,0,29.13,77.54,100.83,3.92,104,0,0,0,0,0,24.82,4.74,103.9,9.67,80.18,0,1,387.85938,94.54,6.78,43.47,96.13,0.11631256,0,132,5,2,0,0
05/11/2016 01:00,0,0.127256637,0,0,0,0,0,0,28.98,78.23,100.75,3.57,104.4,0,0,0,0,0,24.83,4.29,104.5,9.67,80.18,0,1,685.729,93,8.95,65.05,94.78,0.100105464,1,132,5,2,0,0
05/11/2016 02:00,0,0.216341921,0,0,0,0,0,0,28.86,78.74,100.71,3.32,105.2,0,0,0,0,0,24.82,3.96,105.4,9.67,80.18,0,1,477.89282,84.54,6.47,63.65,91.42,0.039938737,2,132,5,2,0,0
05/11/2016 03:00,0,0.268202309,0,0,0,0,0,0,28.76,78.96,100.71,3.1,107.4,0,0,0,0,0,24.77,3.69,107.8,9.67,80.18,0,1,1147.3804,67.06,1.57,27.76,76.74,0.010518387,3,132,5,2,0,0
05/11/2016 04:00,0,0,0,0,0,0,0,0,28.68,79.15,100.74,2.86,109.2,0,0,0,0,0,24.73,3.39,110,9.67,80.18,0,1,583.5205,72.61,2.32,44.33,80.49,0.013205905,4,132,5,2,0,0
05/11/2016 05:00,0,0.124415447,14.98,22.04,21.11,18.4,0.23,0.08,28.66,79.36,100.79,2.67,110.9,6.72,8.12,0.87,0,0.03,24.75,3.17,111.6,9.67,80.18,0,1,609.75977,90.54,7.62,54.47,92.62,0.018967956,5,132,5,2,0,0
05/11/2016 06:00,497.6,2.627914035,123.5,56,100.51,189.75,0.34,0.06,29.04,76.39,100.87,2.69,112.5,60.15,88.53,7.79,0.07,0.35,24.48,2.94,112.4,9.67,80.18,0,1,656.02954,94.98,12.29,77.35,97.94,0.018902294,6,132,5,2,1,2.982207698
05/11/2016 07:00,1317.166667,2.729816244,258.25,40.76,215.38,421.12,0.38,0.06,29.48,73.65,100.95,2.47,113.4,126.75,199.9,17.12,0.34,1.65,24.3,2.63,112.9,9.67,80.18,0,1,677.6758,84.79,11.27,66.67,91,0.013592456,7,132,5,2,1,17.13481353
05/11/2016 08:00,2435.75,1.050061599,472.98,231.61,233.1,635.62,0.51,0.06,29.87,70.97,101.01,2.23,118.1,229.76,301.82,30.74,0.83,4.38,24.06,2.33,117.7,9.67,80.18,0,1,628.0962,89.77,8.73,63.34,93.55,0.018768188,8,132,5,2,1,31.37812638
05/11/2016 09:00,4201.727273,0.68642815,671.9,524.48,191.72,805.9,0.59,0.05,30.29,68.43,101.01,1.94,120.7,322.35,381.67,43.16,1.4,7.28,23.84,2.03,119.9,9.67,80.18,0,1,576.4197,95.73,20.95,68.86,98,0.06351322,9,132,5,2,1,45.62748195
05/11/2016 10:00,8984.416667,0.261003604,729.17,429.22,341.56,917.55,0.58,0.06,30.62,65.72,100.97,1.56,116.7,350.05,433.75,48.34,1.77,9.15,23.49,1.66,115.3,9.67,80.18,0,1,616.833,91.74,29.7,70.58,97.61,0.19783884,10,132,5,2,1,59.74199635
05/11/2016 11:00,7089.545455,0.544568788,574.78,193.54,272.53,958.97,0.44,0.06,30.88,63.21,100.9,1.17,103.8,280.27,452.77,41.48,1.6,8.6,23.08,1.3,102,9.67,80.18,0,1,2296.6758,99.87,3.26,63.15,100,0.24545616,11,132,5,2,1,73.21663379
05/11/2016 12:00,2800.416667,0.625748249,301.4,33.82,206.39,927.42,0.24,0.06,31.07,61.13,100.79,0.95,79,155.28,438.13,23.36,0.86,4.45,22.71,1.1,79,9.67,80.18,0,1,5205.785,100,0.13,35.3,100,0.18680906,12,132,5,2,1,81.62722231
05/11/2016 13:00,772.0833333,0.442648164,416.48,10.13,308.64,827.28,0.36,0.06,31.14,59.82,100.7,0.92,60.6,205.83,391.75,31.87,1.12,5.45,22.42,1.07,62.7,9.67,80.18,0,1,5550.1523,99.84,0,35.28,99.84,0.18128884,13,132,5,2,1,73.21663379
05/11/2016 14:00,590.75,0.128086235,312.55,26.35,204.06,667.22,0.32,0.06,31.12,59.04,100.63,0.82,50.5,157.65,317.18,22.83,0.67,3.55,22.2,0.96,54.3,9.67,80.18,0,1,5653.1367,100,0,17.02,100,0.23327196,14,132,5,2,1,59.74199635
05/11/2016 15:00,1219.666667,0.341011682,169,17.25,140.03,461.52,0.24,0.06,31.01,58.9,100.61,0.59,40.2,86.45,220.1,12.74,0.28,1.4,22.04,0.71,46.1,9.67,80.18,0,1,5690.6133,100,0,41.87,100,0.2905637,15,132,5,2,1,45.62748195
05/11/2016 16:00,1272.25,0.776383357,98.12,38.52,82.98,231.88,0.24,0.05,30.85,59.5,100.64,0.26,2.2,49.33,109.79,7.02,0.08,0.38,22.07,0.33,21.2,9.67,80.18,0,1,5417.1797,100,0,68.75,100,0.34537905,16,132,5,2,1,31.37812638
05/11/2016 17:00,467.9166667,0.767892077,14.27,0,17.7,34.28,0.14,0.05,30.64,60.75,100.69,0.45,289.7,6.88,15.25,0.98,0,0.03,22.2,0.4,301.7,9.67,80.18,0,1,5288.4805,100,0,37.16,100,0.44482774,17,132,5,2,1,17.13481353
05/11/2016 18:00,48,2.46496429,0,0,0,0,0,0,30.47,63.6,100.76,0.88,274.5,0,0,0,0,0,22.77,0.85,280.1,9.67,80.18,0,1,5446.324,100,0,72.13,100,0.50746816,18,132,5,2,1,2.982207698
05/11/2016 19:00,0,2.798853645,0,0,0,0,0,0,30.5,63.56,100.81,1.27,268.6,0,0,0,0,0,22.81,1.28,270.4,9.67,80.18,0,1,3460.2698,100,1.14,55.84,100,0.41082805,19,132,5,2,0,0
05/11/2016 20:00,0,2.381753745,0,0,0,0,0,0,30.43,65.19,100.84,1.55,267.4,0,0,0,0,0,23.17,1.64,268.3,9.67,80.18,0,1,368.3025,100,6.29,66.86,100,0.32027924,20,132,5,2,0,0
05/11/2016 21:00,0,0.91144323,0,0,0,0,0,0,30.29,67.99,100.83,1.67,267.9,0,0,0,0,0,23.74,1.83,268.1,9.67,80.18,0,1,342.55225,100,11.16,78.78,100,0.2443912,21,132,5,2,0,0
05/11/2016 22:00,0,1.80156782,0,0,0,0,0,0,30.22,67.93,100.79,1.69,267.3,0,0,0,0,0,23.66,1.85,266.9,9.67,80.18,0,1,305.50122,100,20.48,89.87,100,0.21899772,22,132,5,2,0,0
05/11/2016 23:00,0,1.890244277,0,0,0,0,0,0,30.15,67.45,100.7,1.6,267.9,0,0,0,0,0,23.47,1.74,267.4,9.67,80.18,0,1,304.885,100,16.43,90.48,100,0.22889346,23,132,5,2,0,0
05/12/2016 00:00,0,0.107443328,0,0,0,0,0,0,30.08,67.25,100.61,1.42,270.4,0,0,0,0,0,23.36,1.52,269.6,9.67,80.18,0,1,304.89502,100,11.88,69.65,100,0.19588202,0,133,5,3,0,0
05/12/2016 01:00,0,0,0,0,0,0,0,0,30.01,67.16,100.52,1.17,274.9,0,0,0,0,0,23.26,1.24,274.2,9.67,80.18,0,1,311.698,100,13.05,64.65,100,0.1620512,1,133,5,3,0,0
05/12/2016 02:00,0,0.378409125,0,0,0,0,0,0,29.92,66.92,100.48,0.81,279.2,0,0,0,0,0,23.11,0.82,279.1,9.67,80.18,0,1,378.14722,99.54,8.89,42.46,99.76,0.10285658,2,133,5,3,0,0
05/12/2016 03:00,0,0,0,0,0,0,0,0,29.8,66.41,100.49,0.38,291.8,0,0,0,0,0,22.88,0.31,296.6,9.67,80.18,0,1,371.91553,98.9,7.3,40.76,98.91,0.08032131,3,133,5,3,0,0
05/12/2016 04:00,0,0.080493605,0,0,0,0,0,0,29.61,68.08,100.54,0.15,42.3,0,0,0,0,0,23.1,0.26,67.4,9.67,80.18,0,1,974.65674,97.7,7.66,48.52,97.92,0.056833763,4,133,5,3,0,0
05/12/2016 05:00,0,0.191293958,8.1,5.9,10.46,20.95,0.12,0.05,29.55,68.6,100.61,0.52,84.5,3.83,9.2,0.56,0,0,23.17,0.75,88.5,9.67,80.18,0,1,1592.2827,99.54,3.65,70.05,99.54,0.047565095,5,133,5,3,0,0
05/12/2016 06:00,361.3333333,2.903666678,65.75,0,64.33,203.4,0.18,0.05,29.85,67.52,100.69,0.98,93.5,33.65,96.92,4.97,0.05,0.22,23.2,1.16,93,9.67,80.18,0,1,1635.9106,96.71,8.13,30.79,97.31,0.057813942,6,133,5,3,1,3.022986423
05/12/2016 07:00,973.1666667,2.610245466,136.6,0.43,116,436.12,0.2,0.05,30.25,65.82,100.78,1.3,96.6,70.81,209.7,10.69,0.22,1.1,23.16,1.44,94.8,9.67,80.18,0,1,3667.867,97.75,8.89,26.94,98.34,0.0962432,7,133,5,3,1,17.15618441
05/12/2016 08:00,2140.833333,0.953869399,280.77,19.43,209.35,648.9,0.3,0.06,30.66,63.97,100.83,1.53,108.7,143.07,310.82,21.16,0.6,3.17,23.09,1.62,107.2,9.67,80.18,0,1,3888.8228,99.41,5.45,73.84,99.78,0.13787991,8,133,5,3,1,31.37988695
05/12/2016 09:00,4197.727273,0.624868364,456.88,3.24,328.55,816.83,0.4,0.06,31.09,62.42,100.83,1.73,122,228.95,389.47,33.13,1.11,5.5,23.08,1.83,120.5,9.67,80.18,0,1,4088.9055,100,0,69,100,0.15153468,9,133,5,3,1,45.6064051
05/12/2016 10:00,6449.272727,0.295125978,531.85,4.04,376.25,925.65,0.42,0.06,31.47,61.03,100.79,1.98,128.8,265.49,439.91,38.52,1.41,7.22,23.06,2.09,127.4,9.67,80.18,0,1,5667.242,99.17,0,57.14,99.3,0.09273666,10,133,5,3,1,59.68804503
05/12/2016 11:00,6314,0.463382423,584.1,38.91,410.39,967.2,0.44,0.06,31.84,59.39,100.73,2.27,127.7,290.17,458.98,41.92,1.59,8.52,22.96,2.43,126.3,9.67,80.18,0,1,5803.8477,99.64,0,17.18,99.77,0.0679608,11,133,5,3,1,73.09569458
05/12/2016 12:00,9447.25,0.375843148,582.42,59.88,364.22,937.38,0.46,0.06,32.14,57.65,100.64,2.59,120.6,288.17,445.08,41.37,1.53,7.93,22.75,2.8,119.9,9.67,80.18,0,1,5635.953,98.43,0,18.21,98.43,0.04295177,12,133,5,3,1,81.37206229
05/12/2016 13:00,6716.166667,0.228247207,495.5,30.81,362.91,837.33,0.43,0.06,32.37,56.23,100.56,2.97,115.3,242.8,398.39,35.3,1.2,5.88,22.55,3.24,115,9.67,80.18,0,1,6192.992,91.47,0,18.63,92.58,0.031910036,13,133,5,3,1,73.09569458
05/12/2016 14:00,5895.166667,0.396893748,452.5,29.79,341.83,675.9,0.47,0.06,32.48,54.91,100.49,3.01,115.2,221.77,322.67,31.21,0.89,4.78,22.24,3.3,114.9,9.67,80.18,0,1,5882.3984,88.39,0.67,3.12,88.6,0.032949887,14,133,5,3,1,59.68804503
05/12/2016 15:00,6053.666667,0.389137077,295.45,111.61,187.1,467.52,0.42,0.06,32.5,53.86,100.45,2.72,119.3,144.95,223.78,19.87,0.42,2.08,21.96,2.99,119.1,9.67,80.18,0,1,4344.004,91.97,20.98,9.71,92.45,0.0255946,15,133,5,3,1,45.6064051
05/12/2016 16:00,3029.666667,0.627148054,139.8,68.15,107.57,235.48,0.34,0.06,32.36,53.57,100.46,2.31,128.2,68.9,111.88,9.2,0.1,0.47,21.76,2.57,127.4,9.67,80.18,0,1,744.6765,95.65,24.1,67.76,99.43,0.025617067,16,133,5,3,1,31.37988695
05/12/2016 17:00,576.9166667,0.96873133,22.38,20.47,25.13,34.6,0.22,0.07,31.91,56.18,100.51,1.78,146.7,10.55,15.4,1.41,0.01,0.03,22.1,2.13,143.4,9.67,80.18,0,1,819.5303,99.36,18.51,90.79,100,0.028363906,17,133,5,3,1,17.15618441
05/12/2016 18:00,138,2.631793169,0,0,0,0,0,0,31.37,61.32,100.58,1.67,172.1,0,0,0,0,0,23.06,2.05,166.2,9.67,80.18,0,1,872.8445,90.33,11.99,90.9,98.64,0.01985164,18,133,5,3,1,3.022986423
05/12/2016 19:00,0,2.509564022,0,0,0,0,0,0,31.14,63.21,100.64,2.06,191.2,0,0,0,0,0,23.34,2.43,187.1,9.67,80.18,0,1,600.3733,71.77,15.13,92.95,97.45,0.013169169,19,133,5,3,0,0
05/12/2016 20:00,0,2.821623548,0,0,0,0,0,0,30.87,64.96,100.68,2.63,196.6,0,0,0,0,0,23.53,3.1,194,9.67,80.18,0,1,662.7158,75.23,8.66,94.39,97.6,0.01344277,20,133,5,3,0,0
05/12/2016 21:00,0,0.639387379,0,0,0,0,0,0,30.59,67.07,100.7,3.22,197.7,0,0,0,0,0,23.79,3.87,195.9,9.67,80.18,0,1,682.28906,68.87,14.46,92.33,96.08,0.008532919,21,133,5,3,0,0
05/12/2016 22:00,0,2.245680893,0,0,0,0,0,0,30.35,69.26,100.69,3.73,201.7,0,0,0,0,0,24.09,4.52,200.4,9.67,80.18,0,1,629.2866,72.35,11.93,80.41,94.56,0.010511298,22,133,5,3,0,0
05/12/2016 23:00,0,2.122070598,0,0,0,0,0,0,30.1,71.74,100.63,4.14,207.9,0,0,0,0,0,24.43,5.09,207,9.67,80.18,0,1,913.25024,86.76,6.6,56.03,92.67,0.006284129,23,133,5,3,0,0
5/13/2016 0:00,0,0.184142581,0,0,0,0,0,0,29.88,74.23,100.54,4.47,213.6,0,0,0,0,0,24.8,5.52,212.8,9.67,80.18,0,1,1241.876,87.03,3.25,27.8,90.77,0.002894356,0,134,5,4,0,0
5/13/2016 1:00,0,0.054236944,0,0,0,0,0,0,29.67,76.79,100.47,4.68,217.7,0,0,0,0,0,25.17,5.78,217,9.67,80.18,0,1,3154.746,87.8,1.68,2.76,88.63,0.002920124,1,134,5,4,0,0
5/13/2016 2:00,0,0.113832427,0,0,0,0,0,0,29.47,78.95,100.43,4.47,219.6,0,0,0,0,0,25.45,5.53,218.8,9.67,80.18,0,1,3954.925,87.94,1.26,0.68,88.2,0.003114226,2,134,5,4,0,0
5/13/2016 3:00,0,0.072881116,0,0,0,0,0,0,29.28,80.33,100.45,4.05,220,0,0,0,0,0,25.56,5,219.5,9.67,80.18,0,1,3075.1501,86.55,0.21,0,86.55,0.003759875,3,134,5,4,0,0
5/13/2016 4:00,0,0.059028816,0,0,0,0,0,0,29.14,81.11,100.5,3.54,220,0,0,0,0,0,25.59,4.34,219.3,9.67,80.18,0,1,3016.6372,89.6,0.83,0.04,89.6,0.004354373,4,134,5,4,0,0
5/13/2016 5:00,0,0.294630301,19.12,36.84,21.74,20.12,0.29,0.08,29.1,81.19,100.57,2.98,218.6,8.47,8.78,1.04,0,0.03,25.56,3.63,217.8,9.67,80.18,0,1,2809.7776,76.28,6.65,5.55,78.23,0.004073594,5,134,5,4,0,0
5/13/2016 6:00,2077.4,2.77212138,179.45,246.45,106.9,200.23,0.49,0.07,29.54,78.11,100.65,2.67,213.9,84.78,93.73,9.54,0.08,0.38,25.35,2.86,214.5,9.67,80.18,0,1,1773.415,79.68,5.36,18.08,82.91,0.003536342,6,134,5,4,1,3.06284199
5/13/2016 7:00,3867.5,2.759956491,401.58,533.82,183.93,432.33,0.6,0.06,29.94,74.9,100.73,2.01,209.9,191.95,205.1,23.31,0.42,2.08,25.02,2.08,211,9.67,80.18,0,1,1942.4739,66.65,6.15,36.32,78.58,0.002822143,7,134,5,4,1,17.17676383
5/13/2016 8:00,6460.583333,0.99011253,597.35,584.03,210.44,646.5,0.64,0.06,30.36,72.35,100.78,1.69,205.7,285.62,306.31,36.68,0.96,4.97,24.84,1.71,206,9.67,80.18,0,1,1988.8943,43.67,7.39,56.3,76.01,0.001722332,8,134,5,4,1,31.380939
5/13/2016 9:00,7648.818182,0.71389334,741.95,565.44,243.04,816.17,0.65,0.05,30.82,69.76,100.78,1.61,203.1,354.3,385.43,47.15,1.52,7.85,24.67,1.64,201.9,9.67,80.18,0,1,1114.4917,4.58,7.95,41.74,45.94,0.000196515,9,134,5,4,1,45.58466031
5/13/2016 10:00,11069,0.634322396,753.92,498.1,260.55,926.15,0.6,0.06,31.34,66.9,100.73,1.5,204.3,360.2,436.2,49.99,1.81,9.5,24.45,1.53,202.2,9.67,80.18,0,1,1451.1401,0.31,3.66,5.04,6.55,0,10,134,5,4,1,59.63344503
5/13/2016 11:00,11035,0.531626015,778.12,516.58,226.41,954.78,0.59,0.06,31.75,64.29,100.63,1.36,211.5,369.17,447.52,50.85,1.89,10.32,24.17,1.38,208,9.67,80.18,0,1,3696.9045,1.79,0,16.97,18.03,2.93E-05,11,134,5,4,1,72.97453712
5/13/2016 12:00,11447.90909,0.206872948,833.47,452.04,314.12,922.67,0.65,0.05,32.1,62.17,100.53,1.22,223.7,395.46,432.85,53.29,1.91,10.23,23.93,1.23,218.7,9.67,80.18,0,1,4270.293,5.48,0,34.86,37.8,0.000697041,12,134,5,4,1,81.12232435
5/13/2016 13:00,1023.9,0.211212389,683.8,457.23,254.56,820.92,0.59,0.05,32.34,61.08,100.43,1.14,232.1,325.22,385.7,43.95,1.45,7.4,23.85,1.14,226.1,9.67,80.18,0,1,4852.746,21.58,0.43,90.12,93.5,0.004796058,13,134,5,4,1,72.97453712
5/13/2016 14:00,1375.8,0.46487234,547.38,430.24,207.22,658.03,0.57,0.06,32.41,60.52,100.38,1.02,235.4,260.43,309.6,34.08,0.93,4.82,23.76,1.01,228.6,9.67,80.18,0,1,4010.4666,28.53,0.44,85.31,89.16,0.005801942,14,134,5,4,1,59.63344503
5/13/2016 15:00,2864.818182,0.518329737,370.3,355.86,184.65,448.62,0.52,0.06,32.3,60.43,100.36,0.85,229.8,175.52,210.75,22.07,0.43,2.15,23.63,0.86,222.2,9.67,80.18,0,1,5534.121,38.11,0,51.82,67.63,0.001101202,15,134,5,4,1,45.58466031
5/13/2016 16:00,2969.6,0.605967346,174.35,165.72,102.18,219.52,0.42,0.06,32.05,61.4,100.39,0.81,208.2,82.37,101.43,9.9,0.1,0.5,23.67,0.85,202.1,9.67,80.18,0,1,3912.4849,48.12,0,26.24,63.16,0.001211019,16,134,5,4,1,31.380939
5/13/2016 17:00,591.3333333,0.889765778,22.38,23.2,25.93,31.25,0.22,0.07,31.73,63.47,100.45,0.96,185.4,10.31,13.81,1.33,0.01,0.03,23.93,1.02,182.2,9.67,80.18,0,1,4693.961,68.03,0,58.52,83.41,0.002193757,17,134,5,4,1,17.17676383
5/13/2016 18:00,257.5,2.5905327,0,0,0,0,0,0,31.37,66.21,100.53,1.24,167.9,0,0,0,0,0,24.28,1.35,164.5,9.67,80.18,0,1,5292.1523,84.74,0,78.31,95.22,0.00378926,18,134,5,4,1,3.06284199
5/13/2016 19:00,0,2.602461613,0,0,0,0,0,0,31.14,68.36,100.62,1.7,155.7,0,0,0,0,0,24.61,1.89,153.6,9.67,80.18,0,1,3815.4138,87.71,0.03,83.33,96.43,0.004703511,19,134,5,4,0,0
5/13/2016 20:00,0,2.593645249,0,0,0,0,0,0,30.9,71,100.68,2.19,152.9,0,0,0,0,0,25.03,2.51,150.9,9.67,80.18,0,1,4232.3047,84.83,0.02,79.83,96.96,0.005127076,20,134,5,4,0,0
5/13/2016 21:00,0,0.890934806,0,0,0,0,0,0,30.64,73.8,100.7,2.67,153.7,0,0,0,0,0,25.44,3.13,151.6,9.67,80.18,0,1,2424.1055,90.89,3.85,76,96.92,0.006604016,21,134,5,4,0,0
5/13/2016 22:00,0,2.236208327,0,0,0,0,0,0,30.39,75.76,100.68,3.08,155.4,0,0,0,0,0,25.65,3.65,154,9.67,80.18,0,1,618.021,95.34,4.53,88.98,99.43,0.01047248,22,134,5,4,0,0
5/13/2016 23:00,0,2.195449172,0,0,0,0,0,0,30.16,77.35,100.62,3.34,157.8,0,0,0,0,0,25.78,3.99,156.8,9.67,80.18,0,1,670.88184,97.41,4,93.63,99.5,0.018016282,23,134,5,4,0,0
5/14/2016 0:00,0,0.31488432,0,0,0,0,0,0,29.93,78.77,100.56,3.47,159.6,0,0,0,0,0,25.85,4.17,159.1,9.67,80.18,0,1,684.1758,99.71,6.65,93,100,0.020183101,0,135,5,5,0,0
5/14/2016 1:00,0,0.312830412,0,0,0,0,0,0,29.78,79.64,100.51,3.48,160.2,0,0,0,0,0,25.9,4.22,159.8,9.67,80.18,0,1,787.7927,97.86,4.27,80.34,99.59,0.018266708,1,135,5,5,0,0
5/14/2016 2:00,0,0.397695094,0,0,0,0,0,0,29.62,80.47,100.49,3.32,157.7,0,0,0,0,0,25.91,4.04,157.4,9.67,80.18,0,1,582.6394,99.84,14.73,45.48,99.84,0.014950011,2,135,5,5,0,0
5/14/2016 3:00,0,0.176123163,0,0,0,0,0,0,29.43,81.19,100.52,3.07,153.7,0,0,0,0,0,25.89,3.71,153.4,9.67,80.18,0,1,577.5237,99.78,16.81,21.51,99.78,0.016311035,3,135,5,5,0,0
5/14/2016 4:00,0,0.290136888,0,0,0,0,0,0,29.26,81.66,100.59,2.78,150.7,0,0,0,0,0,25.82,3.31,150.7,9.67,80.18,0,1,663.3225,99.79,10.32,16.89,99.79,0.025471698,4,135,5,5,0,0
5/14/2016 5:00,0,0.153478984,15.57,5.8,18.96,20.38,0.23,0.07,29.22,81.6,100.66,2.44,149.2,7.05,8.95,0.91,0,0.03,25.77,2.9,149.3,9.67,80.18,0,1,724.05566,99.79,14.44,19.85,100,0.030902464,5,135,5,5,0,0
5/14/2016 6:00,1123.333333,2.903777402,138.85,89.53,119.11,201.32,0.38,0.06,29.64,78.23,100.74,2.28,147.7,67.23,94.85,8.42,0.07,0.35,25.47,2.44,148.1,9.67,80.18,0,1,822.0703,99.84,16.34,24.79,99.84,0.032520402,6,135,5,5,1,3.101765541
5/14/2016 7:00,2549.666667,2.991665099,334.9,168.19,227.17,433.1,0.5,0.06,29.97,75.55,100.82,1.98,144.2,162.2,206.38,20.81,0.39,1.92,25.2,2.08,144.2,9.67,80.18,0,1,763.2864,100,25.56,26.67,100,0.03566495,7,135,5,5,1,17.19656707
5/14/2016 8:00,3822.6,0.983588428,400.92,92.87,240.42,646.85,0.43,0.06,30.33,73.2,100.87,1.96,141.8,197.52,307.67,27.55,0.75,3.97,25.02,2.03,141.6,9.67,80.18,0,1,763.2261,100,15.77,18.66,100,0.034043197,8,135,5,5,1,31.3813257
5/14/2016 9:00,2787.5,0.836855638,341.85,3.02,245.68,817.08,0.3,0.06,30.63,71.39,100.89,2.01,138.2,175.4,387.12,26.14,0.87,4.32,24.88,2.09,137.9,9.67,80.18,0,1,794.36255,100,16.17,40.94,100,0.09390193,9,135,5,5,1,45.56232805
5/14/2016 10:00,4436.363636,0.372188965,366.27,0,259.74,927.92,0.29,0.06,30.76,70.27,100.86,1.95,133.8,187.7,438.08,28.27,1.03,5.2,24.72,2.02,133.4,9.67,80.18,0,1,523.8345,100,21.74,50.97,100,0.117170334,10,135,5,5,1,59.57833831
5/14/2016 11:00,2462.454545,0.813101738,372,0,265.87,969.65,0.28,0.06,30.9,68.86,100.8,1.85,129.5,190.98,456.67,28.88,1.08,5.7,24.52,1.94,128.7,9.67,80.18,0,1,499.99658,100,8.89,29.64,100,0.096746445,11,135,5,5,1,72.85343474
5/14/2016 12:00,3978.6,0.185105576,334.85,0,236.8,939.35,0.26,0.06,31.06,66.91,100.71,1.79,125.9,175.73,442.55,26.85,0.98,5,24.18,1.89,125.3,9.67,80.18,0,1,601.6626,100,2.86,6.2,100,0.10159016,12,135,5,5,1,80.87808248
5/14/2016 13:00,5400.833333,0.15019439,293.92,4.22,218.51,840.25,0.25,0.06,31.29,64.88,100.63,1.99,125.2,151.47,396.77,23,0.78,3.85,23.89,2.12,124.4,9.67,80.18,0,1,2105.9521,100,3.03,7.93,100,0.091124535,13,135,5,5,1,72.85343474
5/14/2016 14:00,5034.7,0.675577497,139.82,4.91,106.32,680.08,0.14,0.06,31.41,64,100.58,2.54,125.7,74.33,322.33,11.67,0.34,1.83,23.77,2.73,125.1,9.67,80.18,0,1,602.8447,100,1.36,2.64,100,0.067882895,14,135,5,5,1,59.57833831
5/14/2016 15:00,1005.5,0.632021203,68.4,66.82,36.92,472.67,0.1,0.05,31.4,64.17,100.57,3.23,128.7,36.45,224.71,5.49,0.12,0.57,23.81,3.49,128,9.67,80.18,0,1,564.5354,100,2.11,2.46,100,0.051183145,15,135,5,5,1,45.56232805
5/14/2016 16:00,407.3333333,0.804158944,56.35,97.74,33.95,242.18,0.14,0.05,31.24,65.23,100.61,3.69,130.2,28.83,114.65,4.07,0.04,0.22,23.93,4.05,129.2,9.67,80.18,0,1,822.64136,100,3.32,2.37,100,0.03139969,16,135,5,5,1,31.3813257
5/14/2016 17:00,173.6,1.147359449,7.22,0,8.96,37.05,0.07,0.05,30.88,67.9,100.68,3.64,131.7,3.65,16.38,0.56,0,0,24.28,4.29,129.9,9.67,80.18,0,1,1354.3867,99.08,6.88,13.93,99.08,0.024033915,17,135,5,5,1,17.19656707
5/14/2016 18:00,61,2.629568454,0,0,0,0,0,0,30.51,71,100.76,3.49,134,0,0,0,0,0,24.67,4.38,131.9,9.67,80.18,0,1,1465.1504,100,6.31,22.91,100,0.023616105,18,135,5,5,1,3.101765541
5/14/2016 19:00,0,2.820223621,0,0,0,0,0,0,30.36,72.13,100.82,3.48,136.9,0,0,0,0,0,24.8,4.36,135,9.67,80.18,0,1,561.1372,100,6.56,45.74,100,0.10058415,19,135,5,5,0,0
5/14/2016 20:00,0,2.781076286,0,0,0,0,0,0,30.18,73.35,100.87,3.37,135.4,0,0,0,0,0,24.9,4.18,133.7,9.67,80.18,0,1,471.2461,100,19.42,79.59,100,0.16878366,20,135,5,5,0,0
5/14/2016 21:00,0,0.987189605,0,0,0,0,0,0,29.96,74.2,100.86,3.27,127.5,0,0,0,0,0,24.9,4.08,125.7,9.67,80.18,0,1,508.7434,100,13.41,93.48,100,0.1789428,21,135,5,5,0,0
5/14/2016 22:00,0,2.539208154,0,0,0,0,0,0,29.72,75.05,100.82,3.3,119.6,0,0,0,0,0,24.84,4.19,117.6,9.67,80.18,0,1,518.88257,100,7.42,96.07,100,0.17857772,22,135,5,5,0,0
5/14/2016 23:00,0,2.069632602,0,0,0,0,0,0,29.47,76.08,100.75,3.56,116.5,0,0,0,0,0,24.84,4.52,114.5,9.67,80.18,0,1,1409.8723,100,15.5,97.21,100,0.2284233,23,135,5,5,0,0
5/15/2016 0:00,0,0.030101734,0,0,0,0,0,0,29.2,76.99,100.67,3.87,116,0,0,0,0,0,24.77,4.83,114.2,9.67,80.18,0,1,1334.053,100,9.02,97.27,100,0.24235314,0,136,5,6,0,0
5/15/2016 1:00,0,0.117060942,0,0,0,0,0,0,28.92,77.56,100.62,3.97,116.2,0,0,0,0,0,24.63,4.89,114.5,9.67,80.18,0,1,1470.0815,100,6.26,88.11,100,0.22963232,1,136,5,6,0,0
5/15/2016 2:00,0,0.243730676,0,0,0,0,0,0,28.66,77.79,100.59,3.8,113.1,0,0,0,0,0,24.42,4.62,111.3,9.67,80.18,0,1,5106.3164,100,8.39,88.57,100,0.20100766,2,136,5,6,0,0
5/15/2016 3:00,0,0.075257515,0,0,0,0,0,0,28.41,77.68,100.6,3.44,104.1,0,0,0,0,0,24.16,4.14,102.1,9.67,80.18,0,1,5444.074,100,3.06,72.15,100,0.19062573,3,136,5,6,0,0
5/15/2016 4:00,0,0.030666982,0,0,0,0,0,0,28.18,77.56,100.65,3.1,89.8,0,0,0,0,0,23.91,3.7,87.4,9.67,80.18,0,1,5711.8125,100,1.16,47.53,100,0.29941016,4,136,5,6,0,0
5/15/2016 5:00,0,0.249036044,1.9,0,2.32,21.8,0.03,0.05,28.13,77.25,100.71,2.87,72.4,1.02,9.59,0.16,0,0,23.8,3.47,69.9,9.67,80.18,0,1,4291.508,100,0.26,11.7,100,0.37897938,5,136,5,6,0,0
5/15/2016 6:00,306,2.875582705,11.95,0,11.69,208.55,0.03,0.04,28.57,74.18,100.78,3.27,52.1,7,99.72,1.14,0.01,0.05,23.54,3.67,50.8,9.67,80.18,0,1,3182.0852,100,0,6.34,100,0.4388073,6,136,5,6,1,3.139748561
5/15/2016 7:00,586,2.888848935,22.1,0,18.77,439.88,0.03,0.05,29.06,72.54,100.84,3.88,40.7,13.35,211.47,2.19,0.05,0.22,23.64,4.3,40.3,9.67,80.18,0,1,661.0642,100,5.15,27.29,100,0.28190196,7,136,5,6,1,17.21560955
5/15/2016 8:00,520.5,0.824237807,63.97,0,48.45,650.97,0.07,0.05,29.57,71.19,100.88,4.43,36.5,36.33,311.65,5.91,0.18,0.95,23.81,4.84,36.7,9.67,80.18,0,1,576.83154,100,22.28,37.08,100,0.17223436,8,136,5,6,1,31.38109009
5/15/2016 9:00,1064.25,0.745567273,97.3,27.34,55.07,818.5,0.09,0.05,30,70.2,100.88,4.94,35.5,54.2,390.01,8.66,0.31,1.52,24,5.4,36,9.67,80.18,0,1,511.58325,100,21.14,51.74,100,0.28289896,9,136,5,6,1,45.53948814
5/15/2016 10:00,548.4545455,0.235763503,176.5,28.45,107.85,927.2,0.14,0.06,30.25,69.5,100.82,5.58,34.1,95.88,440.23,15.21,0.58,3.05,24.07,6.13,34.7,9.67,80.18,0,1,462.82202,100,16.48,93.43,100,0.4694934,10,136,5,6,1,59.52286488
5/15/2016 11:00,3319.75,0.182580153,177,0,126.48,968.78,0.14,0.06,30.3,69.2,100.73,6.35,30.7,96.22,459.38,15.42,0.61,3.35,24.04,7,31.3,9.67,80.18,0,1,406.00024,100,18.39,91,100,0.5553283,11,136,5,6,1,72.73265129
5/15/2016 12:00,3042.636364,0.234520985,69.28,18.86,45.21,937.85,0.05,0.05,30.25,69.35,100.61,7.19,26.4,40.75,444.75,6.61,0.25,1.3,24.02,7.97,27,9.67,80.18,0,1,451.30957,100,19.91,94.04,100,0.507901,12,136,5,6,1,80.63940907
5/15/2016 13:00,308.8333333,0.310083894,59.2,49.13,25.58,836.6,0.05,0.05,30.17,70.01,100.52,8.02,24.6,34.08,397.52,5.28,0.18,0.9,24.09,8.95,25.1,9.67,80.18,0,1,598.61475,100,21.67,70.18,100,0.5400072,13,136,5,6,1,72.73265129
5/15/2016 14:00,133.1428571,0.468876791,39.05,11.05,28.18,672.97,0.04,0.05,29.97,71.24,100.48,8.56,26.4,23.33,320.67,3.77,0.12,0.6,24.2,9.64,26.8,9.67,80.18,0,1,433.0874,100,41.5,84.5,100,0.42183083,14,136,5,6,1,59.52286488
5/15/2016 15:00,103.6,0.739027045,24.38,22.33,16.62,461.73,0.03,0.05,29.6,73.88,100.49,8.68,25.5,14.38,220.12,2.25,0.05,0.25,24.46,9.83,25.9,9.67,80.18,0,1,486.271,100,56.99,71.31,100,0.60241973,15,136,5,6,1,45.53948814
5/15/2016 16:00,72.6,0.839162983,11.1,17.73,10.25,227.95,0.03,0.05,29.36,76.11,100.5,8.91,20.3,6.55,107.18,1.02,0.01,0.05,24.73,10.24,20.8,9.67,80.18,0,1,347.4419,100,87.92,82.9,100,0.6930022,16,136,5,6,1,31.38109009
5/15/2016 17:00,203.4170303,1.011509093,1.75,3.6,2.14,33.4,0.02,0.05,29.24,77.54,100.51,9.14,14.2,1,14.9,0.16,0,0,24.93,10.71,14.8,9.67,80.18,0,1,321.77832,100,92.09,90.77,100,0.7631163,17,136,5,6,1,17.21560955
5/15/2016 18:00,0,2.626719704,0,0,0,0,0,0,29.23,78.49,100.53,9.59,10.8,0,0,0,0,0,25.12,11.36,11.4,9.67,80.18,0,1,351.87744,100,96.67,88.63,100,0.8248803,18,136,5,6,1,3.139748561
5/15/2016 19:00,0,2.802063685,0,0,0,0,0,0,29.2,79.37,100.53,10.41,11.9,0,0,0,0,0,25.29,12.3,12.5,9.67,80.18,0,1,323.30737,100,76.6,96.86,100,0.7974609,19,136,5,6,0,0
5/15/2016 20:00,0,2.764806484,0,0,0,0,0,0,29.05,80.76,100.53,10.94,13.6,0,0,0,0,0,25.44,12.94,14.4,9.67,80.18,0,1,390.33276,98.83,52.03,87.44,99.71,0.539521,20,136,5,6,0,0
5/15/2016 21:00,0,1.054206385,0,0,0,0,0,0,28.93,81.89,100.5,11.21,15.2,0,0,0,0,0,25.54,13.3,16.1,9.67,80.18,0,1,486.05908,100,67.26,82.39,100,0.57107085,21,136,5,6,0,0
5/15/2016 22:00,0,2.426668952,0,0,0,0,0,0,28.89,82.95,100.44,11.34,17.4,0,0,0,0,0,25.71,13.43,18.5,9.67,80.18,0,1,284.2827,100,79.51,81.56,100,0.8040949,22,136,5,6,0,0
5/15/2016 23:00,0,1.952302662,0,0,0,0,0,0,28.8,84.66,100.35,11.32,19.7,0,0,0,0,0,25.98,13.37,21.1,9.67,80.18,0,1,369.73657,100,88.93,90.75,100,0.90970445,23,136,5,6,0,0
5/16/2016 0:00,0,0.218406061,0,0,0,0,0,0,28.77,86.07,100.25,11.51,21.9,0,0,0,0,0,26.24,13.57,23.3,9.67,80.18,0,1,380.75,99.29,61.88,93.38,100,0.7233134,0,137,5,0,0,0
5/16/2016 1:00,0,0.364081219,0,0,0,0,0,0,28.89,86.75,100.18,11.83,24.5,0,0,0,0,0,26.48,14.01,26,9.67,80.18,0,1,277.81323,100,53.75,95.75,100,0.9398272,1,137,5,0,0,0
5/16/2016 2:00,0,0.128115729,0,0,0,0,0,0,29.05,86.3,100.14,12.04,24.3,0,0,0,0,0,26.55,14.29,25.4,9.67,80.18,0,1,343.5669,100,51.81,94.96,100,0.9631183,2,137,5,0,0,0
5/16/2016 3:00,0,0.20149606,0,0,0,0,0,0,29.09,85.65,100.11,11.86,16.9,0,0,0,0,0,26.46,14.12,17.8,9.67,80.18,0,1,288.89844,100,59.21,98.6,100,0.563514,3,137,5,0,0,0
5/16/2016 4:00,0,0.242958199,0,0,0,0,0,0,29.12,85.15,100.1,12.06,6.5,0,0,0,0,0,26.39,14.38,7.5,9.67,80.18,0,1,291.4292,100,44.24,85.71,100,0.26791048,4,137,5,0,0,0
5/16/2016 5:00,0,0.114824557,0.93,0,1.13,20.17,0.01,0.05,29.19,85.01,100.11,13.13,359.5,0.52,9.03,0.09,0,0,26.44,15.62,0.5,9.67,80.18,0,1,297.39453,100,16.05,79.75,100,0.3730144,5,137,5,0,0,0
5/16/2016 6:00,156.2357854,2.724470005,8.35,0,8.17,197.8,0.02,0.04,29.29,85.66,100.14,13.87,359.6,5.1,94.22,0.82,0.01,0.05,26.66,16.46,0.9,9.67,80.18,0,1,262.4253,100,47.54,63.49,100,0.6857036,6,137,5,0,1,3.176782866
5/16/2016 7:00,60.16666667,2.807781019,22.48,8.41,18.27,428.5,0.03,0.05,29.45,85.56,100.18,14.02,8.4,13.5,206.55,2.16,0.04,0.22,26.8,16.67,9.9,9.67,80.18,0,1,226.4798,100,70.03,35.92,100,0.81378186,7,137,5,0,1,17.23390674
5/16/2016 8:00,106.1,0.763156929,65.35,34.58,40.93,639.47,0.07,0.05,29.61,84.9,100.25,13.28,17.3,36.68,307.6,5.75,0.17,0.9,26.82,15.74,18.6,9.67,80.18,0,1,209.4646,100,96.48,52.97,100,0.6615026,8,137,5,0,1,31.38027494
5/16/2016 9:00,428.8333333,0.467858386,168,6.64,124.02,806.8,0.15,0.06,29.76,83.91,100.25,12.57,21.4,91.62,386.68,14.47,0.51,2.55,26.77,14.79,22.7,9.67,80.18,0,1,205.48586,100,85.68,80.38,100,0.4649744,9,137,5,0,1,45.51621972
5/16/2016 10:00,1790,0.420558973,142.5,13.49,98.04,915.12,0.11,0.06,29.97,82.69,100.17,12.71,21.6,78.57,437.58,12.56,0.48,2.47,26.72,14.82,22.8,9.67,80.18,0,1,205.28682,100,93.72,97.84,100,0.44130892,10,137,5,0,1,59.46716269
5/16/2016 11:00,1712.333333,0.430853979,156.25,0,111.67,960.47,0.12,0.06,30.09,82.24,100.09,12.95,23,86.2,459.52,13.9,0.55,2.97,26.75,15.03,24,9.67,80.18,0,1,227.98918,100,89.01,88.34,100,0.63511366,11,137,5,0,1,72.61244112
5/16/2016 12:00,265.7272727,0.49873845,96.8,0,68.46,930.42,0.08,0.05,29.91,83.74,100.02,13.01,22.1,56.28,445.6,9.21,0.35,1.83,26.87,15.06,23,9.67,80.18,0,1,246.86436,100,84.52,77.99,100,0.51668113,12,137,5,0,1,80.40637483
5/16/2016 13:00,189.4,0.427006578,91.55,0,68.36,832.35,0.08,0.05,29.61,85.28,99.94,13.11,20.4,52.05,399.95,8.49,0.3,1.48,26.89,15.23,21.3,9.67,80.18,0,1,286.0144,100,62.45,79.58,100,0.36316222,13,137,5,0,1,72.61244112
5/16/2016 14:00,322,0.658735087,70.43,0,53.91,673.72,0.07,0.05,29.37,86.22,99.87,13.08,20.4,39.97,325.3,6.51,0.2,1.08,26.84,15.28,21.3,9.67,80.18,0,1,256.86084,99.77,28.15,88.03,100,0.4600668,14,137,5,0,1,59.46716269
5/16/2016 15:00,93,0.292737268,39.72,16.3,31.57,469.58,0.06,0.05,29.27,86.74,99.85,12.59,20.9,22.7,228.05,3.65,0.09,0.43,26.85,14.79,22,9.67,80.18,0,1,247.27872,100,41.73,93.76,100,0.60082066,15,137,5,0,1,45.51621972
5/16/2016 16:00,17.5,0.70064123,18.35,22.77,17.29,241,0.04,0.05,29.21,87.26,99.89,11.72,20.6,10.45,117.01,1.65,0.02,0.1,26.9,13.81,21.7,9.67,80.18,0,1,228.7589,100,30.76,100,100,0.4759369,16,137,5,0,1,31.38027494
5/16/2016 17:00,13,0.889086516,2.83,7.16,3.44,37.62,0.03,0.04,29.13,87.81,99.96,10.99,16.7,1.55,17.07,0.25,0,0,26.92,13.02,17.9,9.67,80.18,0,1,223.06201,100,49.77,98.96,100,0.37204427,17,137,5,0,1,17.23390674
5/16/2016 18:00,0,2.714784172,0,0,0,0,0,0,29.08,88.37,100.05,10.63,10.6,0,0,0,0,0,26.98,12.59,11.6,9.67,80.18,0,1,222.71686,100,6.06,99.84,100,0.59531105,18,137,5,0,1,3.176782866
5/16/2016 19:00,0,2.571307121,0,0,0,0,0,0,29.09,88.54,100.12,10.63,5.8,0,0,0,0,0,27.02,12.57,6.9,9.67,80.18,0,1,2252.9895,100,8.21,83.7,100,0.955564,19,137,5,0,0,0
5/16/2016 20:00,0,2.394289985,0,0,0,0,0,0,29.09,88.5,100.16,10.69,2.3,0,0,0,0,0,27.02,12.62,3.3,9.67,80.18,0,1,302.08594,100,20.19,63.44,100,1.3948736,20,137,5,0,0,0
5/16/2016 21:00,0,0.833837307,0,0,0,0,0,0,29.11,88.26,100.18,10.76,358.6,0,0,0,0,0,27,12.7,359.5,9.67,80.18,0,1,296.6731,100,56.81,27.98,100,1.2416897,21,137,5,0,0,0
5/16/2016 22:00,0,1.96218999,0,0,0,0,0,0,29.09,88.27,100.16,10.76,354.1,0,0,0,0,0,26.98,12.71,355.2,9.67,80.18,0,1,253.96013,100,34.56,19.7,100,0.9252849,22,137,5,0,0,0
5/16/2016 23:00,0,1.961922716,0,0,0,0,0,0,29.05,88.31,100.11,10.77,348.4,0,0,0,0,0,26.94,12.7,349.5,9.67,80.18,0,1,280.85498,100,49.17,22.42,100,0.4886396,23,137,5,0,0,0
5/17/2016 0:00,0,0.03462468,0,0,0,0,0,0,29,88.21,100.02,10.83,342.5,0,0,0,0,0,26.88,12.77,343.7,9.67,80.18,0,1,281.30933,100,76.38,43.29,100,0.25450087,0,138,5,1,0,0
5/17/2016 1:00,0,0.165369107,0,0,0,0,0,0,28.93,88.39,99.95,10.81,337.2,0,0,0,0,0,26.84,12.72,338.3,9.67,80.18,0,1,489.53467,100,51.85,48.59,100,0.14945817,1,138,5,1,0,0
5/17/2016 2:00,0,0.192877422,0,0,0,0,0,0,28.87,88.31,99.91,10.64,333.2,0,0,0,0,0,26.75,12.5,334.4,9.67,80.18,0,1,426.6958,100,44.91,62.85,100,0.14402413,2,138,5,1,0,0
5/17/2016 3:00,0,0.413449558,0,0,0,0,0,0,28.82,87.86,99.92,10.39,328.8,0,0,0,0,0,26.61,12.21,330.1,9.67,80.18,0,1,461.8452,100,21.79,83.18,100,0.16510719,3,138,5,1,0,0
5/17/2016 4:00,0,0.280373427,0,0,0,0,0,0,28.69,87.49,99.96,10.27,322.7,0,0,0,0,0,26.4,12.03,324,9.67,80.18,0,1,265.78418,100,58.11,73.77,100,0.17086345,4,138,5,1,0,0
5/17/2016 5:00,0,0.089570099,1.17,5.69,1.4,20.85,0.02,0.04,28.52,87.16,100.01,10.39,315.4,0.65,9.2,0.1,0,0,26.17,12.13,316.6,9.67,80.18,0,1,228.37836,100,68.26,58.13,100,0.14278084,5,138,5,1,0,0
5/17/2016 6:00,41,2.56131279,16.42,32.43,12.93,194.93,0.04,0.05,28.39,86.51,100.09,10.69,308.7,9.13,92.12,1.39,0.01,0.08,25.91,12.37,309.8,9.67,80.18,0,1,244.55464,100,78.33,55.2,100,0.115350485,6,138,5,1,1,3.212860602
5/17/2016 7:00,266.8333333,2.880386771,51.4,15.31,42.16,416.3,0.08,0.05,28.24,85.9,100.17,11.04,303.4,28.35,198.52,4.47,0.09,0.45,25.64,12.63,304.3,9.67,80.18,0,1,331.8103,100,81.25,82.73,100,0.12523335,7,138,5,1,1,17.25147417
5/17/2016 8:00,1041,0.569328134,105.35,2.93,79.29,622.4,0.11,0.05,28.01,85.76,100.25,11.11,296.4,57.28,296.47,9.04,0.26,1.38,25.39,12.56,297.2,9.67,80.18,0,1,414.73438,100,97.8,71.31,100,0.12829053,8,138,5,1,1,31.37892275
5/17/2016 9:00,2805.363636,0.885305364,149.27,0,111.52,789.9,0.13,0.06,27.64,85.63,100.29,11.4,286,80.9,375.57,12.77,0.43,2.15,25.01,12.88,286.7,9.67,80.18,0,1,497.50732,100,93.6,78.46,100,0.10946244,9,138,5,1,1,45.49260104
5/17/2016 10:00,3580.5,0.613008625,193.23,10.01,134.77,895.12,0.15,0.06,27.2,85.34,100.3,12.04,276.8,104.38,424.42,16.33,0.59,3.03,24.54,13.57,277.5,9.67,80.18,0,1,587.09375,100,97.16,88.1,100,0.08740252,10,138,5,1,1,59.4113674
5/17/2016 11:00,3377.375,0.296304214,298.77,0,213.53,928.55,0.23,0.06,26.92,85.26,100.27,12.57,270.4,156.6,438.98,23.78,0.88,4.65,24.25,14.21,271.1,9.67,80.18,0,1,757.6631,100,100,97.37,100,0.09060949,11,138,5,1,1,72.49304917
5/17/2016 12:00,3339.1,0.043990795,398.12,0.09,281.53,890.88,0.31,0.06,26.98,84.47,100.21,12.71,266.9,202.88,420.6,29.7,1.07,5.47,24.17,14.41,267.5,9.67,80.18,0,1,857.08716,100,92.56,87.37,100,0.127204,12,138,5,1,1,80.17904881
5/17/2016 13:00,4353.5,0.524097269,367.15,2.93,273.49,786.25,0.32,0.06,27.39,82.23,100.14,12.17,265.4,185.85,371,26.9,0.9,4.4,24.11,13.8,266,9.67,80.18,0,1,1065.7212,100,95.11,48.4,100,0.10337961,13,138,5,1,1,72.49304917
5/17/2016 14:00,5284.583333,0.363258298,321.58,0.37,246.19,620.8,0.33,0.06,27.97,78.94,100.07,10.99,265.1,161.15,292.17,22.81,0.64,3.42,23.99,12.51,265.5,9.67,80.18,0,1,1047.8445,100,98.52,85.8,100,0.09369439,14,138,5,1,1,59.4113674
5/17/2016 15:00,4074.75,0.627738734,188.85,23.61,147.23,410.73,0.27,0.06,28.79,75.19,100.07,9.73,265.3,95.28,191.5,13.51,0.28,1.4,23.98,11.18,265.4,9.67,80.18,0,1,919.374,100,86.18,76.13,100,0.08299208,15,138,5,1,1,45.49260104
5/17/2016 16:00,2024.714286,0.35980399,100.62,20.51,79.71,190.88,0.24,0.06,29.35,72.74,100.1,8.75,266.8,49.93,86.92,6.86,0.07,0.35,23.97,10.49,266.7,9.67,80.18,0,1,985.7073,100,20.52,57.7,100,0.08082259,16,138,5,1,1,31.37892275
5/17/2016 17:00,117.25,0.778160357,13.43,0,16.64,28.12,0.13,0.06,29.54,71.35,100.17,8.13,265.4,6.47,12.6,0.91,0,0.03,23.83,10.2,265.4,9.67,80.18,0,1,694.9917,100,15.82,43.06,100,0.05524193,17,138,5,1,1,17.25147417
5/17/2016 18:00,47.5,2.401846998,0,0,0,0,0,0,29.75,70.68,100.22,8.43,259.3,0,0,0,0,0,23.87,10.65,259.4,9.67,80.18,0,1,1538.1243,100,0,33.74,100,0.024721034,18,138,5,1,1,3.212860602
5/17/2016 19:00,0,2.69425346,0,0,0,0,0,0,29.9,71.82,100.21,9.8,250.4,0,0,0,0,0,24.28,12.2,250.7,9.67,80.18,0,1,2938.8296,100,0,17.51,100,0.012536503,19,138,5,1,0,0
5/17/2016 20:00,0,2.450303088,0,0,0,0,0,0,29.71,76.51,100.29,9.6,243.4,0,0,0,0,0,25.16,11.92,243.7,9.67,80.18,0,1,3008.8699,100,2.8,29.32,100,0.016393919,20,138,5,1,0,0
5/17/2016 21:00,0,1.009534678,0,0,0,0,0,0,29.43,81.01,100.34,9.5,238.5,0,0,0,0,0,25.85,11.63,238.7,9.67,80.18,0,1,1995.5723,100,5.75,41.39,100,0.019133087,21,138,5,1,0,0
5/17/2016 22:00,0,2.114029563,0,0,0,0,0,0,29.15,83.82,100.31,10.3,236,0,0,0,0,0,26.15,12.31,236.3,9.67,80.18,0,1,1039.8716,100,2.19,45.32,100,0.089952886,22,138,5,1,0,0
5/17/2016 23:00,0,2.017032949,0,0,0,0,0,0,29,85.12,100.25,10.09,238,0,0,0,0,0,26.25,12.02,238.3,9.67,80.18,0,1,596.5,100,8.33,52.11,100,0.048977967,23,138,5,1,0,0
5/18/2016 0:00,0,0.161042497,0,0,0,0,0,0,28.98,85.24,100.18,9.49,239.7,0,0,0,0,0,26.26,11.35,239.9,9.67,80.18,0,1,780.64233,100,15.91,59.14,100,0.056767236,0,139,5,2,0,0
5/18/2016 1:00,0,0.217700582,0,0,0,0,0,0,28.99,84.95,100.13,9.04,240.9,0,0,0,0,0,26.22,10.88,241.1,9.67,80.18,0,1,690.3999,100,10.36,67.48,100,0.05452491,1,139,5,2,0,0
5/18/2016 2:00,0,0.246044639,0,0,0,0,0,0,29.02,84.46,100.09,8.62,239.8,0,0,0,0,0,26.16,10.43,240,9.67,80.18,0,1,543.2036,100,34.18,67.54,100,0.030966803,2,139,5,2,0,0
5/18/2016 3:00,0,0,0,0,0,0,0,0,29.02,84.11,100.09,8.45,234.5,0,0,0,0,0,26.08,10.25,234.8,9.67,80.18,0,1,824.06226,100,22.2,24.75,100,0.026471894,3,139,5,2,0,0
5/18/2016 4:00,0,0,0,0,0,0,0,0,29,84.15,100.11,8.71,229,0,0,0,0,0,26.07,10.51,229.1,9.67,80.18,0,1,433.22192,100,23.01,30.95,100,0.02313022,4,139,5,2,0,0
5/18/2016 5:00,0,0.356166043,9.02,0,11,18.85,0.13,0.06,28.99,84.4,100.17,8.86,226.8,4.25,8.41,0.6,0,0,26.11,10.66,226.7,9.67,80.18,0,1,595.3176,100,16.19,26.69,100,0.01598636,5,139,5,2,0,0
5/18/2016 6:00,475.3333333,2.744783874,80.32,0,78.59,183.8,0.22,0.05,29.2,83.78,100.27,8.95,226.2,40.35,85.47,5.72,0.05,0.25,26.19,10.57,226,9.67,80.18,0,1,575.13184,100,21.54,66.79,100,0.011320617,6,139,5,2,1,3.247974238
5/18/2016 7:00,1872.4,2.723521485,196.82,0,167.19,409.6,0.29,0.06,29.54,82.6,100.35,9.2,225.6,98.88,194.1,14.02,0.28,1.38,26.29,10.59,225.7,9.67,80.18,0,1,582.51855,100,15.98,69.83,100,0.013868254,7,139,5,2,1,17.26832735
5/18/2016 8:00,2434.333333,1.01772744,362.05,4.5,273.41,620.9,0.39,0.06,30,80.1,100.39,9.84,225.4,179.55,294.87,25.08,0.69,3.62,26.21,11.34,225.7,9.67,80.18,0,1,647.7444,100,21.5,45.72,100,0.009694092,8,139,5,2,1,31.37707563
5/18/2016 9:00,6021.166667,0.662874072,516.55,38.67,377.24,788.75,0.46,0.06,30.37,77.54,100.38,10.29,224.3,253.6,373.87,35.19,1.14,5.72,26.03,11.82,224.4,9.67,80.18,0,1,606.4519,94.95,25.53,32.14,97.11,0.004087888,9,139,5,2,1,45.46870942
5/18/2016 10:00,6733.666667,0.649060345,575.42,15.1,404.71,897.42,0.46,0.06,30.7,75.56,100.33,10.52,223.2,282.97,424.35,39.63,1.42,7.22,25.9,12.05,223.3,9.67,80.18,0,1,642.05835,87.86,16.05,37.72,93.62,0.00194448,10,139,5,2,1,59.35561222
5/18/2016 11:00,6828.222222,0.40314598,600.28,18.3,425.71,954.42,0.46,0.06,30.91,74.33,100.27,10.54,224.5,296.85,452.6,42.42,1.58,8.43,25.84,12.11,224.5,9.67,80.18,0,1,721.5083,84.59,8.04,52.04,91.99,0.001760253,11,139,5,2,1,72.374711
5/18/2016 12:00,4948.666667,0.641506467,678.35,127.37,454.36,919.95,0.53,0.06,30.99,73.98,100.2,10.46,226.7,328.75,435.97,45.73,1.65,8.52,25.83,12.03,226.8,9.67,80.18,0,1,674.77905,92.18,15.88,94.12,99.77,0.013746038,12,139,5,2,1,79.95749839
5/18/2016 13:00,5097,0.594860541,464.05,7.32,344.84,816.92,0.4,0.06,31.01,73.85,100.14,10.33,227.7,230.91,387.42,32.87,1.1,5.38,25.81,11.87,228,9.67,80.18,0,1,529.8469,94.55,7.45,96.15,100,0.007102136,13,139,5,2,1,72.374711
5/18/2016 14:00,4184.666667,0.335090337,395.65,25.64,259.64,652.42,0.41,0.06,30.97,73.92,100.1,10.42,225.8,195.35,309.65,27.14,0.77,4.1,25.79,12,226.3,9.67,80.18,0,1,494.51147,97.09,9.66,90.2,100,0.005107246,14,139,5,2,1,59.35561222
5/18/2016 15:00,4123.090909,0.586871098,256.8,3.45,215.25,442.8,0.36,0.06,30.8,74.74,100.09,10.69,222.3,126.99,209.68,17.44,0.36,1.8,25.82,12.37,222.9,9.67,80.18,0,1,664.48584,99.78,5.48,53.02,99.78,0.006640945,15,139,5,2,1,45.46870942
5/18/2016 16:00,1863.545455,0.692661292,123.95,22.34,106.34,214.5,0.3,0.05,30.54,76.26,100.11,10.81,219.4,61.02,99.93,8.19,0.09,0.43,25.91,12.62,219.9,9.67,80.18,0,1,643.13135,99.75,15.58,18.09,99.96,0.00588255,16,139,5,2,1,31.37707563
5/18/2016 17:00,678.3636364,1.073611795,22.3,7.4,23.98,30.92,0.21,0.07,30.21,78.41,100.15,10.56,216.8,10.45,13.95,1.38,0.01,0.03,26.07,12.58,217.3,9.67,80.18,0,1,509.93457,100,10.65,19.79,100,0.02911131,17,139,5,2,1,17.26832735
5/18/2016 18:00,95.33333333,2.26322045,0,0,0,0,0,0,29.93,80.21,100.26,10.43,216.5,0,0,0,0,0,26.17,12.53,217,9.67,80.18,0,1,508.16748,100,13.39,26.57,100,0.029420104,18,139,5,2,1,3.247974238
5/18/2016 19:00,0,2.786119897,0,0,0,0,0,0,29.78,81.06,100.37,10.47,217.6,0,0,0,0,0,26.21,12.55,217.9,9.67,80.18,0,1,458.62158,99.84,11.6,17.95,99.84,0.018430226,19,139,5,2,0,0
5/18/2016 20:00,0,2.66714852,0,0,0,0,0,0,29.66,81.77,100.45,10.51,220.3,0,0,0,0,0,26.23,12.58,220.6,9.67,80.18,0,1,463.36646,100,19.54,10.75,100,0.013156861,20,139,5,2,0,0
5/18/2016 21:00,0,0.667181199,0,0,0,0,0,0,29.55,82.64,100.51,10.55,224.2,0,0,0,0,0,26.3,12.62,224.5,9.67,80.18,0,1,527.4114,99.84,14.71,10.26,99.84,0.012226485,21,139,5,2,0,0
5/18/2016 22:00,0,2.097406589,0,0,0,0,0,0,29.43,83.67,100.5,10.62,228.2,0,0,0,0,0,26.4,12.67,228.5,9.67,80.18,0,1,465.88672,100,10.72,62.77,100,0.017563872,22,139,5,2,0,0
5/18/2016 23:00,0,1.744360374,0,0,0,0,0,0,29.3,84.37,100.45,10.66,230.2,0,0,0,0,0,26.41,12.68,230.5,9.67,80.18,0,1,363.90332,99.71,10.05,60.13,99.87,0.021423541,23,139,5,2,0,0
5/19/2016 0:00,0,0.105022768,0,0,0,0,0,0,29.22,84.36,100.35,10.76,229.5,0,0,0,0,0,26.34,12.75,229.9,9.67,80.18,0,1,449.92578,99.78,4.57,19.85,99.78,0.017540086,0,140,5,3,0,0
5/19/2016 1:00,0,0.246896699,0,0,0,0,0,0,29.19,83.68,100.24,10.74,228.1,0,0,0,0,0,26.18,12.76,228.5,9.67,80.18,0,1,574.3816,100,15.96,10.39,100,0.014279518,1,140,5,3,0,0
5/19/2016 2:00,0,0.359713826,0,0,0,0,0,0,29.13,83.15,100.18,10.58,227.6,0,0,0,0,0,25.99,12.62,227.9,9.67,80.18,0,1,535.1472,100,7.4,8.66,100,0.013096642,2,140,5,3,0,0
5/19/2016 3:00,0,0.154401125,0,0,0,0,0,0,29.11,82.77,100.17,10.22,226.7,0,0,0,0,0,25.9,12.24,226.9,9.67,80.18,0,1,3353.1707,99.11,15.47,10.11,99.33,0.012488779,3,140,5,3,0,0
5/19/2016 4:00,0,0.377863485,0,0,0,0,0,0,29.16,82.2,100.2,10.03,226.5,0,0,0,0,0,25.83,12.15,226.7,9.67,80.18,0,1,3261.4714,99.55,13.08,18.45,99.78,0.012228873,4,140,5,3,0,0
5/19/2016 5:00,0,0,16.12,4.01,19.97,17.83,0.23,0.07,29.26,81.72,100.29,9.77,229.4,7.32,8.05,0.93,0,0.03,25.83,11.89,229.5,9.67,80.18,0,1,3304.4136,99.36,44.36,6.84,99.57,0.009482354,5,140,5,3,0,0
5/19/2016 6:00,897.6666667,2.453130499,142.3,54.42,102.44,173.38,0.39,0.06,29.59,80.53,100.43,9.67,234.8,67.54,79.4,8.33,0.08,0.38,25.9,11.56,234.9,9.67,80.18,0,1,634.5928,100,46.88,4.24,100,0.008043207,6,140,5,3,1,3.28211656
5/19/2016 7:00,2300.916667,2.833692321,335.27,177.21,206.96,391.88,0.5,0.06,29.97,79.27,100.57,9.72,239.3,159.53,182.9,19.67,0.37,1.83,26.01,11.36,239.3,9.67,80.18,0,1,833.655,100,60.12,6.68,100,0.006915264,7,140,5,3,1,17.28448179
5/19/2016 8:00,6589.833333,0.908503833,538.28,338.53,261.56,599.95,0.58,0.06,30.31,77.5,100.64,9.81,241.4,254.85,281.27,32.12,0.84,4.3,25.96,11.37,241.5,9.67,80.18,0,1,635.2644,100,56.42,0.46,100,0.007951651,8,140,5,3,1,31.37477529
5/19/2016 9:00,9316.5,0.676564153,721.35,467.03,289.62,767.1,0.64,0.05,30.59,76.04,100.63,9.73,240.6,340.65,359.63,43.85,1.39,7.25,25.91,11.23,240.7,9.67,80.18,0,1,609.3513,100,47.62,0.3,100,0.007106915,9,140,5,3,1,45.4446211
5/19/2016 10:00,8029,0.122215107,764.47,539.67,243.85,875.22,0.61,0.06,30.86,75.2,100.58,9.6,237.7,360.9,409.88,47.97,1.7,9.07,25.98,11.02,237.8,9.67,80.18,0,1,570.7283,100,20.61,2.45,100,0.006746776,10,140,5,3,1,59.3000278
5/19/2016 11:00,9169.083333,0.393106366,884.8,490.71,334.06,913.05,0.68,0.05,31.05,74.67,100.49,9.63,233.9,416.47,426.98,54.53,1.98,10.98,26.04,11.03,234.1,9.67,80.18,0,1,639.6658,100,7.38,3.86,100,0.009246901,11,140,5,3,1,72.25765295
5/19/2016 12:00,11699.25,0.123376917,834.78,444.83,307.96,875.67,0.66,0.06,31.12,74.6,100.38,9.86,230,392.58,408.98,50.95,1.81,9.75,26.09,11.32,230.2,9.67,80.18,0,1,1168.3921,99.75,3.61,2.47,99.75,0.007773541,12,140,5,3,1,79.7417892
5/19/2016 13:00,10572.25,0.46491071,718.03,440.36,293.22,777.38,0.62,0.06,31.01,75.28,100.28,10.19,226.9,338,363.53,43.63,1.41,7.28,26.14,11.73,227.2,9.67,80.18,0,1,1277.0156,95.74,4.57,2.6,95.98,0.004622869,13,140,5,3,1,72.25765295
5/19/2016 14:00,9472.888889,0.473045572,585.75,334.42,242.78,617.38,0.61,0.06,30.86,76.14,100.24,10.49,224.5,275.67,288.64,34.36,0.93,4.82,26.18,12.13,225,9.67,80.18,0,1,3085.813,68.7,11.92,1.34,71.23,0.00393321,14,140,5,3,1,59.3000278
5/19/2016 15:00,6889.5,0.304236263,392.65,310.53,197.1,413.1,0.55,0.06,30.66,77.13,100.25,10.63,222.6,183.67,192.15,22.09,0.43,2.12,26.2,12.35,223.1,9.67,80.18,0,1,490.9724,65.25,15.98,4.16,70.54,0.006116092,15,140,5,3,1,45.4446211
5/19/2016 16:00,3308.363636,0.534290144,183.88,156.89,143.91,193.65,0.44,0.07,30.4,78.48,100.31,10.48,220.7,84.52,88.3,9.88,0.1,0.5,26.26,12.32,221.2,9.67,80.18,0,1,616.7024,64.28,18.17,1.89,71,0.004370365,16,140,5,3,1,31.37477529
5/19/2016 17:00,850.0833333,0.722313287,28.12,12.24,30.46,28.52,0.27,0.08,30.06,80.41,100.39,10.02,218.7,12.76,12.91,1.59,0.01,0.03,26.33,11.95,219.2,9.67,80.18,0,1,469.77295,69.89,21.21,4.41,76.49,0.002475709,17,140,5,3,1,17.28448179
5/19/2016 18:00,117.25,2.393665501,0,0,0,0,0,0,29.8,81.99,100.47,9.66,217.1,0,0,0,0,0,26.41,11.59,217.6,9.67,80.18,0,1,441.1067,72.59,26.6,10.79,81.16,0.0438747,18,140,5,3,1,3.28211656
5/19/2016 19:00,0,2.824801709,0,0,0,0,0,0,29.66,83.1,100.55,9.5,216,0,0,0,0,0,26.5,11.37,216.4,9.67,80.18,0,1,371.62305,52.04,31.27,13.76,68.11,0.051941656,19,140,5,3,0,0
5/19/2016 20:00,0,2.373301881,0,0,0,0,0,0,29.55,84.25,100.61,9.48,216.2,0,0,0,0,0,26.62,11.32,216.7,9.67,80.18,0,1,330.8601,85.12,30.8,10.23,90.7,0.10264939,20,140,5,3,0,0
5/19/2016 21:00,0,0.992456687,0,0,0,0,0,0,29.46,85.24,100.63,9.6,218.6,0,0,0,0,0,26.75,11.44,219.1,9.67,80.18,0,1,343.47266,91.49,42.32,4.37,93.65,0.1254412,21,140,5,3,0,0
5/19/2016 22:00,0,2.191275467,0,0,0,0,0,0,29.38,86.16,100.62,9.87,221.6,0,0,0,0,0,26.85,11.75,222,9.67,80.18,0,1,313.9431,94,41.15,21.45,94.66,0.13504153,22,140,5,3,0,0
5/19/2016 23:00,0,1.92352453,0,0,0,0,0,0,29.29,86.96,100.57,10.07,225.3,0,0,0,0,0,26.91,11.96,225.8,9.67,80.18,0,1,343.1482,99.43,39.49,43.03,99.68,0.2869351,23,140,5,3,0,0
5/20/2016 0:00,0,0.128364386,0,0,0,0,0,0,29.21,87.57,100.5,10.01,228.5,0,0,0,0,0,26.95,11.89,229,9.67,80.18,0,1,344.98145,99.57,35.7,35.6,99.57,0.33500886,0,141,5,4,0,0
5/20/2016 1:00,0,0,0,0,0,0,0,0,29.17,87.72,100.45,9.93,230.3,0,0,0,0,0,26.94,11.88,230.8,9.67,80.18,0,1,359.80225,99.98,32.07,8.31,99.98,0.25236672,1,141,5,4,0,0
5/20/2016 2:00,0,0.064162912,0,0,0,0,0,0,29.15,87.3,100.43,9.72,230.4,0,0,0,0,0,26.84,11.64,230.9,9.67,80.18,0,1,390.9104,100,25.22,16.58,100,0.18901932,2,141,5,4,0,0
5/20/2016 3:00,0,0,0,0,0,0,0,0,29.09,86.61,100.45,9.6,229.9,0,0,0,0,0,26.65,11.55,230.5,9.67,80.18,0,1,415.7168,100,15.18,5.52,100,0.14313686,3,141,5,4,0,0
5/20/2016 4:00,0,0.426179238,0,0,0,0,0,0,29.05,85.21,100.51,9.72,229.7,0,0,0,0,0,26.34,11.73,230.4,9.67,80.18,0,1,556.6455,100,18.91,4.52,100,0.12544644,4,141,5,4,0,0
5/20/2016 5:00,0,0.177569136,8.95,0,10.91,16.55,0.13,0.06,29.04,83.55,100.57,9.73,229.2,4.15,7.45,0.56,0,0,26.01,11.73,230,9.67,80.18,0,1,2678.5415,100,21.68,0.6,100,0.122443676,5,141,5,4,0,0
5/20/2016 6:00,101.4,2.590609791,81.95,11.78,72.47,160.5,0.22,0.05,29.21,82.56,100.64,9.77,227.8,40.5,72.75,5.42,0.05,0.25,25.94,11.68,228.8,9.67,80.18,0,1,1947.3411,100,14.1,14,100,0.060426127,6,141,5,4,1,3.315280661
5/20/2016 7:00,1093.2,2.85403266,159.57,4.75,135.1,377.48,0.24,0.06,29.52,81.6,100.69,9.87,226.6,80.47,175.2,11.14,0.22,1.08,26.06,11.54,227.5,9.67,80.18,0,1,3808.2463,97.56,6.34,7.8,97.98,0.027371626,7,141,5,4,1,17.29995291
5/20/2016 8:00,2380.083333,0.766166457,340.42,39.57,218.77,587.7,0.37,0.06,29.88,80.35,100.71,10.01,226.8,167.33,274.61,22.55,0.6,3.17,26.15,11.57,227.6,9.67,80.18,0,1,3552.2585,92.79,7.53,2.22,93.69,0.024109248,8,141,5,4,1,31.37206292
5/20/2016 9:00,5599.090909,0.604068133,453.55,25.61,284.53,756.7,0.4,0.06,30.27,78.3,100.69,10.23,229.5,222.22,353.93,30.12,0.96,4.8,26.09,11.84,230.3,9.67,80.18,0,1,1455.4705,98.45,11.51,4.27,98.89,0.019108616,9,141,5,4,1,45.42041115
5/20/2016 10:00,6078.333333,0.550449737,562.28,20.21,394.23,862.35,0.45,0.06,30.53,75.58,100.62,10.49,233.4,271.53,402.45,36.53,1.27,6.47,25.75,12.14,234,9.67,80.18,0,1,1473.2568,96.48,3.92,49.56,97.39,0.028407667,10,141,5,4,1,59.24474202
5/20/2016 11:00,5513.875,0.503945779,618.88,103.48,358.45,904.62,0.48,0.06,30.74,73.14,100.52,10.45,236,297.05,421.97,40.54,1.46,7.78,25.4,12.07,236.4,9.67,80.18,0,1,595.63086,97.27,2.07,73.95,98.79,0.029134005,11,141,5,4,1,72.14209223
5/20/2016 12:00,8137.818182,0.245621189,631.8,116.67,384.06,884.62,0.5,0.06,30.98,71.14,100.43,10.13,236.7,304.05,413.77,40.8,1.44,7.43,25.16,11.67,237.1,9.67,80.18,0,1,759.51514,97.53,7.16,4.46,97.96,0.028344244,12,141,5,4,1,79.53198518
5/20/2016 13:00,8939.5,0.241329112,612.8,77.68,439.79,790.08,0.53,0.06,31.18,69.78,100.34,9.77,236.4,293.33,370.25,38.72,1.26,6.18,25.03,11.24,236.9,9.67,80.18,0,1,1026.1926,99.51,2.24,7.09,99.51,0.033560507,13,141,5,4,1,72.14209223
5/20/2016 14:00,6226.454545,0.343500139,499.52,155.51,283.41,632.83,0.52,0.06,31.26,69.39,100.28,9.44,233.8,238.62,296.78,31.33,0.85,4.55,25.01,10.88,234.5,9.67,80.18,0,1,1888.9829,99.78,2.28,15.9,99.78,0.041999374,14,141,5,4,1,59.24474202
5/20/2016 15:00,4521.416667,0.078073396,316.02,78.48,241.52,430.23,0.45,0.06,31.2,69.86,100.26,9.12,229.3,151.47,201.42,19.7,0.39,1.95,25.07,10.56,230.1,9.67,80.18,0,1,2179.711,97.64,0.86,70.9,97.89,0.051907904,15,141,5,4,1,45.42041115
5/20/2016 16:00,2221.583333,0.373061889,144.02,20.01,123.9,209.4,0.35,0.06,30.99,71.6,100.3,8.73,223.5,69.28,96.65,8.93,0.09,0.45,25.28,10.21,224.2,9.67,80.18,0,1,3273.0266,98.66,0.9,78.12,99.78,0.04945423,16,141,5,4,1,31.37206292
5/20/2016 17:00,779.0833333,1.075488977,25.08,0,31.08,31,0.24,0.07,30.55,74.91,100.38,8.33,217.4,11.62,14.02,1.47,0.01,0.03,25.62,10.11,217.9,9.67,80.18,0,1,3350.3545,100,0,70.59,100,0.06611276,17,141,5,4,1,17.29995291
5/20/2016 18:00,98,2.639181578,0,0,0,0,0,0,30.16,77.37,100.47,8.47,214.3,0,0,0,0,0,25.78,10.42,214.8,9.67,80.18,0,1,2384.6458,99.78,0,38.87,99.78,0.13013744,18,141,5,4,1,3.315280661
5/20/2016 19:00,0,2.651701069,0,0,0,0,0,0,29.97,78.14,100.55,8.89,214.9,0,0,0,0,0,25.77,10.86,215.3,9.67,80.18,0,1,1745.2954,100,3.22,12.06,100,0.17587692,19,141,5,4,0,0
5/20/2016 20:00,0,2.597880063,0,0,0,0,0,0,29.84,78.73,100.61,9.23,217.7,0,0,0,0,0,25.77,11.24,217.9,9.67,80.18,0,1,498.70605,99.4,12.13,53.22,99.78,0.16522849,20,141,5,4,0,0
5/20/2016 21:00,0,0.96474221,0,0,0,0,0,0,29.75,79.27,100.63,9.47,221.3,0,0,0,0,0,25.8,11.53,221.4,9.67,80.18,0,1,442.31836,98.88,10.35,54.49,98.88,0.06688684,21,141,5,4,0,0
5/20/2016 22:00,0,2.710089116,0,0,0,0,0,0,29.68,79.8,100.61,9.47,225,0,0,0,0,0,25.84,11.57,225,9.67,80.18,0,1,444.79297,96.87,14.28,44.38,98.36,0.027651966,22,141,5,4,0,0
5/20/2016 23:00,0,2.198438894,0,0,0,0,0,0,29.59,80.36,100.56,9.44,228.4,0,0,0,0,0,25.87,11.55,228.5,9.67,80.18,0,1,467.43384,93.86,16.46,21.13,94.54,0.013978317,23,141,5,4,0,0
5/21/2016 0:00,0,0.150434215,0,0,0,0,0,0,29.5,80.95,100.49,9.45,231.2,0,0,0,0,0,25.91,11.55,231.3,9.67,80.18,0,1,447.8379,96.06,19.58,8.45,96.4,0.009507127,0,142,5,5,0,0
5/21/2016 1:00,0,0.007669274,0,0,0,0,0,0,29.42,81.56,100.44,9.36,232.6,0,0,0,0,0,25.95,11.45,232.7,9.67,80.18,0,1,469.07324,97.36,19.75,7.59,98.32,0.007313483,1,142,5,5,0,0
5/21/2016 2:00,0,0,0,0,0,0,0,0,29.36,82.05,100.42,9.19,232.2,0,0,0,0,0,26,11.23,232.3,9.67,80.18,0,1,441.333,98.03,15.84,0,98.26,0.003504529,2,142,5,5,0,0
5/21/2016 3:00,0,0.207597477,0,0,0,0,0,0,29.3,82.47,100.43,8.93,230.5,0,0,0,0,0,26.03,10.9,230.7,9.67,80.18,0,1,436.61475,37.45,17.76,0,51.01,0.000590824,3,142,5,5,0,0
5/21/2016 4:00,0,0.042029496,0,0,0,0,0,0,29.29,82.58,100.46,8.71,229.4,0,0,0,0,0,26.03,10.65,229.5,9.67,80.18,0,1,425.86353,14.76,14.83,0,28.17,0.001037543,4,142,5,5,0,0
5/21/2016 5:00,0,0,16.92,9.5,22.6,18.12,0.24,0.08,29.32,82.55,100.52,8.44,228.8,7.7,8.18,0.97,0,0.03,26.07,10.33,228.8,9.67,80.18,0,1,470.29175,27.96,12.94,2.78,37.47,0.000758035,5,142,5,5,0,0
5/21/2016 6:00,930.9,2.729805345,150.5,123.6,105.82,175.85,0.41,0.06,29.56,81.97,100.59,8.32,228.7,70.65,80.79,8.37,0.07,0.35,26.18,9.92,228.9,9.67,80.18,0,1,554.9844,18.4,14.09,2.25,26.92,0.000510259,6,142,5,5,1,3.347459942
5/21/2016 7:00,3778.083333,2.838328224,344.52,214.37,246.36,397.12,0.52,0.06,29.88,81.06,100.66,8.18,229.5,163.37,185.84,19.93,0.36,1.77,26.3,9.42,229.8,9.67,80.18,0,1,2663.6636,25.12,11.2,3.78,30.59,0.00059205,7,142,5,5,1,17.31475606
5/21/2016 8:00,6995.5,1.35424948,558.12,410.47,240.57,607.3,0.6,0.06,30.26,78.8,100.71,8.21,233.1,264.35,285.13,33.33,0.85,4.35,26.19,9.48,233.7,9.67,80.18,0,1,2745.5183,6.58,4.65,1.48,10.43,0.000437013,8,142,5,5,1,31.36897914
5/21/2016 9:00,9140.583333,0.996025429,698.67,389.94,334.07,776.38,0.62,0.05,30.55,75.63,100.75,8.46,237.8,330.73,364.26,43.28,1.37,6.95,25.77,9.76,238.1,9.67,80.18,0,1,4274.383,19.29,2.21,3.94,21.01,0.000725109,9,142,5,5,1,45.39615338
5/21/2016 10:00,9969.5,0.577655872,799.53,475.64,297.86,886.8,0.64,0.06,30.79,73.06,100.74,8.25,239.7,378.97,415.5,49.89,1.76,9.15,25.43,9.48,240,9.67,80.18,0,1,5631.871,62.52,0.88,0.5,62.97,0.005265348,10,142,5,5,1,59.18987989
5/21/2016 11:00,10119.90909,0.804753517,829.75,449.09,323.18,913.4,0.64,0.05,30.98,70.86,100.69,8,238.7,390.93,425.93,51.44,1.85,10.02,25.09,9.2,239.1,9.67,80.18,0,1,2858.1665,73.13,0,0.21,73.13,0.020532038,11,142,5,5,1,72.02823709
5/21/2016 12:00,10893.83333,0.436421272,803.75,399.36,319.91,885.25,0.64,0.06,31.15,69.08,100.61,7.81,235.1,378,413.28,49.56,1.75,9.2,24.82,9,235.6,9.67,80.18,0,1,5063.6055,71.68,0.44,6.02,72.05,0.015608128,12,142,5,5,1,79.32814848
5/21/2016 13:00,10440.25,0.237443723,738,427.65,293.84,787.3,0.64,0.05,31.29,67.99,100.52,7.68,228.9,347.53,367.97,44.62,1.43,7.28,24.71,8.87,229.6,9.67,80.18,0,1,5063.6055,66.05,0,0.55,66.59,0.013468064,13,142,5,5,1,72.02823709
5/21/2016 14:00,6876.454545,0.769810189,604,362.65,302.58,628.1,0.63,0.06,31.34,68.41,100.46,7.39,220.8,283.8,293.57,35.33,0.93,4.82,24.84,8.57,221.4,9.67,80.18,0,1,3124.2075,86.13,0.21,1.43,86.13,0.041911677,14,142,5,5,1,59.18987989
5/21/2016 15:00,6892.909091,0.655363054,397.3,400.09,163.23,423.77,0.56,0.06,31.18,71.24,100.44,6.98,211.3,186.2,197.47,22.42,0.43,2.1,25.37,8.13,211.8,9.67,80.18,0,1,3590.8147,86.05,0.64,1.91,86.05,0.029391415,15,142,5,5,1,45.39615338
5/21/2016 16:00,3135.25,0.543121999,187.25,151.97,146.35,203.88,0.45,0.07,30.8,76.04,100.46,6.58,201.4,86.89,93.53,10.12,0.1,0.5,26.11,7.91,201.8,9.67,80.18,0,1,512.32446,80.64,2.42,0.21,80.79,0.009388801,16,142,5,5,1,31.36897914
5/21/2016 17:00,757.25,1.017344391,28.95,13.96,34.96,30.3,0.27,0.08,30.3,80.43,100.5,6.72,193.8,13.2,13.69,1.63,0.01,0.03,26.57,8.39,194.1,9.67,80.18,0,1,1353.2529,31.55,2.69,0,32.74,0.006010842,17,142,5,5,1,17.31475606
5/21/2016 18:00,186.5,2.483539857,0,0,0,0,0,0,29.92,83.81,100.56,7.43,188.3,0,0,0,0,0,26.89,9.18,188.6,9.67,80.18,0,1,566.1719,25.88,6.75,0.45,29.44,0.003297718,18,142,5,5,1,3.347459942
5/21/2016 19:00,0,2.736467046,0,0,0,0,0,0,29.65,86.34,100.62,8.1,186.7,0,0,0,0,0,27.14,9.81,187.1,9.67,80.18,0,1,492.77563,2.11,18.82,5.55,22.86,0.000235614,19,142,5,5,0,0
5/21/2016 20:00,0,2.927765627,0,0,0,0,0,0,29.47,87.87,100.68,8.58,190.2,0,0,0,0,0,27.25,10.3,190.9,9.67,80.18,0,1,575.24146,0.52,14.72,7.15,20.7,0.000294179,20,142,5,5,0,0
5/21/2016 21:00,0,1.43337437,0,0,0,0,0,0,29.38,88.47,100.71,8.91,196.5,0,0,0,0,0,27.3,10.66,197,9.67,80.18,0,1,540.84766,0.86,19.44,5.18,23.43,0.000183105,21,142,5,5,0,0
5/21/2016 22:00,0,2.129747094,0,0,0,0,0,0,29.35,88.31,100.71,9.33,203.4,0,0,0,0,0,27.23,11.26,203.8,9.67,80.18,0,1,385.9563,3.72,7.12,0,10.84,0.000150132,22,142,5,5,0,0
5/21/2016 23:00,0,2.192112193,0,0,0,0,0,0,29.34,88.32,100.66,9.52,209.7,0,0,0,0,0,27.24,11.42,210.1,9.67,80.18,0,1,401.5415,7.61,8.57,0,15.79,0.000252666,23,142,5,5,0,0
5/22/2016 0:00,0,0.060264157,0,0,0,0,0,0,29.35,88.33,100.6,9.48,215.3,0,0,0,0,0,27.25,11.37,215.6,9.67,80.18,0,1,416.04053,15.86,8.48,1.06,23.24,0.000933856,0,143,5,6,0,0
5/22/2016 1:00,0,0.088470871,0,0,0,0,0,0,29.34,88.42,100.55,9.35,219.7,0,0,0,0,0,27.25,11.22,220,9.67,80.18,0,1,460.38135,27.04,10.71,1.47,32.43,0.001601578,1,143,5,6,0,0
5/22/2016 2:00,0,0.070312048,0,0,0,0,0,0,29.33,88.33,100.53,8.97,222.8,0,0,0,0,0,27.22,10.78,223.1,9.67,80.18,0,1,481.74146,27.76,7.98,0.39,33.14,0.001941168,2,143,5,6,0,0
5/22/2016 3:00,0,0.023461592,0,0,0,0,0,0,29.3,88.27,100.55,8.42,224.7,0,0,0,0,0,27.18,10.15,224.9,9.67,80.18,0,1,603.615,45.31,2.83,0,45.58,0.003450068,3,143,5,6,0,0
5/22/2016 4:00,0,0.180869981,0,0,0,0,0,0,29.27,88.04,100.6,7.9,225.3,0,0,0,0,0,27.11,9.57,225.5,9.67,80.18,0,1,761.1487,55.38,6.9,0,57.4,0.002738276,4,143,5,6,0,0
5/22/2016 5:00,0,0.063661105,18,9.78,18.82,18.35,0.26,0.08,29.3,87.52,100.66,7.47,225.1,8.07,8.28,1,0,0.03,27.04,9.06,225.3,9.67,80.18,0,1,1610.5354,41.53,6.04,0,44.79,0.000881454,5,143,5,6,0,0
5/22/2016 6:00,1033.125,2.892726337,169.12,201.46,108.85,176.7,0.46,0.07,29.63,86.18,100.75,7.43,223.6,78.1,81.21,8.84,0.08,0.38,27.1,8.57,224,9.67,80.18,0,1,1646.311,13.61,6.12,0.22,18.15,0.000131859,6,143,5,6,1,3.378648098
5/22/2016 7:00,2837.5,3.011662626,385.02,356.7,190.28,400.25,0.58,0.06,30.08,84.19,100.83,7.59,222.5,181.35,187.68,21.51,0.39,1.92,27.14,8.65,223.2,9.67,80.18,0,1,698.36597,4.15,7.08,0,10.59,0.000128204,7,143,5,6,1,17.32890643
5/22/2016 8:00,6507.636364,0.967163753,583.88,452.65,253.42,584.7,0.63,0.06,30.47,81.68,100.87,7.88,223.8,272.04,272,33.22,0.84,4.25,27.01,8.98,224.4,9.67,80.18,0,1,698.36597,4.36,3.8,0,7.89,0.000216093,8,143,5,6,1,31.36556398
5/22/2016 9:00,8895.75,0.628353183,729.7,450.91,329.21,729.92,0.65,0.05,30.74,79.84,100.89,8.16,225.1,337.95,337.65,41.99,1.29,6.8,26.88,9.31,225.5,9.67,80.18,0,1,698.36597,22.59,2.12,0,24.12,0.000695904,9,143,5,6,1,45.37192021
5/22/2016 10:00,10241.58333,0.462061312,869.55,604.91,256.51,893.58,0.69,0.05,30.94,78.48,100.86,8.32,226.2,411.07,419.42,54.3,1.93,10.45,26.78,9.52,226.5,9.67,80.18,0,1,698.36597,53.85,0,0,53.85,0.002036359,10,143,5,6,1,59.13556342
5/22/2016 11:00,11190.33333,0.666124071,890.9,580.47,257.72,927.92,0.69,0.05,31.14,76.95,100.8,8.34,227.4,420.02,434.52,55.72,2.04,11.3,26.64,9.55,227.8,9.67,80.18,0,1,10788.449,96.86,0,0,96.86,0.005479064,11,143,5,6,1,71.91628697
5/22/2016 12:00,9946.333333,0.517226813,872.67,566.56,264.2,899.4,0.69,0.05,31.3,75.64,100.71,8.21,227.9,411.58,421.37,54.08,1.94,10.48,26.5,9.42,228.4,9.67,80.18,0,1,8951.027,99.76,0,0.55,99.76,0.007183112,12,143,5,6,1,79.13033951
5/22/2016 13:00,9835.909091,0.211067244,753.1,604.94,289.44,801.33,0.66,0.05,31.41,74.6,100.63,8.07,226.8,355.32,375.98,46.51,1.52,7.82,26.38,9.28,227.3,9.67,80.18,0,1,10071.926,99.78,0,1.61,99.78,0.008020591,13,143,5,6,1,71.91628697
5/22/2016 14:00,9218.363636,0.510621974,568.97,440.87,238.78,642.17,0.59,0.06,31.42,74.34,100.57,7.84,223.5,270.02,301.88,34.55,0.95,5.05,26.32,9.07,224.1,9.67,80.18,0,1,3766.9075,99.79,1.07,1.78,99.79,0.013802245,14,143,5,6,1,59.13556342
5/22/2016 15:00,6172.833333,0.688245596,384.08,377.23,206.83,437.85,0.54,0.06,31.28,75.26,100.54,7.75,217.9,182.42,205.78,22.45,0.45,2.25,26.39,9,218.5,9.67,80.18,0,1,2678.3381,99.99,4.31,6.92,99.99,0.010436218,15,143,5,6,1,45.37192021
5/22/2016 16:00,3086.333333,0.426843412,185.9,158.06,129.32,214.73,0.45,0.06,30.97,78.04,100.55,7.66,210.8,87.67,99.8,10.36,0.11,0.55,26.7,8.99,211.4,9.67,80.18,0,1,2771.1519,92.54,7.74,1.8,92.54,0.003576801,16,143,5,6,1,31.36556398
5/22/2016 17:00,927.75,1.149673212,30.15,17.68,35.39,32.3,0.28,0.08,30.43,82.65,100.59,7.56,204.1,13.75,14.64,1.7,0.01,0.03,27.17,9.15,204.6,9.67,80.18,0,1,2821.6501,97.93,5.35,1.34,97.93,0.005080517,17,143,5,6,1,17.32890643
5/22/2016 18:00,122.5,2.51879836,0,0,0,0,0,0,30.01,86.05,100.65,7.86,200.7,0,0,0,0,0,27.44,9.6,201.1,9.67,80.18,0,1,2839.7058,98.12,6.79,1.47,98.12,0.009067245,18,143,5,6,1,3.378648098
5/22/2016 19:00,0,3.07342827,0,0,0,0,0,0,29.82,87.86,100.71,8.21,201.1,0,0,0,0,0,27.62,9.94,201.6,9.67,80.18,0,1,4441.086,96.97,4,0,97.19,0.011447571,19,143,5,6,0,0
5/22/2016 20:00,0,2.636337795,0,0,0,0,0,0,29.71,88.73,100.76,8.43,204.7,0,0,0,0,0,27.67,10.17,205.3,9.67,80.18,0,1,524.8369,97.94,11.3,2.99,98.38,0.012271553,20,143,5,6,0,0
5/22/2016 21:00,0,0.792657838,0,0,0,0,0,0,29.65,88.6,100.78,8.77,210.7,0,0,0,0,0,27.59,10.52,211.2,9.67,80.18,0,1,460.44214,96.64,11.81,1.46,96.64,0.01157698,21,143,5,6,0,0
5/22/2016 22:00,0,2.090248929,0,0,0,0,0,0,29.59,87.6,100.76,9.22,217.1,0,0,0,0,0,27.34,11.11,217.4,9.67,80.18,0,1,476.94385,97.47,9.24,0,97.68,0.014698353,22,143,5,6,0,0
5/22/2016 23:00,0,2.103294653,0,0,0,0,0,0,29.51,87.07,100.7,9.48,222.2,0,0,0,0,0,27.15,11.35,222.4,9.67,80.18,0,1,476.9497,93.95,11.95,0.65,96.08,0.017581616,23,143,5,6,0,0
5/23/2016 0:00,0,0.18108511,0,0,0,0,0,0,29.45,86.93,100.63,9.63,226.3,0,0,0,0,0,27.07,11.54,226.6,9.67,80.18,0,1,497.24658,96.13,10.18,0,96.13,0.017743908,0,144,5,0,0,0
5/23/2016 1:00,0,0.013754485,0,0,0,0,0,0,29.39,87.07,100.58,9.65,230.8,0,0,0,0,0,27.03,11.54,231,9.67,80.18,0,1,446.073,94.31,14.05,0.52,95.18,0.016253464,1,144,5,0,0,0
5/23/2016 2:00,0,0.235547666,0,0,0,0,0,0,29.33,87.12,100.55,9.42,234.1,0,0,0,0,0,26.98,11.26,234.4,9.67,80.18,0,1,503.71387,92.85,17.24,2.82,93.32,0.019141901,2,144,5,0,0,0
5/23/2016 3:00,0,0,0,0,0,0,0,0,29.23,87.36,100.56,8.79,234.3,0,0,0,0,0,26.94,10.46,234.5,9.67,80.18,0,1,558.6526,96.26,11.83,2,96.5,0.020853415,3,144,5,0,0,0
5/23/2016 4:00,0,0.134251029,0,0,0,0,0,0,29.15,87.56,100.6,8.39,232.3,0,0,0,0,0,26.89,10.05,232.6,9.67,80.18,0,1,652.0598,93.16,15.39,2,95.24,0.018458527,4,144,5,0,0,0
5/23/2016 5:00,0,0,16.95,2.76,20.81,19.42,0.24,0.07,29.13,87.36,100.65,8.19,231.5,7.62,8.76,0.98,0,0.03,26.84,9.81,231.9,9.67,80.18,0,1,661.09717,93.77,18.15,1,94.7,0.015220299,5,144,5,0,0,0
5/23/2016 6:00,623.7272727,2.603737113,145.38,71.13,125.89,188.07,0.39,0.06,29.29,86.56,100.74,8.05,231.1,69.8,87.77,8.66,0.08,0.38,26.83,9.42,231.5,9.67,80.18,0,1,682.13306,87.84,16.93,1,90.43,0.008318394,6,144,5,0,1,3.408839114
5/23/2016 7:00,2632.75,2.854559602,317.77,99.48,260.19,413.33,0.48,0.06,29.58,85.03,100.82,7.98,231.3,153.62,195.65,19.69,0.38,1.85,26.81,9.11,231.8,9.67,80.18,0,1,1968.176,87.72,12.34,0,89.21,0.005371295,7,144,5,0,1,17.3424191
5/23/2016 8:00,4094,0.674893598,517.15,296.4,226.38,622.8,0.56,0.06,29.9,82.88,100.85,8.11,232.5,248.9,294.85,32.42,0.86,4.55,26.69,9.22,233,9.67,80.18,0,1,3671.242,96.54,9.96,1,98.22,0.006646734,8,144,5,0,1,31.36185676
5/23/2016 9:00,6516.833333,0.587458731,658.25,267.63,366.7,789.88,0.59,0.06,30.18,81.15,100.85,8.02,232.7,314.75,372.97,41.92,1.36,6.85,26.61,9.09,233.1,9.67,80.18,0,1,7868.4688,98.1,5.17,0,98.1,0.008485977,9,144,5,0,1,45.34778261
5/23/2016 10:00,7489.583333,0.629113789,766.65,352.02,339.8,897.85,0.61,0.06,30.45,79.85,100.83,7.81,232.1,367.08,423.05,49.39,1.76,9.15,26.59,8.84,232.4,9.67,80.18,0,1,7807.1367,97.91,1.07,0,97.91,0.005485531,10,144,5,0,1,59.08191149
5/23/2016 11:00,7331.75,0.300500691,760.5,285.58,347.59,915.67,0.59,0.05,30.68,78.88,100.78,7.46,230.3,361.14,429,48.45,1.76,9.52,26.61,8.46,230.8,9.67,80.18,0,1,9659.25,99.6,0.43,1.71,99.6,0.008823887,11,144,5,0,1,71.8064327
5/23/2016 12:00,8205.333333,0.474525663,617.97,112.02,341.23,886.38,0.49,0.06,30.91,77.7,100.72,7.1,226.3,296.6,415.35,40.73,1.46,7.55,26.57,8.07,226.8,9.67,80.18,0,1,7655.828,99.04,0,0,99.04,0.023923922,12,144,5,0,1,78.93861689
5/23/2016 13:00,10229.83333,0.150700632,641.97,168.35,362.37,788.05,0.56,0.05,31.01,77.1,100.65,6.92,219.7,306.75,369.75,40.41,1.31,6.47,26.54,7.93,220.3,9.67,80.18,0,1,9365.895,99.17,0,4,99.33,0.024625514,13,144,5,0,1,71.8064327
5/23/2016 14:00,4936.272727,0.462738499,552.72,294.44,280.59,628.9,0.58,0.06,31.01,77.06,100.6,6.85,213.3,262.3,295.3,33.11,0.9,4.82,26.52,7.91,214,9.67,80.18,0,1,7547.5234,99.55,0,0,99.55,0.029502224,14,144,5,0,1,59.08191149
5/23/2016 15:00,6943,0.694391971,359.3,237.67,216.06,425.7,0.51,0.06,30.86,78.13,100.58,6.84,207.3,170.77,199.53,21.17,0.42,2.1,26.62,7.95,207.9,9.67,80.18,0,1,6133.9844,99.62,0.85,0.29,99.62,0.03461434,15,144,5,0,1,45.34778261
5/23/2016 16:00,2372.363636,0.230125321,179.93,139.74,102.5,206.35,0.43,0.06,30.55,80.79,100.59,6.81,201.1,84.85,95.5,10.08,0.1,0.52,26.89,8.01,201.6,9.67,80.18,0,1,4686.621,99.39,2.97,7.72,99.39,0.017648127,16,144,5,0,1,31.36185676
5/23/2016 17:00,931.625,0.761882417,29.7,16.23,32.36,31.35,0.27,0.08,30.1,84.33,100.63,6.78,194.9,13.51,14.22,1.66,0.01,0.03,27.19,8.26,195.5,9.67,80.18,0,1,2401.9385,99.5,7.07,4.32,99.5,0.015165392,17,144,5,0,1,17.3424191
5/23/2016 18:00,252.2,2.489173139,0,0,0,0,0,0,29.77,86.81,100.68,7.2,192.1,0,0,0,0,0,27.35,8.82,192.6,9.67,80.18,0,1,610.51733,99.77,7.58,3.36,99.77,0.03831759,18,144,5,0,1,3.408839114
5/23/2016 19:00,0,2.658312226,0,0,0,0,0,0,29.62,88.1,100.72,7.82,193.2,0,0,0,0,0,27.46,9.48,193.6,9.67,80.18,0,1,588.895,98.67,10.69,2.64,98.94,0.04670689,19,144,5,0,0,0
5/23/2016 20:00,0,2.568352219,0,0,0,0,0,0,29.5,89.2,100.76,8.36,196.7,0,0,0,0,0,27.55,10.02,197.2,9.67,80.18,0,1,564.4348,96.14,11.28,3.6,97.83,0.03077307,20,144,5,0,0,0
5/23/2016 21:00,0,0.833177129,0,0,0,0,0,0,29.42,89.9,100.78,8.84,201.7,0,0,0,0,0,27.61,10.56,202.1,9.67,80.18,0,1,2201.9285,98.35,11.01,2.63,98.35,0.020561423,21,144,5,0,0,0
5/23/2016 22:00,0,2.279947282,0,0,0,0,0,0,29.34,89.49,100.76,9.52,207.1,0,0,0,0,0,27.45,11.38,207.7,9.67,80.18,0,1,1488.4888,99.6,14.29,1.43,99.6,0.014338862,22,144,5,0,0,0
5/23/2016 23:00,0,2.015121397,0,0,0,0,0,0,29.27,89.07,100.71,9.81,212,0,0,0,0,0,27.31,11.67,212.4,9.67,80.18,0,1,1495.3223,99.75,12.82,2.21,99.75,0.005426314,23,144,5,0,0,0
5/24/2016 0:00,0,0.311618671,0,0,0,0,0,0,29.23,88.99,100.65,9.96,216.1,0,0,0,0,0,27.25,11.84,216.5,9.67,80.18,0,1,431.7085,98.73,13.44,0.22,98.98,0.001208685,0,145,5,1,0,0
5/24/2016 1:00,0,0.180322996,0,0,0,0,0,0,29.25,88.73,100.6,10.2,220.2,0,0,0,0,0,27.22,12.18,220.9,9.67,80.18,0,1,409.5056,93.93,13.71,1.34,94.46,0.001040103,1,145,5,1,0,0
5/24/2016 2:00,0,0.192280383,0,0,0,0,0,0,29.26,88.48,100.59,10.09,223.5,0,0,0,0,0,27.18,12.02,223.9,9.67,80.18,0,1,378.97363,66.73,15.33,2.53,75.03,0.000173338,2,145,5,1,0,0
5/24/2016 3:00,0,0.084542686,0,0,0,0,0,0,29.23,88.42,100.62,9.62,225.1,0,0,0,0,0,27.15,11.48,225.6,9.67,80.18,0,1,439.60986,6.16,23.92,2.73,31.28,6.10E-05,3,145,5,1,0,0
5/24/2016 4:00,0,0.073656605,0,0,0,0,0,0,29.22,88.08,100.65,9.19,226.4,0,0,0,0,0,27.07,11.01,226.8,9.67,80.18,0,1,529.56445,7.36,23.01,2.86,30.57,6.10E-05,4,145,5,1,0,0
5/24/2016 5:00,0,0.110319761,17.85,8.76,19.09,18.33,0.25,0.08,29.23,87.76,100.71,8.62,227.4,8.1,8.3,1,0,0.03,27,10.33,227.7,9.67,80.18,0,1,603.09106,1.4,33.68,2.89,36.07,4.27E-05,5,145,5,1,0,0
5/24/2016 6:00,875.9,2.75978323,170.25,202.89,111.9,175.52,0.46,0.07,29.39,87.12,100.76,8.15,228,79.08,81.34,8.85,0.07,0.35,27.05,9.6,228.3,9.67,80.18,0,1,698.20874,0,34.6,0.62,34.96,3.05E-05,6,145,5,1,1,3.438027261
5/24/2016 7:00,3195.75,2.792067143,381.12,322.17,215.54,396.15,0.57,0.06,29.63,86.57,100.82,7.92,228.7,180.08,186.4,21.27,0.37,1.83,27.17,9.09,229.1,9.67,80.18,0,1,711.0786,0,24.55,1.77,25.82,0,7,145,5,1,1,17.35530892
5/24/2016 8:00,5550.090909,0.876752791,602.9,573.3,179.63,605.97,0.65,0.06,29.94,85.17,100.84,8.19,230.6,285.2,285.7,35.34,0.88,4.43,27.2,9.42,231.2,9.67,80.18,0,1,762.3611,0,23.99,0,23.99,9.77E-06,8,145,5,1,1,31.35789605
5/24/2016 9:00,3556.5,0.935459458,737.17,493.95,306.37,745.92,0.66,0.05,30.19,83.55,100.83,8.51,232.3,344.07,347.12,43.31,1.31,6.82,27.12,9.76,232.9,9.67,80.18,0,1,914.1406,1.05,7.18,1.55,9.29,0,9,145,5,1,1,45.32380998
5/24/2016 10:00,6568.666667,0.59705306,860.7,555.27,295.31,884.17,0.69,0.05,30.42,82.04,100.8,8.65,233.6,406.8,415.3,53.46,1.85,9.88,27.03,9.93,234.1,9.67,80.18,0,1,914.1406,28.47,0.86,0,28.47,3.17E-05,10,145,5,1,1,59.02903977
5/24/2016 11:00,4969.833333,0.327767655,907.5,542.61,298.6,920.58,0.7,0.05,30.57,81.06,100.73,8.68,233.1,427.44,431.38,56.07,2,10.95,26.96,9.98,233.5,9.67,80.18,0,1,4036.412,97.98,5.79,0,97.98,0.000148918,11,145,5,1,1,71.69885661
5/24/2016 12:00,4413.5,0.500794105,849.6,497.78,281.75,891.05,0.67,0.05,30.62,80.8,100.64,8.67,230.3,401.35,417.67,52.77,1.84,9.82,26.96,9.98,230.8,9.67,80.18,0,1,9808.762,85.57,2.14,0,86.86,0.000240463,12,145,5,1,1,78.75303743
5/24/2016 13:00,8039.75,0.265635359,766.4,466.36,315.95,792.47,0.67,0.05,30.65,80.59,100.56,8.9,226.3,361.79,371.97,46.59,1.47,7.68,26.95,10.24,226.7,9.67,80.18,0,1,5249.8516,32.32,2.6,0.29,34.92,7.93E-05,13,145,5,1,1,71.69885661
5/24/2016 14:00,7473,0.059794447,593.17,325.39,320.04,633.67,0.62,0.06,30.61,80.62,100.5,9.07,222.5,280.93,297.82,35.47,0.94,4.88,26.91,10.49,223,9.67,80.18,0,1,561.18164,1.58,6.61,0.65,8.84,0.000114752,14,145,5,1,1,59.02903977
5/24/2016 15:00,4821.6,0.28242728,411.15,330.45,180.34,430.42,0.58,0.06,30.48,81.31,100.48,9.21,219.2,194.13,202.1,23.32,0.44,2.2,26.94,10.73,219.7,9.67,80.18,0,1,510.0515,0,14.89,4.66,17.75,0.000235601,15,145,5,1,1,45.32380998
5/24/2016 16:00,2261.333333,0.319916353,190.93,231.77,123.92,210.07,0.46,0.07,30.26,82.81,100.51,9.32,216.2,88.92,97.45,10.18,0.1,0.5,27.03,10.98,216.6,9.67,80.18,0,1,593.8594,2.34,10.36,6.07,16.1,0.000439456,16,145,5,1,1,31.35789605
5/24/2016 17:00,592.1666667,0.821586367,30.6,19.31,29.56,32.22,0.28,0.08,29.98,84.76,100.58,9.41,213.9,13.92,14.62,1.71,0.01,0.03,27.15,11.3,214.4,9.67,80.18,0,1,2218.5608,8.24,6.77,3.75,17.48,0.000478528,17,145,5,1,1,17.35530892
5/24/2016 18:00,136,2.405782844,0,0,0,0,0,0,29.76,85.71,100.65,9.6,214.1,0,0,0,0,0,27.13,11.57,214.5,9.67,80.18,0,1,2065.893,6.92,9.72,6.15,20.32,0.000283212,18,145,5,1,1,3.438027261
5/24/2016 19:00,0,2.928487864,0,0,0,0,0,0,29.62,85.48,100.72,10.15,215.9,0,0,0,0,0,26.94,12.24,216.4,9.67,80.18,0,1,506.9192,6.73,15.24,5.22,24.62,8.06E-05,19,145,5,1,0,0
5/24/2016 20:00,0,2.56199581,0,0,0,0,0,0,29.42,85.45,100.78,11.02,220,0,0,0,0,0,26.74,13.13,220.4,9.67,80.18,0,1,512.02856,1.94,19.51,2.13,23.13,6.10E-05,20,145,5,1,0,0
5/24/2016 21:00,0,0.888504299,0,0,0,0,0,0,29.31,85.42,100.79,11.32,224,0,0,0,0,0,26.64,13.45,224.3,9.67,80.18,0,1,1619.9749,12.05,11.53,0.17,22.78,3.05E-05,21,145,5,1,0,0
5/24/2016 22:00,0,2.386727052,0,0,0,0,0,0,29.24,85.55,100.76,11.4,227.7,0,0,0,0,0,26.59,13.6,228.1,9.67,80.18,0,1,1603.9336,25.58,6.56,2.28,32.01,0.000194087,22,145,5,1,0,0
5/24/2016 23:00,0,1.719649299,0,0,0,0,0,0,29.19,85.62,100.69,11.45,230.6,0,0,0,0,0,26.55,13.66,231,9.67,80.18,0,1,496.84302,46.55,9.93,0,52.7,0.000388175,23,145,5,1,0,0
5/25/2016 0:00,0,0.177619593,0,0,0,0,0,0,29.14,85.52,100.61,11.4,232.7,0,0,0,0,0,26.48,13.6,233,9.67,80.18,0,1,470.8894,88.62,13.64,2.15,91.21,0.001367115,0,146,5,2,0,0
5/25/2016 1:00,0,0.254561872,0,0,0,0,0,0,29.11,85.08,100.56,11.29,233.7,0,0,0,0,0,26.36,13.58,234.2,9.67,80.18,0,1,452.61572,98.25,16.64,0,98.46,0.002767225,1,146,5,2,0,0
5/25/2016 2:00,0,0,0,0,0,0,0,0,29.22,82.88,100.57,11.53,235.3,0,0,0,0,0,26.03,13.98,236.2,9.67,80.18,0,1,503.56543,100,27.91,0,100,0.003864651,2,146,5,2,0,0
5/25/2016 3:00,0,0.308164644,0,0,0,0,0,0,29.16,82.68,100.59,10.59,234.1,0,0,0,0,0,25.93,12.75,234.7,9.67,80.18,0,1,571.09204,99.87,25.5,1.09,100,0.005433284,3,146,5,2,0,0
5/25/2016 4:00,0,0.192408859,0,0,0,0,0,0,29.1,82.69,100.63,9.66,232.5,0,0,0,0,0,25.87,11.68,233,9.67,80.18,0,1,2182.2095,99.5,25.5,0.29,99.74,0.005241651,4,146,5,2,0,0
5/25/2016 5:00,0,0.112802362,17.83,14.97,20.51,20.15,0.25,0.07,29.06,82.95,100.68,8.81,231.3,8,9,1,0,0.03,25.88,10.67,231.8,9.67,80.18,0,1,2330.979,93.18,27.91,0.47,95.25,0.003648699,5,146,5,2,0,0
5/25/2016 6:00,796.3,2.7934,166.73,162.62,118.84,192.7,0.45,0.06,29.32,82.34,100.72,8.35,230.5,78.82,90.33,9.04,0.08,0.38,26.01,9.8,231,9.67,80.18,0,1,2318.495,95.96,31.63,0,96.67,0.002344953,6,146,5,2,1,3.466207086
5/25/2016 7:00,3060.833333,3.200673376,384.48,260.42,223.58,420.48,0.58,0.06,29.75,81.06,100.75,8.02,231.1,183.83,199.33,22.35,0.4,1.95,26.18,9.15,231.8,9.67,80.18,0,1,721.0857,91.66,19.87,0.21,93.26,0.001440394,7,146,5,2,1,17.36759053
5/25/2016 8:00,6819.166667,0.879155323,599.88,511.48,205.13,631.45,0.65,0.06,30.17,79.11,100.77,8.35,234.8,286.08,298.72,36.34,0.92,4.68,26.17,9.55,235.6,9.67,80.18,0,1,825.4497,87.66,16.36,0.21,90.33,0.001059566,8,146,5,2,1,31.35371965
5/25/2016 9:00,6113.833333,0.685353833,776.08,599.42,232.47,800.12,0.69,0.05,30.47,77.79,100.76,8.66,237.4,368.28,377.13,48.22,1.5,7.78,26.17,9.89,238.1,9.67,80.18,0,1,4944.703,55.01,3.65,0,55.86,0.000340569,9,146,5,2,1,45.30007008
5/25/2016 10:00,4530.5,0.366954134,865.95,589.2,261.23,909.8,0.69,0.05,30.7,76.98,100.71,8.86,238.2,411.3,427.48,54.93,1.91,10.2,26.21,10.14,238.9,9.67,80.18,0,1,4944.703,0.91,2.57,0,3.48,4.39E-05,10,146,5,2,1,58.97706056
5/25/2016 11:00,5518.333333,0.247428414,873.35,632.74,221.33,940.3,0.67,0.05,30.82,76.65,100.64,8.87,237.2,412.35,440.17,55.42,1.99,10.85,26.26,10.18,237.8,9.67,80.18,0,1,4944.703,0.13,3.11,0.31,3.23,0,11,146,5,2,1,71.59373281
5/25/2016 12:00,6623.5,0.46075762,859.9,534.43,269.89,909.47,0.68,0.05,30.93,76.22,100.55,8.77,234.4,405.58,425.75,54.02,1.9,10.02,26.27,10.11,235.1,9.67,80.18,0,1,4944.703,3.57,2.05,0.31,5.71,2.81E-05,12,146,5,2,1,78.57365611
5/25/2016 13:00,10706.66667,0.199649596,768.08,525.04,253.87,809.7,0.67,0.05,30.98,75.97,100.47,8.73,229.7,362.95,379.5,47.32,1.51,7.72,26.27,10.09,230.5,9.67,80.18,0,1,4944.703,8.56,0.85,1.07,9.71,0.000242975,13,146,5,2,1,71.59373281
5/25/2016 14:00,8985.083333,0.419133429,610.42,464.57,230.35,649.03,0.64,0.06,30.93,76.39,100.42,8.65,224.1,289.02,304.93,36.73,0.97,5,26.32,10.02,224.8,9.67,80.18,0,1,4789.621,25.63,0,1.44,26.7,0.000721467,14,146,5,2,1,58.97706056
5/25/2016 15:00,6674.166667,0.378398383,422.65,373.16,172.12,443.5,0.6,0.06,30.75,77.94,100.38,8.54,217.9,199.65,208.35,24.11,0.46,2.25,26.47,9.91,218.4,9.67,80.18,0,1,3809.3257,57.75,0,4.66,59.06,0.001876188,15,146,5,2,1,45.30007008
5/25/2016 16:00,2894.416667,0.681124947,206.15,239.34,115.83,219.15,0.49,0.07,30.49,80.41,100.4,8.45,211.4,96.37,101.84,10.93,0.11,0.52,26.76,9.91,212,9.67,80.18,0,1,3809.4336,86.36,0.43,1.73,86.57,0.003266601,16,146,5,2,1,31.35371965
5/25/2016 17:00,713.1666667,0.923450178,33.03,35.95,30.7,34.12,0.3,0.08,30.11,83.18,100.45,8.45,208.5,14.89,15.33,1.8,0.01,0.03,26.97,10.19,209.1,9.67,80.18,0,1,2671.0793,95.16,2.2,4.9,95.59,0.004470252,17,146,5,2,1,17.36759053
5/25/2016 18:00,188.3333333,2.554039818,0,0,0,0,0,0,29.85,84.97,100.51,8.61,208.1,0,0,0,0,0,27.06,10.45,208.8,9.67,80.18,0,1,2982.4443,97.43,2.67,7.89,97.8,0.004300479,18,146,5,2,1,3.466207086
5/25/2016 19:00,0,2.614185143,0,0,0,0,0,0,29.73,85.8,100.58,8.81,209.2,0,0,0,0,0,27.12,10.65,209.8,9.67,80.18,0,1,2917.6638,96.47,3.26,6.96,97.21,0.003284861,19,146,5,2,0,0
5/25/2016 20:00,0,2.476205478,0,0,0,0,0,0,29.67,86.45,100.64,9.01,212.1,0,0,0,0,0,27.19,10.87,212.7,9.67,80.18,0,1,3852.4294,93.5,2.54,0.26,93.5,0.002454887,20,146,5,2,0,0
5/25/2016 21:00,0,0.779302716,0,0,0,0,0,0,29.67,85.72,100.67,9.47,218.2,0,0,0,0,0,27.05,11.48,218.8,9.67,80.18,0,1,3737.798,82.87,3.18,0.92,83.14,0.002171682,21,146,5,2,0,0
5/25/2016 22:00,0,2.203632844,0,0,0,0,0,0,29.62,84.25,100.65,10.11,224.9,0,0,0,0,0,26.7,12.2,225.4,9.67,80.18,0,1,544.33984,89.58,10.15,0.79,90.7,0.004870541,22,146,5,2,0,0
5/25/2016 23:00,0,2.091736946,0,0,0,0,0,0,29.49,84.22,100.6,10.29,230.5,0,0,0,0,0,26.57,12.35,230.9,9.67,80.18,0,1,3175.5793,94.02,11.53,0,94.81,0.009066116,23,146,5,2,0,0
5/26/2016 0:00,0,0.252567114,0,0,0,0,0,0,29.32,84.91,100.52,10.19,234.4,0,0,0,0,0,26.54,12.2,234.7,9.67,80.18,0,1,7313.7383,96.26,5.29,0.13,96.26,0.012924634,0,147,5,3,0,0
5/26/2016 1:00,0,0.011188735,0,0,0,0,0,0,29.23,85.19,100.47,9.96,237.5,0,0,0,0,0,26.51,11.93,237.8,9.67,80.18,0,1,8858.289,98.28,1.92,0.31,98.71,0.015930697,1,147,5,3,0,0
5/26/2016 2:00,0,0.268755851,0,0,0,0,0,0,29.14,85.65,100.44,9.41,238.8,0,0,0,0,0,26.5,11.32,239.2,9.67,80.18,0,1,1914.4817,96.03,5.41,0,96.03,0.006476611,2,147,5,3,0,0
5/26/2016 3:00,0,0.338622942,0,0,0,0,0,0,29.04,86.24,100.45,8.62,237.8,0,0,0,0,0,26.53,10.4,238.3,9.67,80.18,0,1,591.77637,44.3,7.78,0,49.28,0.000966709,3,147,5,3,0,0
5/26/2016 4:00,0,0.203181267,0,0,0,0,0,0,28.96,86.63,100.5,7.93,236.3,0,0,0,0,0,26.53,9.61,236.8,9.67,80.18,0,1,4332.047,26.51,7.9,0,31.52,0.000437048,4,147,5,3,0,0
5/26/2016 5:00,0,0.442289398,19.15,13.45,20.08,20.23,0.27,0.08,28.95,86.74,100.56,7.41,234.5,8.51,8.95,1.04,0,0.03,26.53,8.99,234.9,9.67,80.18,0,1,6026.4414,38.31,3.04,0,39.2,0.001856799,5,147,5,3,0,0
5/26/2016 6:00,896.2727273,2.589142479,183.52,288.15,97.03,190.95,0.5,0.07,29.33,85.39,100.64,7.4,232.4,85.58,88.97,9.41,0.08,0.38,26.65,8.49,232.9,9.67,80.18,0,1,8485.48,61.45,1.07,0,61.66,0.002681916,6,147,5,3,1,3.493373403
5/26/2016 7:00,2874.272727,2.662071431,408.88,518.92,140.62,417.75,0.62,0.06,29.81,82.98,100.72,7.61,232.7,193.5,197.03,22.95,0.4,1.98,26.63,8.61,233.7,9.67,80.18,0,1,8610.5625,69.44,1.28,0,69.86,0.00144285,7,147,5,3,1,17.37927834
5/26/2016 8:00,5581.5,0.546709599,607.95,545.05,207.9,608.1,0.66,0.06,30.1,81.06,100.77,7.84,234.5,286.91,286.1,35.57,0.89,4.45,26.51,8.81,235.3,9.67,80.18,0,1,10913.844,69.72,1.07,0,70.14,0.000783668,8,147,5,3,1,31.34936448
5/26/2016 9:00,5650.777778,0.879345029,789.7,635.46,223.97,796.4,0.71,0.05,30.28,79.9,100.78,7.95,235.6,373.13,373.86,48.5,1.51,7.93,26.44,8.94,236.1,9.67,80.18,0,1,10935.465,48.62,0.21,0,48.62,0.000366183,9,147,5,3,1,45.27662894
5/26/2016 10:00,5301.946167,0.549220288,884.2,641.21,233.88,905.55,0.71,0.05,30.44,79.01,100.75,8.11,236.5,416.92,424,55.4,1.93,10.45,26.4,9.12,237,9.67,80.18,0,1,10966.855,45,0,0,45,0.000159893,10,147,5,3,1,58.92608275
5/26/2016 11:00,2670.833333,0.355011639,942.5,703,229.36,949.22,0.73,0.05,30.54,78.29,100.69,8.19,237.1,444.27,444.13,59.36,2.15,11.82,26.35,9.22,237.6,9.67,80.18,0,1,10966.855,15.35,0,0,15.35,5.13E-05,11,147,5,3,1,71.49122729
5/26/2016 12:00,2244.333333,0.342456893,909.38,654.6,230.55,920.33,0.72,0.05,30.63,77.61,100.61,8.15,236.7,429.15,431.12,57.17,2.02,10.93,26.29,9.18,237.3,9.67,80.18,0,1,11098.637,9.37,0,0,9.37,0.000202627,12,147,5,3,1,78.40052609
5/26/2016 13:00,2656.363636,0.132389629,800.7,600.78,244.16,803.38,0.7,0.05,30.75,76.87,100.52,7.98,234.3,374.05,373.61,48.1,1.52,8,26.24,9.03,235,9.67,80.18,0,1,11098.637,16.75,0,1.41,17.71,0.000676285,13,147,5,3,1,71.49122729
5/26/2016 14:00,2873.545455,0.736609752,647.33,566.07,206.5,663.55,0.68,0.05,30.85,76.46,100.46,7.75,230.3,307.25,312.97,39.14,1.04,5.38,26.24,8.78,231.1,9.67,80.18,0,1,11098.637,24.97,0,1.12,25.78,0.001453898,14,147,5,3,1,58.92608275
5/26/2016 15:00,4672.333333,0.460423651,451.52,498.13,175.55,458.9,0.64,0.06,30.86,77.03,100.43,7.45,223.8,214.58,217.21,25.84,0.49,2.42,26.39,8.56,224.4,9.67,80.18,0,1,6560.5586,22.77,0,2.15,24.1,0.000902154,15,147,5,3,1,45.27662894
5/26/2016 16:00,2873.583333,0.624675481,228.32,351.86,110.55,232.35,0.54,0.07,30.7,79.45,100.45,7.11,214.4,107.62,109.35,11.86,0.12,0.57,26.75,8.32,214.7,9.67,80.18,0,1,5180.6797,23.95,0,10.01,30,0.000808166,16,147,5,3,1,31.34936448
5/26/2016 17:00,478.6666667,0.976084728,36.9,65.13,31.5,37.17,0.33,0.08,30.34,82.95,100.48,6.89,205.6,16.65,16.77,1.94,0.01,0.03,27.13,8.4,206,9.67,80.18,0,1,4932.1953,23.33,0,14.17,33.64,0.00122808,17,147,5,3,1,17.37927834
5/26/2016 18:00,120.6,2.472085655,0,0,0,0,0,0,30.08,85.23,100.53,7.13,201.8,0,0,0,0,0,27.34,8.8,202.2,9.67,80.18,0,1,4820.949,41.78,0,13.87,48.73,0.002326763,18,147,5,3,1,3.493373403
5/26/2016 19:00,0,2.719683328,0,0,0,0,0,0,29.94,86.93,100.58,7.36,201.3,0,0,0,0,0,27.54,9.02,201.6,9.67,80.18,0,1,4746.8477,91.84,0.37,12.61,92.54,0.00576796,19,147,5,3,0,0
5/26/2016 20:00,0,2.401369297,0,0,0,0,0,0,29.82,88.18,100.64,7.48,203.8,0,0,0,0,0,27.66,9.11,204.1,9.67,80.18,0,1,3116.4998,100,1.06,15.74,100,0.00467414,20,147,5,3,0,0
5/26/2016 21:00,0,0.987773576,0,0,0,0,0,0,29.72,88.84,100.68,7.5,207.8,0,0,0,0,0,27.7,9.12,208.1,9.67,80.18,0,1,2010.76,100,5.9,12.67,100,0.002739249,21,147,5,3,0,0
5/26/2016 22:00,0,2.538041021,0,0,0,0,0,0,29.65,87.93,100.7,7.83,214,0,0,0,0,0,27.46,9.55,214.5,9.67,80.18,0,1,1106.2749,99.49,4.81,13.54,99.49,0.002390111,22,147,5,3,0,0
5/26/2016 23:00,0,2.230904132,0,0,0,0,0,0,29.56,86.04,100.67,8.39,221.5,0,0,0,0,0,27.01,10.15,221.8,9.67,80.18,0,1,1446.2378,99.35,8.6,2.05,99.35,0.002175267,23,147,5,3,0,0
5/27/2016 0:00,0,0.372770578,0,0,0,0,0,0,29.42,85.75,100.6,8.59,226.2,0,0,0,0,0,26.8,10.31,226.4,9.67,80.18,0,1,1517.8828,99.87,10.38,11,99.87,0.001809077,0,148,5,4,0,0
5/27/2016 1:00,0,0.070262747,0,0,0,0,0,0,29.28,86.06,100.55,8.58,228.4,0,0,0,0,0,26.73,10.27,228.6,9.67,80.18,0,1,1426.6641,99.61,6.59,6.37,99.74,0.001417225,1,148,5,4,0,0
5/27/2016 2:00,0,0.001494307,0,0,0,0,0,0,29.15,86.28,100.51,8.37,228.3,0,0,0,0,0,26.64,10.03,228.5,9.67,80.18,0,1,508.83203,99.95,24.51,6.64,99.96,0.000883782,2,148,5,4,0,0
5/27/2016 3:00,0,0.12566813,0,0,0,0,0,0,29.05,86.4,100.52,8.08,229.4,0,0,0,0,0,26.57,9.71,229.5,9.67,80.18,0,1,560.20435,93.46,15.33,7.05,95.08,0.000584711,3,148,5,4,0,0
5/27/2016 4:00,0,0.151760456,0,0,0,0,0,0,29,86.45,100.56,7.62,232.5,0,0,0,0,0,26.53,9.21,232.5,9.67,80.18,0,1,665.0254,90.13,11.42,2.03,91.7,0.000491938,4,148,5,4,0,0
5/27/2016 5:00,0,0.329790031,18.75,17.71,22.46,20.23,0.27,0.08,28.98,86.47,100.65,7.03,236.5,8.48,9.05,1.08,0,0.03,26.52,8.54,236.6,9.67,80.18,0,1,681.61694,74.62,25.76,2.63,85.07,0.000277101,5,148,5,4,0,0
5/27/2016 6:00,939.7777778,2.455104338,169.93,90.02,109.24,192.2,0.46,0.06,29.25,85.37,100.75,6.6,241.1,80.63,90.02,9.34,0.08,0.38,26.56,7.72,241.2,9.67,80.18,0,1,703.9795,85.25,22.51,1.42,90.94,0.000444283,6,148,5,4,1,3.519521294
5/27/2016 7:00,3363.583333,3.093817764,380.67,403.17,157.44,418.8,0.57,0.06,29.56,83.99,100.82,6.23,245.5,182.2,198.6,22.18,0.39,1.92,26.59,7.02,246,9.67,80.18,0,1,2484.3508,97.1,12.32,0.58,98.08,0.000436957,7,148,5,4,1,17.39038646
5/27/2016 8:00,5069.727273,0.798275749,616.17,597.02,172.47,628.55,0.67,0.06,29.88,81.94,100.87,6.24,249.3,293.65,297.7,37.11,0.93,4.68,26.48,7.02,249.8,9.67,80.18,0,1,714.6687,40.58,14.56,1.07,53.87,8.18E-05,8,148,5,4,1,31.34486656
5/27/2016 9:00,5512.416667,0.570263342,761.72,597.95,225.21,795.45,0.68,0.05,30.17,79.89,100.87,6.13,251.7,362.98,375.59,47.6,1.48,7.68,26.34,6.86,252,9.67,80.18,0,1,660.7263,61.29,11.08,4.09,67.19,0.001321917,9,148,5,4,1,45.25355077
5/27/2016 10:00,4587.916667,0.280592805,860.17,548.47,293.74,903.9,0.69,0.05,30.42,78.3,100.85,5.96,251.7,409.11,425.83,54.62,1.9,10.05,26.23,6.65,251.9,9.67,80.18,0,1,2393.7195,59.45,3.7,1.09,62.91,0.000184319,10,148,5,4,1,58.87621172
5/27/2016 11:00,5076.5,0.117989674,910.05,584.02,289.23,932.65,0.7,0.05,30.58,77.21,100.79,5.94,248.3,430.3,438.08,57.1,2.05,11.12,26.16,6.65,248.6,9.67,80.18,0,1,612.9558,3.48,6.95,0.37,9.98,6.10E-05,11,148,5,4,1,71.39149814
5/27/2016 12:00,7509,0.466778437,815.85,463.69,291.57,903.03,0.65,0.05,30.69,76.53,100.72,6.06,242.5,387.23,424.5,52.07,1.82,9.68,26.12,6.8,243,9.67,80.18,0,1,612.9558,0.76,11.35,0.4,11.96,7.32E-05,12,148,5,4,1,78.23369868
5/27/2016 13:00,10578.16667,0.361093679,738.33,361.11,356.24,804.7,0.65,0.05,30.76,76.1,100.64,6.34,235.5,351.45,379.17,46.1,1.48,7.47,26.08,7.15,236.3,9.67,80.18,0,1,612.9558,8.1,6.39,1.96,14.96,0.000109861,13,148,5,4,1,71.39149814
5/27/2016 14:00,8495.416667,0.186680074,526.17,464.39,188.03,646.12,0.55,0.05,30.74,76.22,100.59,6.74,230.5,251.15,305.26,33.01,0.88,4.6,26.1,7.65,231.3,9.67,80.18,0,1,612.9558,58.09,9.4,1.08,63.76,0.000476043,14,148,5,4,1,58.87621172
5/27/2016 15:00,4174.090909,0.234392251,382.17,380.17,160.93,442.33,0.54,0.06,30.64,77.16,100.59,7.07,226.8,181.82,209.2,22.47,0.43,2.12,26.21,8.11,227.4,9.67,80.18,0,1,3779.2559,85.91,10.28,0.04,86.49,0.000696985,15,148,5,4,1,45.25355077
5/27/2016 16:00,2197.166667,0.549877263,193.5,234.23,118.65,219.15,0.46,0.06,30.43,79.2,100.62,7.29,222.2,91.18,102.65,10.54,0.1,0.5,26.45,8.5,222.6,9.67,80.18,0,1,637.6787,89.74,8.72,0.01,90.21,0.001247522,16,148,5,4,1,31.34486656
5/27/2016 17:00,748.3333333,1.118921425,32.95,23.58,32.31,34.55,0.29,0.08,30.05,82.43,100.67,7.31,217.4,15.03,15.73,1.83,0.01,0.03,26.74,8.82,217.7,9.67,80.18,0,1,3479.6694,96.06,5.39,0.01,96.06,0.003500925,17,148,5,4,1,17.39038646
5/27/2016 18:00,131.3333333,2.365606393,0,0,0,0,0,0,29.76,84.8,100.72,7.61,214.8,0,0,0,0,0,26.95,9.26,215.1,9.67,80.18,0,1,454.4536,99.15,9.94,0,99.15,0.005495563,18,148,5,4,1,3.519521294
5/27/2016 19:00,0,2.4714232,0,0,0,0,0,0,29.65,85.86,100.76,8.09,215.3,0,0,0,0,0,27.04,9.8,215.5,9.67,80.18,0,1,504.9646,99.41,11.26,0,99.42,0.006833393,19,148,5,4,0,0
5/27/2016 20:00,0,2.479674435,0,0,0,0,0,0,29.6,85.99,100.8,8.44,217.2,0,0,0,0,0,27.03,10.25,217.5,9.67,80.18,0,1,506.57446,99.08,8.91,0,99.08,0.0072142,20,148,5,4,0,0
5/27/2016 21:00,0,0.880795987,0,0,0,0,0,0,29.52,84.74,100.84,9.23,221.2,0,0,0,0,0,26.71,11.17,221.4,9.67,80.18,0,1,620.73535,99.34,14.31,0.55,99.34,0.007441193,21,148,5,4,0,0
5/27/2016 22:00,0,1.879822545,0,0,0,0,0,0,29.39,84.31,100.86,10.07,228.1,0,0,0,0,0,26.49,12.13,228.4,9.67,80.18,0,1,440.30664,100,11.41,0.16,100,0.006888226,22,148,5,4,0,0
5/27/2016 23:00,0,2.029695113,0,0,0,0,0,0,29.27,83.49,100.85,11.01,236.9,0,0,0,0,0,26.21,13.24,237.3,9.67,80.18,0,1,493.71655,100,15.4,0,100,0.007774431,23,148,5,4,0,0
5/28/2016 0:00,0,0.132663794,0,0,0,0,0,0,29.12,81.41,100.82,11.94,244.5,0,0,0,0,0,25.62,14.39,244.9,9.67,80.18,0,1,483.8015,99.5,9.23,0.13,99.5,0.008733906,0,149,5,5,0,0
5/28/2016 1:00,0,0.292595598,0,0,0,0,0,0,28.94,78.28,100.78,12.11,247.8,0,0,0,0,0,24.79,14.58,248.2,9.67,80.18,0,1,528.9839,98.09,8.88,0,98.3,0.010480825,1,149,5,5,0,0
5/28/2016 2:00,0,0.491444926,0,0,0,0,0,0,28.81,76.49,100.75,11.26,246.9,0,0,0,0,0,24.29,13.69,247.4,9.67,80.18,0,1,1970.9597,99.71,8.16,0,99.71,0.011653986,2,149,5,5,0,0
5/28/2016 3:00,0,0.366832468,0,0,0,0,0,0,28.72,76.28,100.74,10.3,243.8,0,0,0,0,0,24.16,12.6,244.2,9.67,80.18,0,1,2068.6282,96.71,7.07,0,97.21,0.013621595,3,149,5,5,0,0
5/28/2016 4:00,0,0.126116701,0,0,0,0,0,0,28.6,77.3,100.74,9.5,239.8,0,0,0,0,0,24.26,11.65,240.1,9.67,80.18,0,1,2139.201,98.91,13.39,0,99.32,0.014240522,4,149,5,5,0,0
5/28/2016 5:00,0,0.016124281,16.98,8.37,19.94,19.17,0.24,0.07,28.47,78.93,100.78,8.65,235.3,7.65,8.67,0.96,0,0.03,24.48,10.64,235.3,9.67,80.18,0,1,2177.757,97.71,10.47,0.02,97.71,0.016512342,5,149,5,5,0,0
5/28/2016 6:00,767.9090909,3.291438708,159,159.42,122.11,183.05,0.43,0.06,28.77,78.46,100.85,8.39,231.2,74.88,85.34,8.66,0.07,0.35,24.68,9.9,231.6,9.67,80.18,0,1,2202.3547,97.76,16.29,0.16,97.76,0.017737903,6,149,5,5,1,3.544646094
5/28/2016 7:00,3016.583333,3.035111869,363.67,384.82,156.79,406.48,0.55,0.06,29.21,76.7,100.92,8.29,230.7,172.95,191.9,20.99,0.37,1.83,24.71,9.46,231.4,9.67,80.18,0,1,2231.0188,95.77,15.35,0.14,96.73,0.017613392,7,149,5,5,1,17.40092871
5/28/2016 8:00,6231.833333,1.01150137,583.6,514.62,204.31,616.22,0.64,0.06,29.58,74.77,100.96,8.32,233.6,277.58,290.82,35.07,0.89,4.5,24.64,9.41,234.2,9.67,80.18,0,1,3980.4592,99.02,4.51,0.08,99.24,0.015340418,8,149,5,5,1,31.34026093
5/28/2016 9:00,6951.25,0.781187109,735.67,595.29,188.27,784.38,0.66,0.05,29.89,73.53,100.97,8.2,235.7,348.19,369.2,45.51,1.41,7.35,24.67,9.19,236.1,9.67,80.18,0,1,3895.6294,96.7,2.75,0.72,96.92,0.014617786,9,149,5,5,1,45.23089792
5/28/2016 10:00,8764.916667,0.607828594,855.03,570.74,268.83,894.08,0.69,0.05,30.12,72.87,100.93,8.06,236.2,405.15,419.78,53.68,1.87,10,24.74,9.01,236.8,9.67,80.18,0,1,3949.3474,98.01,1.6,1.04,98.02,0.010123119,10,149,5,5,1,58.82754923
5/28/2016 11:00,9541.166667,0.463346774,903.33,597.24,276.9,942.15,0.7,0.05,30.28,72.48,100.86,8.05,234.5,427.88,442.35,57.28,2.08,11.3,24.8,8.99,235.1,9.67,80.18,0,1,9118.574,91.3,0.24,0.91,91.55,0.006264631,11,149,5,5,1,71.29469573
5/28/2016 12:00,7270.583333,0.281820871,847.47,497.58,320.67,912.35,0.67,0.05,30.37,72.51,100.76,8.14,231.2,402.33,428.53,53.85,1.91,10.1,24.88,9.09,231.9,9.67,80.18,0,1,9362.164,74.62,0,0.36,74.62,0.004425041,12,149,5,5,1,78.0732233
5/28/2016 13:00,5905.833333,0.280274763,754.65,536.85,251.2,813.92,0.66,0.05,30.38,72.89,100.68,8.18,227.6,358.12,383.12,47.28,1.53,7.8,24.99,9.15,228.4,9.67,80.18,0,1,6119.867,44.38,1.55,3.26,46.57,0.001262191,13,149,5,5,1,71.29469573
5/28/2016 14:00,5482.25,0.453123603,608.58,382.36,330.27,655.05,0.64,0.06,30.24,73.81,100.63,8.13,223.9,289.8,309.2,37.08,1,5.18,25.06,9.14,224.7,9.67,80.18,0,1,4753.3125,12.53,1.84,0,14.36,0.000137936,14,149,5,5,1,58.82754923
5/28/2016 15:00,4910,0.427484483,400.45,517.14,132.61,450.6,0.56,0.06,30.08,74.85,100.61,8.02,219.7,190.42,212.98,23.45,0.45,2.22,25.14,9.06,220.5,9.67,80.18,0,1,574.1531,0.39,1.72,0,2.11,8.55E-06,15,149,5,5,1,45.23089792
5/28/2016 16:00,2487.75,0.595246884,198.82,330.08,127.18,225.7,0.47,0.06,29.86,76.41,100.63,7.98,214.8,93.82,105.75,10.84,0.11,0.52,25.28,9.12,215.6,9.67,80.18,0,1,511.23218,0,10.17,2.05,11.1,8.55E-06,16,149,5,5,1,31.34026093
5/28/2016 17:00,661.25,1.06728989,33.22,37.28,31.65,36,0.29,0.08,29.48,78.94,100.68,7.89,210.6,15.2,16.33,1.85,0.01,0.03,25.46,9.39,211.3,9.67,80.18,0,1,507.76025,0.44,14.58,0,15.02,1.95E-05,17,149,5,5,1,17.40092871
5/28/2016 18:00,138.4,2.589714523,0,0,0,0,0,0,29.17,80.91,100.73,8.07,207.1,0,0,0,0,0,25.57,9.74,207.6,9.67,80.18,0,1,506.9917,3.91,18.62,0.87,22.32,0.000863213,18,149,5,5,1,3.544646094
5/28/2016 19:00,0,3.234438791,0,0,0,0,0,0,29.06,81.63,100.78,8.45,206.1,0,0,0,0,0,25.6,10.2,206.7,9.67,80.18,0,1,474.979,0.64,7.66,2.57,9.81,9.77E-06,19,149,5,5,0,0
5/28/2016 20:00,0,2.310707708,0,0,0,0,0,0,28.97,81.85,100.82,8.95,209,0,0,0,0,0,25.58,10.73,209.4,9.67,80.18,0,1,541.6377,0,15.74,0,15.74,8.55E-06,20,149,5,5,0,0
5/28/2016 21:00,0,1.292284932,0,0,0,0,0,0,28.85,82.08,100.84,9.23,213.7,0,0,0,0,0,25.51,11.05,213.9,9.67,80.18,0,1,405.05078,0.64,12.5,0,13.14,8.55E-05,21,149,5,5,0,0
5/28/2016 22:00,0,2.585949696,0,0,0,0,0,0,28.75,82.03,100.83,9.63,219.9,0,0,0,0,0,25.38,11.57,220.2,9.67,80.18,0,1,404.15698,3.54,13.2,0.42,16.29,0.000846072,22,149,5,5,0,0
5/28/2016 23:00,0,1.737340185,0,0,0,0,0,0,28.65,81.46,100.79,9.98,226.1,0,0,0,0,0,25.17,11.97,226.2,9.67,80.18,0,1,388.03125,1.85,12.55,2.26,13.9,0.0003174,23,149,5,5,0,0
5/29/2016 0:00,0,0.11338639,0,0,0,0,0,0,28.51,81.01,100.72,9.96,229.8,0,0,0,0,0,24.95,11.91,229.7,9.67,80.18,0,1,418.9944,2.42,9.4,4.03,11.12,0.000250239,0,150,5,6,0,0
5/29/2016 1:00,0,0.108426451,0,0,0,0,0,0,28.36,80.72,100.64,9.73,232.3,0,0,0,0,0,24.75,11.68,232.1,9.67,80.18,0,1,413.4016,13.91,18.6,5.41,31.47,0.000203848,1,150,5,6,0,0
5/29/2016 2:00,0,0,0,0,0,0,0,0,28.28,80.57,100.6,9.39,234.6,0,0,0,0,0,24.63,11.33,234.4,9.67,80.18,0,1,450.1819,25.4,14.12,3.55,36.27,0.000192866,2,150,5,6,0,0
5/29/2016 3:00,0,0.038326621,0,0,0,0,0,0,28.19,80.86,100.59,9.01,235.9,0,0,0,0,0,24.61,10.92,235.8,9.67,80.18,0,1,569.7053,21.06,19.86,0.22,34.9,0.000224605,3,150,5,6,0,0
5/29/2016 4:00,0,0,0,0,0,0,0,0,28.11,81.42,100.6,8.66,236.4,0,0,0,0,0,24.65,10.58,236.4,9.67,80.18,0,1,629.2112,32.09,16.05,0,41.5,0.0004358,4,150,5,6,0,0
5/29/2016 5:00,0,0.509266651,18.88,15.35,19.48,19.65,0.27,0.08,28.12,81.73,100.64,8.47,236.8,8.48,8.85,1.05,0,0.03,24.73,10.34,236.7,9.67,80.18,0,1,689.52295,54.55,11.12,0,58.36,0.000584724,5,150,5,6,0,0
5/29/2016 6:00,776.1,3.00476206,174.18,268.53,110.37,187.18,0.48,0.07,28.6,80.09,100.69,8.7,237.6,81.78,87.58,9.19,0.08,0.38,24.86,10.12,237.8,9.67,80.18,0,1,792.86523,50.48,12.34,0.32,54.38,0.000439456,6,150,5,6,1,3.568743388
5/29/2016 7:00,2932.833333,3.254871538,381.25,404.57,147.04,411.25,0.58,0.06,29.13,77.78,100.74,8.89,239.6,181.32,194.77,21.86,0.38,1.88,24.87,10.12,240.1,9.67,80.18,0,1,828.6299,45.1,4.83,0.6,47.74,0.000345468,7,150,5,6,1,17.41091856
5/29/2016 8:00,6086.416667,1.145832515,600.85,443.23,245.2,620.25,0.66,0.06,29.55,76.02,100.77,8.87,241.7,286.08,293.45,36.09,0.91,4.62,24.89,9.99,242.1,9.67,80.18,0,1,1055.3203,60.3,7.23,3.79,62.92,0.000297857,8,150,5,6,1,31.33558164
5/29/2016 9:00,7675.083333,0.571258515,760.67,627.46,203.42,787.03,0.68,0.05,29.99,74.54,100.79,8.68,244.4,361.59,371.18,47.18,1.47,7.65,24.99,9.74,244.9,9.67,80.18,0,1,1959.3289,58.67,2.72,2.52,59.55,0.000307631,9,150,5,6,1,45.20873073
5/29/2016 10:00,9755.916667,0.469108152,852.92,632.44,214.18,895.35,0.69,0.05,30.38,73.32,100.77,8.31,247.5,404.05,421.18,53.88,1.88,10.05,25.08,9.32,248.1,9.67,80.18,0,1,1959.3289,9.93,1.58,0.83,11.54,0.00010866,10,150,5,6,1,58.78019339
5/29/2016 11:00,11093.16667,0.608997594,907.12,537.6,280.82,938.35,0.7,0.05,30.71,72.15,100.71,7.62,249.5,429.87,441.23,57.57,2.08,11.35,25.13,8.53,250.3,9.67,80.18,0,1,1959.3289,9.08,1,1.6,10.41,2.07E-05,11,150,5,6,1,71.20096291
5/29/2016 12:00,8699.583333,0.157529669,875.12,479.01,327.77,909.92,0.7,0.05,30.98,71.11,100.64,6.82,250,414.7,427.85,55.2,1.95,10.43,25.15,7.62,251,9.67,80.18,0,1,1959.3289,8.37,0.16,0.47,8.83,5.13E-05,12,150,5,6,1,77.91914752
5/29/2016 13:00,10014.33333,0.561724833,782.4,667.58,217.98,811.92,0.68,0.05,31.16,70.34,100.57,6.06,248.9,371.22,382.63,48.84,1.57,8.12,25.14,6.79,250.1,9.67,80.18,0,1,1520.9126,3.54,2.26,3.38,6.9,4.03E-05,13,150,5,6,1,71.20096291
5/29/2016 14:00,7946.583333,0.431752887,605.5,394.16,270.18,654.1,0.63,0.06,31.25,69.97,100.5,5.53,244.5,288.73,309.1,37.01,1,5.18,25.14,6.22,245.7,9.67,80.18,0,1,1257.6294,2.36,8.64,8.14,10.25,3.17E-05,14,150,5,6,1,58.78019339
5/29/2016 15:00,7517.25,0.481239251,423.25,417.91,201.13,450.88,0.6,0.06,31.21,70.18,100.48,5.25,236.2,201.52,213.28,24.52,0.47,2.33,25.14,5.97,237.1,9.67,80.18,0,1,1304.8501,1.91,8.73,12.22,13.18,9.03E-05,15,150,5,6,1,45.20873073
5/29/2016 16:00,3064.272727,0.862443643,209.73,271.56,118.16,226.77,0.5,0.07,31.02,71.83,100.49,5.19,226.1,98.85,106.38,11.25,0.11,0.55,25.36,5.99,226.6,9.67,80.18,0,1,1486.9233,10.97,15.17,23.63,25.72,0.00033203,16,150,5,6,1,31.33558164
5/29/2016 17:00,671.75,1.126570243,35.67,49.78,31.92,36.8,0.31,0.08,30.51,76.04,100.54,5.09,215,16.19,16.65,1.94,0.01,0.03,25.83,6.33,215.3,9.67,80.18,0,1,744.8303,16.73,9.49,28.81,39.72,0.001654007,17,150,5,6,1,17.41091856
5/29/2016 18:00,147.5,2.57162065,0,0,0,0,0,0,30.03,79.76,100.6,5.52,208.1,0,0,0,0,0,26.16,6.98,208.4,9.67,80.18,0,1,1577.5381,27.86,9.21,27.27,46.46,0.003080881,18,150,5,6,1,3.568743388
5/29/2016 19:00,0,3.174984391,0,0,0,0,0,0,29.77,82.47,100.65,5.96,206,0,0,0,0,0,26.47,7.41,206.1,9.67,80.18,0,1,2126.78,55.5,0.43,7.5,60.34,0.007245697,19,150,5,6,0,0
5/29/2016 20:00,0,2.581516576,0,0,0,0,0,0,29.58,84.66,100.69,6.13,207.9,0,0,0,0,0,26.74,7.57,208,9.67,80.18,0,1,2203.1387,76.82,1.84,4.9,78.78,0.004653238,20,150,5,6,0,0
5/29/2016 21:00,0,1.210248892,0,0,0,0,0,0,29.47,85.55,100.69,6.41,215,0,0,0,0,0,26.8,7.9,215.1,9.67,80.18,0,1,2382.1714,65.13,2.47,1.63,65.9,0.003388857,21,150,5,6,0,0
5/29/2016 22:00,0,2.473309967,0,0,0,0,0,0,29.43,84.87,100.66,6.81,222.5,0,0,0,0,0,26.63,8.4,222.3,9.67,80.18,0,1,3658.822,55.4,2.48,1.97,56.4,0.004118834,22,150,5,6,0,0
5/29/2016 23:00,0,2.041603239,0,0,0,0,0,0,29.37,83.27,100.6,7.42,228.1,0,0,0,0,0,26.26,9.11,227.9,9.67,80.18,0,1,1829.343,45.72,2.28,2.41,47.48,0.000745937,23,150,5,6,0,0
5/30/2016 0:00,0,0.190631622,0,0,0,0,0,0,29.19,82.45,100.53,7.86,231,0,0,0,0,0,25.91,9.61,230.9,9.67,80.18,0,1,1797.2478,28.91,6.26,5.33,35.42,0.00073003,0,151,5,0,0,0
5/30/2016 1:00,0,0,0,0,0,0,0,0,28.95,82.3,100.49,8.26,232.9,0,0,0,0,0,25.65,10.04,232.9,9.67,80.18,0,1,1834.1233,9.46,3.9,6.83,15.67,0.000241699,1,151,5,0,0,0
5/30/2016 2:00,0,0.276578884,0,0,0,0,0,0,28.75,82.41,100.48,8.31,235.5,0,0,0,0,0,25.47,10.07,235.5,9.67,80.18,0,1,596.99316,39.16,7.55,2.99,45.51,0.000302719,2,151,5,0,0,0
5/30/2016 3:00,0,0.117170318,0,0,0,0,0,0,28.62,82.49,100.5,7.94,238.7,0,0,0,0,0,25.35,9.68,238.6,9.67,80.18,0,1,634.114,82.31,14.51,0.99,85.5,0.00095951,3,151,5,0,0,0
5/30/2016 4:00,0,0.068608566,0,0,0,0,0,0,28.55,82.46,100.54,7.35,241.7,0,0,0,0,0,25.29,9.04,241.5,9.67,80.18,0,1,717.68286,71.31,11.52,0.37,73.21,0.001068156,4,151,5,0,0,0
5/30/2016 5:00,0,0.323295076,18.85,18.27,20.04,19.65,0.27,0.08,28.55,82.4,100.61,6.84,243.5,8.48,8.83,1.04,0,0.03,25.28,8.46,243.2,9.67,80.18,0,1,718.8325,70.81,6.35,0.21,71.73,0.001178003,5,151,5,0,0,0
5/30/2016 6:00,917.7,2.599556523,179.77,288.92,95.23,186.9,0.49,0.07,28.97,80.41,100.7,6.82,244.6,84.27,87.5,9.34,0.08,0.38,25.27,7.94,244.6,9.67,80.18,0,1,707.7009,64.09,5.72,5.33,67.63,0.001644315,6,151,5,0,1,3.591809006
5/30/2016 7:00,3622.083333,2.646182233,395.62,497.59,144.83,411,0.6,0.06,29.35,77.9,100.76,6.85,245.2,188.1,194.78,22.49,0.39,1.92,25.12,7.71,245.6,9.67,80.18,0,1,4115.875,43.13,5.03,3.69,47.4,0.000936284,7,151,5,0,1,17.42036913
5/30/2016 8:00,6329,0.590028876,608.38,578.42,192.53,620.17,0.66,0.06,29.64,76.03,100.8,7,243.4,289.7,293.72,36.46,0.92,4.62,24.98,7.8,243.8,9.67,80.18,0,1,966.07715,8.25,5.96,8.68,18.57,0.00012207,8,151,5,0,1,31.33086166
5/30/2016 9:00,8940.583333,0.780507626,748.2,581.6,227.2,787.25,0.67,0.05,29.92,74.86,100.82,7.12,239.6,355.69,371.72,46.69,1.46,7.55,25.01,7.88,239.9,9.67,80.18,0,1,2556.9263,0.53,6.49,10.13,14.16,9.03E-05,9,151,5,0,1,45.18710754
5/30/2016 10:00,8531.833333,0.255711861,863.8,640.55,217.02,896.1,0.7,0.05,30.21,73.83,100.78,7.32,236.6,409.45,422.07,54.49,1.89,10.2,25.04,8.11,236.9,9.67,80.18,0,1,3840.8545,0.79,0,7.93,8.59,8.67E-05,10,151,5,0,1,58.73423856
5/30/2016 11:00,9010.166667,0.704878404,921.2,580.78,283.07,947.08,0.71,0.05,30.44,72.89,100.72,7.6,234.7,437.97,446.62,58.93,2.15,11.68,25.04,8.42,235,9.67,80.18,0,1,4255.4336,0,0,5.99,5.99,5.62E-05,11,151,5,0,1,71.11043514
5/30/2016 12:00,10269.5,0,831.28,600.36,200.38,917.97,0.66,0.05,30.5,72.49,100.62,7.8,232.9,395.22,433.18,53.42,1.89,10.15,25.02,8.68,233.3,9.67,80.18,0,1,4257.3906,0,0.21,6.37,6.59,8.67E-05,12,151,5,0,1,77.77151698
5/30/2016 13:00,10267.41667,0.640480644,765.4,527.18,273.27,820.72,0.67,0.05,30.55,71.97,100.54,7.91,230.8,365.75,388.27,48.49,1.58,8.05,24.95,8.84,231.3,9.67,80.18,0,1,2472.7075,0,0,2.94,2.94,0.000137957,13,151,5,0,1,71.11043514
5/30/2016 14:00,8146,0.436483137,623.78,395.47,296.98,663.5,0.65,0.05,30.6,71.25,100.47,7.81,228.2,298.83,315.16,38.41,1.03,5.35,24.81,8.8,228.8,9.67,80.18,0,1,2472.7075,0.01,0.64,1.84,2.26,0.000114766,14,151,5,0,1,58.73423856
5/30/2016 15:00,7023.833333,0.44318637,422.17,569.04,122.63,460.8,0.59,0.06,30.61,70.83,100.43,7.59,224.2,202.1,219.65,24.87,0.47,2.35,24.74,8.62,225,9.67,80.18,0,1,571.75415,2.06,2.11,2.51,6.22,9.52E-05,15,151,5,0,1,45.18710754
5/30/2016 16:00,3463.5,0.531072065,217.25,383.62,91.58,235.32,0.51,0.07,30.53,71.89,100.45,7.23,218.6,103.3,111.75,11.59,0.12,0.57,24.9,8.39,219.3,9.67,80.18,0,1,630.82007,0,4.77,0.23,4.78,5.37E-05,16,151,5,0,1,31.33086166
5/30/2016 17:00,624.1666667,0.931358933,37.47,70.73,31.68,38.92,0.33,0.08,30.19,75.57,100.5,6.69,211.2,17.13,17.78,1.99,0.01,0.03,25.41,8.15,211.6,9.67,80.18,0,1,705.5652,0.16,4.93,0.53,5.31,4.40E-05,17,151,5,0,1,17.42036913
5/30/2016 18:00,158.75,2.398224085,0,0,0,0,0,0,29.83,79.49,100.57,6.62,205,0,0,0,0,0,25.91,8.28,205.2,9.67,80.18,0,1,1412.8499,0,8.56,1.12,9.33,8.79E-05,18,151,5,0,1,3.591809006
5/30/2016 19:00,0,2.846099646,0,0,0,0,0,0,29.66,81.9,100.61,7.05,203.2,0,0,0,0,0,26.25,8.72,203.4,9.67,80.18,0,1,589.48706,4.2,5.21,6.48,14.54,0.000510289,19,151,5,0,0,0
5/30/2016 20:00,0,2.531420224,0,0,0,0,0,0,29.51,83.26,100.66,7.66,207.4,0,0,0,0,0,26.37,9.33,207.5,9.67,80.18,0,1,1762.1106,13.38,5.4,29.23,39.43,0.001330579,20,151,5,0,0,0
5/30/2016 21:00,0,0.941605878,0,0,0,0,0,0,29.43,83.05,100.68,8.18,215.7,0,0,0,0,0,26.25,9.97,215.8,9.67,80.18,0,1,1341.5635,19.33,5.95,21.74,40.55,0.001530749,21,151,5,0,0,0
5/30/2016 22:00,0,2.215230744,0,0,0,0,0,0,29.3,81.81,100.67,8.78,223.6,0,0,0,0,0,25.89,10.67,223.6,9.67,80.18,0,1,684.55005,44.84,5.61,2.69,48.45,0.001191414,22,151,5,0,0,0
5/30/2016 23:00,0,2.029314067,0,0,0,0,0,0,29.09,81.99,100.63,8.92,229.5,0,0,0,0,0,25.72,10.82,229.5,9.67,80.18,0,1,674.7854,53.96,4.27,0.37,55.23,0.001760293,23,151,5,0,0,0
5/31/2016 0:00,0,0.187996504,0,0,0,0,0,0,28.9,82.72,100.56,8.79,234.7,0,0,0,0,0,25.7,10.64,234.6,9.67,80.18,0,1,656.6111,68.64,2.77,2.04,70.91,0.003458243,0,152,5,1,0,0
5/31/2016 1:00,0,0,0,0,0,0,0,0,28.79,83.13,100.51,8.56,240.5,0,0,0,0,0,25.66,10.37,240.5,9.67,80.18,0,1,541.2339,83.52,3.89,13.75,86.99,0.003562009,1,152,5,1,0,0
5/31/2016 2:00,0,0,0,0,0,0,0,0,28.75,83.15,100.5,8.15,245.7,0,0,0,0,0,25.62,9.9,245.8,9.67,80.18,0,1,569.4646,72.38,11.49,29.63,81.88,0.003503424,2,152,5,1,0,0
5/31/2016 3:00,0,0.250594214,0,0,0,0,0,0,28.73,82.74,100.51,7.53,249.6,0,0,0,0,0,25.52,9.24,249.6,9.67,80.18,0,1,617.70703,59.28,10.96,41.12,79.6,0.003184747,3,152,5,1,0,0
5/31/2016 4:00,0,0.168311907,0,0,0,0,0,0,28.71,82.2,100.56,6.97,250,0,0,0,0,0,25.39,8.62,250,9.67,80.18,0,1,750.0205,26.7,10.6,30.82,55.41,0.001597826,4,152,5,1,0,0
5/31/2016 5:00,0,0.146052395,19.4,16.81,19.67,19.83,0.28,0.08,28.72,81.72,100.62,6.59,247.1,8.75,8.95,1.06,0,0.03,25.3,8.17,247.1,9.67,80.18,0,1,791.72046,47.48,14.68,4.37,54.09,0.000494379,5,152,5,1,0,0
5/31/2016 6:00,878.3636364,2.704817847,185.77,316.33,77.67,188.93,0.51,0.07,29.1,80.24,100.7,6.62,242.7,87.17,88.73,9.5,0.08,0.38,25.37,7.79,243,9.67,80.18,0,1,878.4358,67.41,11.08,3.15,70.36,0.001166993,6,152,5,1,1,3.613839011
5/31/2016 7:00,3381.272727,2.912782258,404.38,549.75,113.8,414.52,0.61,0.06,29.49,78.21,100.78,6.86,239.9,192.4,196.78,22.87,0.4,1.98,25.31,7.73,240.7,9.67,80.18,0,1,910.0908,82.75,9.75,2.85,84.35,0.000981446,7,152,5,1,1,17.42929317
5/31/2016 8:00,6680.416667,0.759415044,620.8,631.79,169.32,624.1,0.68,0.06,29.78,76.18,100.81,7.23,242.2,295.55,295.6,37.18,0.95,4.78,25.15,8.11,242.8,9.67,80.18,0,1,992.48804,14.79,10.43,6.15,24.21,8.30E-05,8,152,5,1,1,31.32613286
5/31/2016 9:00,7057.5,0.5284879,750.85,594.65,213.87,791.62,0.68,0.05,30.04,74.88,100.82,7.3,244.8,357.37,373.5,46.97,1.49,7.78,25.11,8.14,245.1,9.67,80.18,0,1,963.15234,0,9.44,2.79,10.26,0,9,152,5,1,1,45.16608459
5/31/2016 10:00,8781.583333,0.506289017,883.05,626.06,245.92,901.08,0.71,0.05,30.31,73.56,100.8,7.1,245.3,418.48,423.89,55.67,1.97,10.65,25.08,7.89,245.6,9.67,80.18,0,1,1100.7354,2.5,1.76,1.3,5.09,0,10,152,5,1,1,58.68977528
5/31/2016 11:00,10633.5,0.247819923,916.7,593.12,267.4,944.15,0.71,0.05,30.55,72.12,100.74,6.71,243.9,434.65,443.87,58.48,2.15,11.8,24.97,7.44,244.3,9.67,80.18,0,1,1790.4966,2.6,0.95,2.18,4.78,0,11,152,5,1,1,71.0232407
5/31/2016 12:00,7576.818182,0.398646152,894.92,592.7,259.08,916.62,0.71,0.05,30.74,70.83,100.67,6.22,240.8,424.48,431.24,56.85,2.04,11.02,24.85,6.89,241.3,9.67,80.18,0,1,4860.1094,31.02,0.24,1.26,32.01,0.000527324,12,152,5,1,1,77.63037544
5/31/2016 13:00,10814.33333,0.052000642,800.28,660.85,181.31,820.33,0.7,0.05,30.89,69.65,100.6,5.74,235.1,380.3,387.18,50.12,1.64,8.6,24.72,6.35,236,9.67,80.18,0,1,6465.59,63.71,1.23,2.97,65.39,0.00235105,13,152,5,1,1,71.0232407
5/31/2016 14:00,8930,0.580980407,639.62,581.79,222.32,664.03,0.67,0.05,30.95,69.12,100.54,5.5,226.9,305.32,314.77,39.04,1.06,5.5,24.64,6.08,227.9,9.67,80.18,0,1,2680.761,81.89,0,3,82.02,0.002731982,14,152,5,1,1,58.68977528
5/31/2016 15:00,4769.083333,0.515306847,430.1,521.79,143.12,461.88,0.6,0.06,30.94,69.19,100.53,5.58,217.6,205.96,219.93,25.3,0.5,2.47,24.65,6.22,218.7,9.67,80.18,0,1,590.1113,91.02,0.21,0,91.02,0.003259332,15,152,5,1,1,45.16608459
5/31/2016 16:00,1868.454545,0.634666844,221.95,328.59,109.36,237.1,0.52,0.06,30.75,70.67,100.56,5.8,208.2,105.75,112.57,11.92,0.12,0.6,24.82,6.6,209.2,9.67,80.18,0,1,607.3938,92.06,0,0,92.06,0.005338103,16,152,5,1,1,31.32613286
5/31/2016 17:00,493.1,1.013660928,38.88,72.45,32.8,39.9,0.34,0.08,30.25,74.93,100.62,6.01,199.6,17.78,18.2,2.06,0.01,0.03,25.33,7.3,200.7,9.67,80.18,0,1,724.1465,86.59,0.43,0.02,86.59,0.006103504,17,152,5,1,1,17.42929317
5/31/2016 18:00,146,2.643469034,0,0,0,0,0,0,29.78,78.8,100.69,6.59,196.7,0,0,0,0,0,25.72,8.22,197.7,9.67,80.18,0,1,692.6887,93.78,0,0,93.78,0.008584358,18,152,5,1,1,3.613839011
5/31/2016 19:00,0,2.833315697,0,0,0,0,0,0,29.6,81.21,100.77,7.26,199.6,0,0,0,0,0,26.05,8.97,200.3,9.67,80.18,0,1,5592.918,97.37,2.25,0,97.37,0.014978524,19,152,5,1,0,0
5/31/2016 20:00,0,2.250374329,0,0,0,0,0,0,29.48,82.27,100.82,7.68,208.3,0,0,0,0,0,26.16,9.42,208.6,9.67,80.18,0,1,620.02954,98.84,8.94,7.27,98.84,0.024529006,20,152,5,1,0,0
5/31/2016 21:00,0,0.736060811,0,0,0,0,0,0,29.37,81.85,100.85,7.84,218.5,0,0,0,0,0,25.96,9.63,218.5,9.67,80.18,0,1,626.6582,99.62,17.69,7.23,99.62,0.02668951,21,152,5,1,0,0
5/31/2016 22:00,0,2.177682329,0,0,0,0,0,0,29.18,81.23,100.85,8.11,226.6,0,0,0,0,0,25.65,9.95,226.5,9.67,80.18,0,1,605.3157,99.76,15.13,2.47,99.76,0.008045912,22,152,5,1,0,0
5/31/2016 23:00,0,2.041250588,0,0,0,0,0,0,28.94,81.46,100.8,8.25,232.1,0,0,0,0,0,25.47,10.08,232.2,9.67,80.18,0,1,641.3262,77.91,7.34,7.43,80.51,0.002180241,23,152,5,1,0,0
06/01/2016 00:00,0,0.218163484,0,0,0,0,0,0,28.74,82.11,100.73,8.16,235.5,0,0,0,0,0,25.41,9.97,235.7,9.67,80.18,0,1,767.82153,61.81,4.08,5.87,66.36,0.000334515,0,153,6,2,0,0
06/01/2016 01:00,0,0.039424327,0,0,0,0,0,0,28.63,83.03,100.67,7.9,237.6,0,0,0,0,0,25.48,9.65,237.8,9.67,80.18,0,1,703.521,26.09,2.02,7.1,31.31,0.000303997,1,153,6,2,0,0
06/01/2016 02:00,0,0.170597722,0,0,0,0,0,0,28.54,83.96,100.64,7.44,238.1,0,0,0,0,0,25.57,9.15,238.4,9.67,80.18,0,1,1335.8989,3.46,6.04,6.05,14.21,0.000311323,2,153,6,2,0,0
06/01/2016 03:00,0,0.035163703,0,0,0,0,0,0,28.48,84.61,100.63,6.98,237.8,0,0,0,0,0,25.64,8.62,238.1,9.67,80.18,0,1,668.08887,2.34,7.07,2.69,11.42,0.000272252,3,153,6,2,0,0
06/01/2016 04:00,0,0.055844316,0,0,0,0,0,0,28.46,84.93,100.65,6.69,236.2,0,0,0,0,0,25.7,8.27,236.4,9.67,80.18,0,1,786.5005,0.49,9.5,3.35,11.61,6.84E-05,4,153,6,2,0,0
06/01/2016 05:00,0,0,18.3,18.51,18.68,20.38,0.26,0.07,28.49,84.94,100.69,6.56,233.9,8.24,9.18,1.01,0,0.03,25.72,8.07,234.1,9.67,80.18,0,1,856.4426,15.77,10.95,0,24.38,9.77E-06,5,153,6,2,0,0
06/01/2016 06:00,812.4444444,2.566340487,163.4,274.69,88.51,193.6,0.45,0.06,28.89,83.33,100.76,6.72,231.6,77.8,91.39,8.9,0.07,0.38,25.8,7.75,232.2,9.67,80.18,0,1,938.1709,36.1,18.78,0,48.11,5.13E-05,6,153,6,2,1,3.634829698
06/01/2016 07:00,2597,2.642414854,361.02,429.48,144.01,419.12,0.55,0.06,29.36,80.87,100.82,6.84,232.1,173.59,199.53,21.34,0.38,1.88,25.76,7.68,233.1,9.67,80.18,0,1,995.53516,51.12,13.38,0,57.23,0.000166005,7,153,6,2,1,17.43770298
06/01/2016 08:00,3740.25,0.652641179,577.28,463.67,224.67,628.03,0.63,0.05,29.78,78.4,100.85,7.05,234.8,276.6,298.05,35.42,0.91,4.62,25.64,7.87,235.5,9.67,80.18,0,1,8709.398,61.1,1.31,0,61.32,0.000307604,8,153,6,2,1,31.32142595
06/01/2016 09:00,7608.6,0.837008033,765.28,590.77,220.01,794.92,0.69,0.05,30.15,76.35,100.85,7.15,236.4,363.78,375.62,48.02,1.5,7.85,25.54,7.95,236.9,9.67,80.18,0,1,11744.504,78.35,1.5,0,78.35,0.000426018,9,153,6,2,1,45.14571592
06/01/2016 10:00,4995.166667,0.292600585,899.05,718.53,188.73,904.1,0.73,0.05,30.44,74.62,100.81,7.22,237.1,426.73,425.85,56.85,1.99,10.77,25.45,8.04,237.6,9.67,80.18,0,1,14319.051,54.36,0.01,0.01,54.37,0.000355222,10,153,6,2,1,58.64689027
06/01/2016 11:00,5234.416667,0.799136977,930.88,687.87,213.07,944.47,0.72,0.05,30.66,73.11,100.75,7.17,236.7,441.23,444.18,59.26,2.15,11.85,25.31,8.02,237.1,9.67,80.18,0,1,13994.535,84.14,0,0.47,84.29,0.000592023,11,153,6,2,1,70.93950084
06/01/2016 12:00,7636.5,0.413155087,913.15,725.51,194.72,916.78,0.73,0.05,30.85,71.52,100.67,7.08,235,432.78,431.35,57.71,2.04,11.12,25.12,7.93,235.5,9.67,80.18,0,1,11847.203,86.16,0,7.14,87.07,0.00073485,12,153,6,2,1,77.49576471
06/01/2016 13:00,7998.5,0.364312002,805.58,610.9,199.1,820.6,0.71,0.05,31,70.08,100.59,6.86,232.3,382.77,387.07,50.41,1.63,8.5,24.92,7.73,233,9.67,80.18,0,1,10836.336,86.9,0.21,14.24,88.42,0.000871593,13,153,6,2,1,70.93950084
06/01/2016 14:00,6413.454545,0.250036919,651.55,554.32,201.06,663.95,0.68,0.05,31.09,68.88,100.54,6.47,228.4,310.32,314.3,39.64,1.06,5.45,24.72,7.33,229.3,9.67,80.18,0,1,8899.066,83.52,0.69,10.01,84.68,0.000761719,14,153,6,2,1,58.64689027
06/01/2016 15:00,4988.583333,0.553371609,449.38,497.88,174.36,461.67,0.63,0.06,31.15,68.32,100.51,6,222.3,214.5,219.37,25.97,0.5,2.47,24.64,6.83,223.2,9.67,80.18,0,1,9177.742,47.87,0,2.74,49.03,0.000386961,15,153,6,2,1,45.14571592
06/01/2016 16:00,1977.727273,0.511722869,226.32,343.78,111.15,236.45,0.53,0.06,31.01,69.86,100.54,5.49,213.4,107.37,111.86,12.01,0.12,0.6,24.88,6.4,214.2,9.67,80.18,0,1,10644.23,17.7,0,2.44,19.77,0.000264905,16,153,6,2,1,31.32142595
06/01/2016 17:00,492.8333333,0.888713161,38.88,61.06,36.5,40,0.33,0.07,30.53,74.11,100.59,5.17,202.9,17.78,18.23,2.08,0.01,0.03,25.41,6.49,203.7,9.67,80.18,0,1,10778.641,36.42,0,13.2,42.86,0.003753166,17,153,6,2,1,17.43770298
06/01/2016 18:00,129,2.771928624,0,0,0,0,0,0,30.1,77.34,100.65,5.56,197,0,0,0,0,0,25.71,7.09,197.6,9.67,80.18,0,1,7480.3594,34.04,0.43,9.3,39.67,0.00123555,18,153,6,2,1,3.634829698
06/01/2016 19:00,0,2.673691389,0,0,0,0,0,0,29.88,79.82,100.7,6.11,194.7,0,0,0,0,0,26.03,7.63,194.9,9.67,80.18,0,1,674.4934,61.62,4.57,4.11,64.49,0.000788712,19,153,6,2,0,0
06/01/2016 20:00,0,2.680208041,0,0,0,0,0,0,29.64,82.15,100.75,6.7,197.4,0,0,0,0,0,26.29,8.21,197.7,9.67,80.18,0,1,3970.0134,98.95,5.36,3.24,98.95,0.000949812,20,153,6,2,0,0
06/01/2016 21:00,0,0.818918389,0,0,0,0,0,0,29.5,82.9,100.77,7.26,204.8,0,0,0,0,0,26.29,8.82,205.1,9.67,80.18,0,1,7210.965,99.98,4.85,1.99,99.98,0.001507605,21,153,6,2,0,0
06/01/2016 22:00,0,2.262470404,0,0,0,0,0,0,29.46,81.52,100.76,7.81,213.6,0,0,0,0,0,25.98,9.52,213.7,9.67,80.18,0,1,3452.9353,99.22,1.45,3.65,99.22,0.005333751,22,153,6,2,0,0
06/01/2016 23:00,0,2.292052591,0,0,0,0,0,0,29.36,80.67,100.71,8.17,221,0,0,0,0,0,25.71,9.93,220.9,9.67,80.18,0,1,570.7285,92.67,7.67,8.19,92.67,0.006659307,23,153,6,2,0,0
06/02/2016 00:00,0,0.053623485,0,0,0,0,0,0,29.22,80.77,100.65,8.36,226.7,0,0,0,0,0,25.58,10.13,226.6,9.67,80.18,0,1,566.79004,86.41,8.78,5.45,88.68,0.005444486,0,154,6,3,0,0
06/02/2016 01:00,0,0.40428948,0,0,0,0,0,0,29.07,81.47,100.6,8.4,231.2,0,0,0,0,0,25.59,10.16,231.2,9.67,80.18,0,1,520.82056,72.47,6.59,6.04,73.61,0.003585402,1,154,6,3,0,0
06/02/2016 02:00,0,0.245489341,0,0,0,0,0,0,28.94,82.55,100.58,8.07,235.5,0,0,0,0,0,25.68,9.83,235.3,9.67,80.18,0,1,609.47144,60.51,14.67,2.9,66,0.002323224,2,154,6,3,0,0
06/02/2016 03:00,0,0.062895401,0,0,0,0,0,0,28.86,83.14,100.6,7.62,238.8,0,0,0,0,0,25.72,9.35,238.6,9.67,80.18,0,1,656.5498,50.61,14.94,5.98,55.32,0.001749502,3,154,6,3,0,0
06/02/2016 04:00,0,0.234658612,0,0,0,0,0,0,28.79,83.67,100.63,7.32,241.6,0,0,0,0,0,25.76,9.01,241.4,9.67,80.18,0,1,692.64307,22.55,7.97,4.73,29.17,0.000852177,4,154,6,3,0,0
06/02/2016 05:00,0,0.312304702,19.12,12.41,19.81,19.4,0.28,0.08,28.76,83.9,100.69,7.1,243.8,8.68,8.81,1.05,0,0.03,25.78,8.74,243.6,9.67,80.18,0,1,841.6321,15.79,12.97,3.29,27.43,0.000653177,5,154,6,3,0,0
06/02/2016 06:00,985.0909091,2.794740487,178.8,238.49,109.1,186.48,0.49,0.06,29.06,82.4,100.77,7.08,245.1,84.2,87.75,9.33,0.08,0.38,25.78,8.31,245.3,9.67,80.18,0,1,817.9846,31.15,18.65,4.97,44.77,0.001052405,6,154,6,3,1,3.654777586
06/02/2016 07:00,2391.333333,2.606985237,387.45,424.27,164.22,410.4,0.59,0.06,29.4,80.19,100.82,7.19,245.9,184.6,194.72,22.16,0.39,1.9,25.65,8.14,246.3,9.67,80.18,0,1,861.13574,18.6,21.84,11.18,39.36,0.001361287,7,154,6,3,1,17.44561047
06/02/2016 08:00,5718.833333,0.716515257,584.15,525.24,208.77,619.3,0.64,0.05,29.65,78.34,100.85,7.35,244.2,278.25,293.12,35.28,0.89,4.53,25.51,8.23,244.6,9.67,80.18,0,1,858.8408,9.3,14.09,2.2,22.8,0.002076806,8,154,6,3,1,31.31677043
06/02/2016 09:00,4282.636364,0.585621921,700.53,539.12,194.61,786.38,0.63,0.05,29.87,77.23,100.83,7.56,240.1,333.02,370.74,44.01,1.38,7.15,25.47,8.41,240.4,9.67,80.18,0,1,869.86206,16.57,13.7,10.6,30.31,0.001099923,9,154,6,3,1,45.12605338
06/02/2016 10:00,7356.5,0.449445757,840.1,600.51,278.05,895.38,0.68,0.05,30.12,76.12,100.76,7.94,236.6,397.81,420.98,53.12,1.86,9.82,25.47,8.85,236.9,9.67,80.18,0,1,857.8191,54.74,3.56,4.59,57.84,0.001705214,10,154,6,3,1,58.6056663
06/02/2016 11:00,8162.25,0.505106121,888.53,485.39,321.95,914.53,0.69,0.05,30.32,75.38,100.69,8.44,233.9,418.42,428,54.99,1.97,10.73,25.51,9.43,234.2,9.67,80.18,0,1,950.89014,80.73,0.92,4.07,80.96,0.002128776,11,154,6,3,1,70.85932995
06/02/2016 12:00,7516.5,0.360104501,869.4,547.28,285.28,888.7,0.69,0.05,30.41,75.15,100.61,8.89,232,409.8,416.52,53.7,1.88,10.07,25.52,9.99,232.4,9.67,80.18,0,1,3881.232,87.85,0.36,2.57,88.34,0.005184025,12,154,6,3,1,77.36772469
06/02/2016 13:00,10441.16667,0.115496117,778.83,574.55,236.5,793.1,0.68,0.05,30.48,74.87,100.54,9.13,231.2,367.85,372.93,47.58,1.51,7.9,25.54,10.32,231.7,9.67,80.18,0,1,806.6521,89.05,0,0.49,89.05,0.007337358,13,154,6,3,1,70.85932995
06/02/2016 14:00,9385.083333,0.474669058,619.85,519.76,214.9,636.42,0.65,0.05,30.5,74.71,100.5,8.96,231.2,293.92,300.41,36.99,0.98,5.03,25.52,10.17,231.7,9.67,80.18,0,1,792.6763,75.85,0.9,1.8,76.4,0.000791017,14,154,6,3,1,58.6056663
06/02/2016 15:00,7100.416667,0.559894368,414.25,364.66,207.78,434.92,0.58,0.06,30.46,74.87,100.48,8.49,230.9,196.71,205.9,23.88,0.46,2.25,25.52,9.67,231.6,9.67,80.18,0,1,1441.145,58.23,4.06,5.33,60.16,0.001729765,15,154,6,3,1,45.12605338
06/02/2016 16:00,3011.25,0.69494555,202.38,244.51,121.91,215.2,0.48,0.06,30.33,75.67,100.5,7.83,229.7,95.73,101.45,11.03,0.11,0.55,25.58,9.05,230.3,9.67,80.18,0,1,647.11084,77.47,11.85,14.53,80.21,0.003268011,16,154,6,3,1,31.31677043
06/02/2016 17:00,516.5,1.028376746,33.83,12.96,38.48,35.38,0.29,0.07,30.05,77.55,100.54,7.02,227.4,15.7,16.42,1.93,0.01,0.03,25.72,8.45,227.8,9.67,80.18,0,1,500.25977,92.21,15.93,15.92,92.52,0.004085932,17,154,6,3,1,17.44561047
06/02/2016 18:00,111.6666667,2.522712367,0,0,0,0,0,0,29.76,79.12,100.59,6.63,225.4,0,0,0,0,0,25.77,8.2,225.4,9.67,80.18,0,1,470.6565,93,9.78,5.89,93.26,0.024446364,18,154,6,3,1,3.654777586
06/02/2016 19:00,0,2.753507136,0,0,0,0,0,0,29.64,79.55,100.64,6.75,224.8,0,0,0,0,0,25.74,8.32,224.8,9.67,80.18,0,1,651.34717,86.07,13.55,3,86.99,0.004680574,19,154,6,3,0,0
06/02/2016 20:00,0,2.504913679,0,0,0,0,0,0,29.51,79.92,100.69,7.2,225.8,0,0,0,0,0,25.7,8.81,225.7,9.67,80.18,0,1,649.927,71.01,10.99,0.76,73.88,0.003843006,20,154,6,3,0,0
06/02/2016 21:00,0,0.681236866,0,0,0,0,0,0,29.36,80.32,100.7,7.82,227.8,0,0,0,0,0,25.63,9.52,227.7,9.67,80.18,0,1,3062.0156,82.44,7.73,3.29,84.83,0.005032886,21,154,6,3,0,0
06/02/2016 22:00,0,2.329257619,0,0,0,0,0,0,29.18,80.52,100.69,8.37,231.1,0,0,0,0,0,25.5,10.15,231,9.67,80.18,0,1,761.7971,95.04,4.65,5.08,95.7,0.012745347,22,154,6,3,0,0
06/02/2016 23:00,0,2.067355105,0,0,0,0,0,0,28.98,80.51,100.64,8.69,234.6,0,0,0,0,0,25.3,10.51,234.7,9.67,80.18,0,1,680.7981,88.93,11.54,13.41,91.32,0.004631497,23,154,6,3,0,0
06/03/2016 00:00,0,0.182789458,0,0,0,0,0,0,28.83,80.45,100.58,8.8,238.1,0,0,0,0,0,25.14,10.65,238.2,9.67,80.18,0,1,661.88794,62.66,11.15,20.37,67.87,0.00454104,0,155,6,4,0,0
06/03/2016 01:00,0,0,0,0,0,0,0,0,28.73,80.52,100.53,8.75,241.1,0,0,0,0,0,25.06,10.62,241.2,9.67,80.18,0,1,559.5122,65.23,14.85,17.24,72.07,0.017718248,1,155,6,4,0,0
06/03/2016 02:00,0,0,0,0,0,0,0,0,28.65,80.63,100.51,8.48,242.6,0,0,0,0,0,25.01,10.36,242.7,9.67,80.18,0,1,626.272,30.57,19.36,10.68,44.74,0.003656158,2,155,6,4,0,0
06/03/2016 03:00,0,0.295140723,0,0,0,0,0,0,28.58,80.72,100.51,8.14,242.9,0,0,0,0,0,24.96,10.01,243,9.67,80.18,0,1,582.3906,35,23.04,6.29,47.48,0.007737566,3,155,6,4,0,0
06/03/2016 04:00,0,0.138063947,0,0,0,0,0,0,28.53,80.74,100.55,7.87,242.5,0,0,0,0,0,24.92,9.71,242.7,9.67,80.18,0,1,663.90894,84.57,21.8,7.88,88.79,0.012463339,4,155,6,4,0,0
06/03/2016 05:00,0,0.270465725,16.48,1.19,17.84,18.1,0.24,0.08,28.54,80.74,100.6,7.59,240.7,7.43,8.28,0.94,0,0.03,24.92,9.37,240.9,9.67,80.18,0,1,755.55225,88.25,19.43,9.89,89.29,0.020378858,5,155,6,4,0,0
06/03/2016 06:00,880.6363636,2.706295246,133.43,75.55,122.94,174.6,0.37,0.06,29.01,78.7,100.67,7.87,237.7,64.16,82.2,7.88,0.07,0.32,24.95,9.18,238.2,9.67,80.18,0,1,827.2041,90.64,13.54,4.37,92.09,0.02036944,6,155,6,4,1,3.673679411
06/03/2016 07:00,1712.25,2.836991151,306.45,238.6,174.79,395.52,0.47,0.06,29.49,76.13,100.72,8.27,235.6,148.07,187.95,18.6,0.34,1.67,24.87,9.36,236.4,9.67,80.18,0,1,836.595,78.02,9.98,6.13,79.64,0.008576795,7,155,6,4,1,17.45302705
06/03/2016 08:00,5455.833333,0.978660476,488.25,305.35,217.97,605,0.54,0.05,29.86,73.91,100.75,8.81,235,235.57,287.11,30.46,0.79,4.05,24.72,9.9,235.5,9.67,80.18,0,1,2368.6033,44.65,10.67,6.17,51.41,0.00596216,8,155,6,4,1,31.31219458
06/03/2016 09:00,7744.5,0.578390359,613.12,279.08,300.94,773.33,0.55,0.05,30.17,72.38,100.74,9.19,233.5,295.13,365.79,39.37,1.25,6.4,24.67,10.31,233.8,9.67,80.18,0,1,1048.2214,27.04,8.78,6.33,34.46,0.001258613,9,155,6,4,1,45.10714652
06/03/2016 10:00,7242,0.476616768,746.45,276.9,378.88,883.62,0.6,0.05,30.45,70.77,100.71,9.43,232.4,357.66,416.9,47.9,1.69,8.6,24.55,10.6,232.7,9.67,80.18,0,1,1731.9465,33.02,1.82,2.93,35.44,0.000402862,10,155,6,4,1,58.56618221
06/03/2016 11:00,10508.09091,0.337088066,795.8,446.44,420.41,926.67,0.62,0.05,30.72,69.18,100.65,9.35,232.3,380.3,436.73,51.04,1.87,9.93,24.44,10.53,232.6,9.67,80.18,0,1,2800.038,25.19,0.24,2.86,25.42,0.000189211,11,155,6,4,1,70.78283569
06/03/2016 12:00,10326.83333,0.27152042,705.65,168.35,462.77,899.3,0.56,0.06,30.93,68.02,100.58,9,232.4,340.47,424.07,46.07,1.65,8.45,24.36,10.15,232.7,9.67,80.18,0,1,6579.4375,46.12,1.42,2.89,46.35,0.000625017,12,155,6,4,1,77.24629332
06/03/2016 13:00,8741.666667,0.285550887,642.85,182.4,344.08,803.72,0.56,0.05,31.05,67.52,100.51,8.62,232.1,308.13,379.87,41.85,1.37,6.78,24.35,9.74,232.6,9.67,80.18,0,1,8768.07,70.5,0.45,1.1,70.5,0.003010304,13,155,6,4,1,70.78283569
06/03/2016 14:00,8914.083333,0.444131747,562.83,306.05,274.81,647.8,0.59,0.05,31.08,67.58,100.46,8.24,230,270.1,307.27,35.19,0.96,5.15,24.39,9.33,230.7,9.67,80.18,0,1,6487.66,86.5,0.22,1.26,86.5,0.006265976,14,155,6,4,1,58.56618221
06/03/2016 15:00,5269.75,0.368848077,366.67,188.56,240.65,446.8,0.51,0.06,31,68.37,100.44,7.91,225.9,176.56,212.54,22.29,0.45,2.25,24.5,8.99,226.8,9.67,80.18,0,1,4099.676,95.15,1.49,1.03,95.15,0.008232497,15,155,6,4,1,45.10714652
06/03/2016 16:00,2366.083333,0.791267169,177.62,64.5,131.03,225.4,0.42,0.06,30.77,70.45,100.46,7.59,220.8,85.6,106.73,10.5,0.12,0.55,24.79,8.73,221.5,9.67,80.18,0,1,602.02856,96.53,2.46,0,96.53,0.009857353,16,155,6,4,1,31.31219458
06/03/2016 17:00,831.5555556,0.746105776,31.62,9.56,34.29,38.05,0.27,0.07,30.29,74.75,100.51,7.21,215.1,14.76,17.48,1.86,0.01,0.03,25.32,8.66,215.4,9.67,80.18,0,1,527.771,97.75,4.13,0,97.75,0.013693973,17,155,6,4,1,17.45302705
06/03/2016 18:00,162,2.376776166,0,0,0,0,0,0,29.87,78.08,100.57,7.37,211.2,0,0,0,0,0,25.65,9.02,211.4,9.67,80.18,0,1,915.6909,97.85,10.51,0.35,98.22,0.031556442,18,155,6,4,1,3.673679411
06/03/2016 19:00,0,2.62428866,0,0,0,0,0,0,29.64,79.92,100.63,7.83,210.7,0,0,0,0,0,25.82,9.45,211,9.67,80.18,0,1,549.6155,93.58,13.11,0,93.58,0.01821566,19,155,6,4,0,0
06/03/2016 20:00,0,2.723003071,0,0,0,0,0,0,29.42,81.79,100.68,8.24,213.6,0,0,0,0,0,26,9.87,213.9,9.67,80.18,0,1,2669.7854,94.7,20.92,1.47,95.86,0.009788431,20,155,6,4,0,0
06/03/2016 21:00,0,0.948254749,0,0,0,0,0,0,29.23,83.29,100.7,8.61,217.8,0,0,0,0,0,26.12,10.27,218,9.67,80.18,0,1,647.2202,86.62,12.38,0.35,87.87,0.009431016,21,155,6,4,0,0
06/03/2016 22:00,0,2.415827653,0,0,0,0,0,0,29.09,84.5,100.68,8.9,221.7,0,0,0,0,0,26.23,10.6,221.9,9.67,80.18,0,1,798.4138,87.12,7.47,2.17,87.89,0.010882489,22,155,6,4,0,0
06/03/2016 23:00,0,1.823950696,0,0,0,0,0,0,28.98,85.3,100.62,9.13,225.2,0,0,0,0,0,26.29,10.86,225.4,9.67,80.18,0,1,766.83276,89.4,7.69,7.27,89.9,0.008730728,23,155,6,4,0,0
06/04/2016 00:00,0,0.218566171,0,0,0,0,0,0,28.89,85.6,100.54,9.31,228.2,0,0,0,0,0,26.26,11.04,228.3,9.67,80.18,0,1,748.82837,4.36,4.58,6.04,12.95,0.000878982,0,156,6,5,0,0
06/04/2016 01:00,0,0.325961312,0,0,0,0,0,0,28.84,85.24,100.48,9.37,230.6,0,0,0,0,0,26.13,11.12,230.7,9.67,80.18,0,1,530.9956,1.64,11.74,1.87,14.68,6.84E-05,1,156,6,5,0,0
06/04/2016 02:00,0,0.186693988,0,0,0,0,0,0,28.8,84.5,100.45,9.23,231.8,0,0,0,0,0,25.96,10.98,232,9.67,80.18,0,1,593.57275,3.48,18.27,1.73,22.27,0.000141599,2,156,6,5,0,0
06/04/2016 03:00,0,0.356295365,0,0,0,0,0,0,28.78,83.57,100.46,8.99,232.1,0,0,0,0,0,25.75,10.74,232.4,9.67,80.18,0,1,674.76514,6.6,29.09,0.04,34.97,0.000200192,3,156,6,5,0,0
06/04/2016 04:00,0,0.083267742,0,0,0,0,0,0,28.76,82.66,100.5,8.82,231.9,0,0,0,0,0,25.54,10.57,232.1,9.67,80.18,0,1,720.5664,6.46,27.82,0.39,33.07,0.000847061,4,156,6,5,0,0
06/04/2016 05:00,0,0.450112433,18.33,8.77,20.5,19.62,0.27,0.08,28.76,81.72,100.56,8.7,231.7,8.18,8.8,1.01,0,0.03,25.33,10.43,231.9,9.67,80.18,0,1,750.96655,20.01,14.53,4.54,32.69,0.005632736,5,156,6,5,0,0
06/04/2016 06:00,794.4,3.244015734,176.4,261.17,105.11,189.05,0.49,0.06,29,80.15,100.65,8.64,232.5,83.53,89.27,9.28,0.07,0.35,25.25,10.11,232.6,9.67,80.18,0,1,742.917,34.27,22.08,3.86,50.41,0.010426845,6,156,6,5,1,3.69153212
06/04/2016 07:00,2678.25,2.951801524,387.98,579.81,127.41,413.23,0.59,0.06,29.4,77.77,100.73,8.56,234.3,185.53,196.81,22.29,0.38,1.88,25.13,9.81,234.8,9.67,80.18,0,1,783.79517,43.74,12.71,0.7,51.83,0.011266783,7,156,6,5,1,17.45996369
06/04/2016 08:00,5827.25,0.915735292,577.33,587.37,171.42,621.5,0.63,0.05,29.81,75,100.76,8.48,238.2,275.97,295.07,35.14,0.87,4.4,24.92,9.69,238.6,9.67,80.18,0,1,2147.4773,66.99,14.45,0.73,72.57,0.004909691,8,156,6,5,1,31.30772539
06/04/2016 09:00,6580.75,1.064520214,708.03,526.57,217.51,787.97,0.64,0.05,30.11,73.08,100.76,8.28,240.1,338.1,372.52,44.9,1.39,7.15,24.78,9.41,240.5,9.67,80.18,0,1,1024.126,67.01,12.03,1.57,73.16,0.004899945,9,156,6,5,1,45.08904256
06/04/2016 10:00,10112.36364,0.908269195,812.05,608.48,237.03,897.05,0.66,0.05,30.37,71.82,100.7,7.88,240,386.22,422.75,52,1.8,9.43,24.74,8.91,240.3,9.67,80.18,0,1,1872.8645,63.21,9.94,2.34,68.73,0.004309617,10,156,6,5,1,58.52851283
06/04/2016 11:00,9669.916667,0.386430311,862.72,653.62,221.4,932.12,0.67,0.05,30.64,70.73,100.62,7.36,239.3,409.3,438.26,55.12,1.97,10.57,24.73,8.32,239.7,9.67,80.18,0,1,2135.773,65.2,3.32,3.26,67.14,0.001071785,11,156,6,5,1,70.71011916
06/04/2016 12:00,7151.25,0.311494629,854.55,570.63,285.36,904.17,0.68,0.05,30.93,69.61,100.52,6.9,236.7,405.7,425.5,53.98,1.88,9.93,24.75,7.79,237.2,9.67,80.18,0,1,2390.0076,63.03,0.23,13.43,65.98,0.001077905,12,156,6,5,1,77.13150657
06/04/2016 13:00,6385.916667,0.334246867,749.35,526.08,248.11,807.92,0.66,0.05,31.18,68.92,100.45,6.54,231.4,356.33,381.32,46.94,1.49,7.62,24.82,7.38,232.2,9.67,80.18,0,1,1891.2305,45.43,1.02,28,59.74,0.001723695,13,156,6,5,1,70.71011916
06/04/2016 14:00,3447.25,0.19463595,568.6,464.41,233.09,652.1,0.59,0.05,31.23,69.18,100.4,6.53,224.2,271.68,308.9,35.26,0.94,4.85,24.92,7.38,225.2,9.67,80.18,0,1,1379.8499,31.17,0.21,26.81,47.55,0.001870028,14,156,6,5,1,58.52851283
06/04/2016 15:00,3168.333333,0.345097084,409.38,384.42,180.4,450.5,0.57,0.06,31.11,70.59,100.4,6.77,216.7,195.92,214.05,24.11,0.46,2.28,25.15,7.71,217.7,9.67,80.18,0,1,791.2356,29.57,0.45,26.22,45.34,0.000710444,15,156,6,5,1,45.08904256
06/04/2016 16:00,2631.166667,0.543980705,203.93,300.78,114.15,228.45,0.48,0.06,30.77,73.84,100.43,7.02,209.5,97,108,11.19,0.11,0.55,25.57,8.15,210.4,9.67,80.18,0,1,567.28,22.34,0.21,0.22,22.56,0.000827658,16,156,6,5,1,31.30772539
06/04/2016 17:00,544.3636364,0.912381282,36.95,32.16,36.02,38.97,0.31,0.07,30.22,78.96,100.5,7.16,203.7,16.97,17.81,2.05,0.01,0.03,26.19,8.62,204.4,9.67,80.18,0,1,1529.2471,33.07,5.97,5.24,37.61,0.002084978,17,156,6,5,1,17.45996369
06/04/2016 18:00,83.66666667,2.626316045,0,0,0,0,0,0,29.78,82.95,100.56,7.6,201.5,0,0,0,0,0,26.58,9.21,202.1,9.67,80.18,0,1,585.0469,41.4,8.4,4.65,47.87,0.003625536,18,156,6,5,1,3.69153212
06/04/2016 19:00,0,3.015402041,0,0,0,0,0,0,29.57,85.34,100.62,8,202.3,0,0,0,0,0,26.86,9.59,202.8,9.67,80.18,0,1,687.65845,51.66,7.34,3.13,55.51,0.003087158,19,156,6,5,0,0
06/04/2016 20:00,0,3.035461335,0,0,0,0,0,0,29.47,86.28,100.65,8.27,205.6,0,0,0,0,0,26.96,9.9,206.1,9.67,80.18,0,1,661.6687,35.11,9.35,9.37,43.49,0.003780991,20,156,6,5,0,0
06/04/2016 21:00,0,0.931783928,0,0,0,0,0,0,29.48,85.14,100.68,8.6,211.5,0,0,0,0,0,26.74,10.36,212,9.67,80.18,0,1,598.9563,22.94,11.42,5.72,35.44,0.011531331,21,156,6,5,0,0
06/04/2016 22:00,0,2.540795614,0,0,0,0,0,0,29.46,83.12,100.66,9.07,219.4,0,0,0,0,0,26.32,10.92,219.7,9.67,80.18,0,1,687.24634,16.92,7.81,8.5,26.98,0.007974692,22,156,6,5,0,0
06/04/2016 23:00,0,2.058086924,0,0,0,0,0,0,29.32,82.44,100.61,9.4,225.7,0,0,0,0,0,26.04,11.3,225.9,9.67,80.18,0,1,632.69946,33.04,11.45,17.06,43.97,0.005368527,23,156,6,5,0,0
06/05/2016 00:00,0,0.16396751,0,0,0,0,0,0,29.13,82.62,100.54,9.54,230.7,0,0,0,0,0,25.89,11.44,230.8,9.67,80.18,0,1,535.64526,41.71,11.09,29.9,60.54,0.005414888,0,157,6,6,0,0
06/05/2016 01:00,0,0.288906362,0,0,0,0,0,0,28.96,83.08,100.49,9.43,234.4,0,0,0,0,0,25.82,11.29,234.6,9.67,80.18,0,1,510.448,29.9,12.39,69.79,75.93,0.007134784,1,157,6,6,0,0
06/05/2016 02:00,0,0,0,0,0,0,0,0,28.89,83.4,100.46,8.98,237.8,0,0,0,0,0,25.82,10.78,238,9.67,80.18,0,1,550.5105,26.55,10.65,72.98,80.56,0.008703295,2,157,6,6,0,0
06/05/2016 03:00,0,0.238465681,0,0,0,0,0,0,28.88,83.49,100.47,8.47,241.1,0,0,0,0,0,25.82,10.27,241.4,9.67,80.18,0,1,593.6843,32.56,16.27,47.67,68.19,0.005756706,3,157,6,6,0,0
06/05/2016 04:00,0,0.201213006,0,0,0,0,0,0,28.85,83.56,100.51,7.99,243.3,0,0,0,0,0,25.81,9.68,243.4,9.67,80.18,0,1,674.9072,40.78,23.23,6.23,54.59,0.003398392,4,157,6,6,0,0
06/05/2016 05:00,0,0.291947843,18.23,12.27,19.93,18.75,0.27,0.08,28.85,83.49,100.58,7.59,242.9,8.18,8.45,1.01,0,0.03,25.78,9.27,243.1,9.67,80.18,0,1,717.01416,23.31,18.03,6.17,39.97,0.002093496,5,157,6,6,0,0
06/05/2016 06:00,579,2.88804746,175,246.17,115.9,181.15,0.48,0.06,29.1,82.24,100.66,7.52,241,82.38,85.2,9.14,0.07,0.35,25.77,8.92,241.4,9.67,80.18,0,1,768.0039,15.22,21.37,6.36,36.27,0.001719959,6,157,6,6,1,3.708332866
06/05/2016 07:00,2257.2,3.452268635,390.42,417.99,165.84,402.3,0.6,0.06,29.42,80.37,100.73,7.61,237.7,186.07,191.22,22.11,0.38,1.88,25.71,8.73,238.2,9.67,80.18,0,1,927.124,14.03,16.45,7.83,28.18,0.002058059,7,157,6,6,1,17.46643083
06/05/2016 08:00,6323.25,0.886516524,583.03,545.21,195.58,609.83,0.64,0.05,29.78,77.7,100.77,7.93,235.3,277.93,289.42,35.05,0.88,4.43,25.49,9,236,9.67,80.18,0,1,1407.2642,18.79,2.02,1.61,20.73,0.002396187,8,157,6,6,1,31.30338854
06/05/2016 09:00,8513.583333,0.700294106,725.45,581.03,213.07,776.78,0.66,0.05,30.11,75.43,100.78,8.15,233.9,345.7,367.3,45.17,1.4,7.28,25.31,9.2,234.5,9.67,80.18,0,1,1387.0383,25.53,4.43,3.47,30.85,0.002144735,9,157,6,6,1,45.0717863
06/05/2016 10:00,10349.5,0.453234714,852.62,516.69,313.84,885.95,0.69,0.05,30.38,74.03,100.75,8.18,232.1,405.13,417.88,53.7,1.86,9.93,25.26,9.2,232.6,9.67,80.18,0,1,3909.6782,23,0.65,9.91,30.49,0.001907899,10,157,6,6,1,58.49272893
06/05/2016 11:00,7651.25,0.366869722,893.92,539.99,290.62,930,0.7,0.05,30.67,72.84,100.68,8.18,229.8,424.91,438.16,56.95,2.06,11.15,25.25,9.19,230.3,9.67,80.18,0,1,3972.9595,27.44,0.01,3.37,30.56,0.001738225,11,157,6,6,1,70.64127503
06/05/2016 12:00,7411.166667,0.269890722,858.38,452.74,336.01,903.8,0.69,0.05,30.87,72.02,100.6,8.24,227,408.3,425.93,54.64,1.93,10.25,25.27,9.27,227.5,9.67,80.18,0,1,3572.7166,53.27,1.22,4.29,55.44,0.001287815,12,157,6,6,1,77.02339846
06/05/2016 13:00,7119.083333,0.628430268,790.03,573.55,231.53,810.08,0.69,0.05,30.95,71.83,100.54,8.38,224,375.37,382.55,49.26,1.58,8.23,25.3,9.46,224.6,9.67,80.18,0,1,2626.3264,63.23,3.23,5.42,66.01,0.00037845,13,157,6,6,1,70.64127503
06/05/2016 14:00,9560.666667,0.785053641,637.2,553.38,237.44,656.38,0.67,0.05,30.88,72.55,100.5,8.6,220.4,303.75,310.97,38.58,1.03,5.3,25.39,9.76,221.1,9.67,80.18,0,1,836.83203,32.67,12.36,13.52,43.39,0.00106447,14,157,6,6,1,58.49272893
06/05/2016 15:00,7838.636364,0.444832631,435.8,421.83,182.52,457.5,0.61,0.06,30.63,74.22,100.49,8.91,216.6,208,217.38,25.41,0.49,2.42,25.53,10.16,217.4,9.67,80.18,0,1,505.2317,34.2,18.9,11.67,49.13,0.001623469,15,157,6,6,1,45.0717863
06/05/2016 16:00,3857.083333,0.58857031,218.68,311.58,116.83,236.1,0.51,0.06,30.29,76.61,100.51,9.24,213,103.82,111.73,11.75,0.12,0.6,25.74,10.66,213.7,9.67,80.18,0,1,519.4519,47.09,19.26,6.19,62.85,0.00180656,16,157,6,6,1,31.30338854
06/05/2016 17:00,723.9090909,1.132481456,38.62,55.76,36.09,41.55,0.32,0.07,29.81,80.18,100.56,9.33,209.5,17.67,18.88,2.09,0.01,0.03,26.04,11.02,210,9.67,80.18,0,1,529.05444,74.18,28.56,7.42,82.74,0.005552571,17,157,6,6,1,17.46643083
06/05/2016 18:00,134,2.538184632,0,0,0,0,0,0,29.43,83.34,100.62,9.41,206.2,0,0,0,0,0,26.32,11.22,206.7,9.67,80.18,0,1,534.08716,84.71,29.39,4.72,88.82,0.02226419,18,157,6,6,1,3.708332866
06/05/2016 19:00,0,3.084180739,0,0,0,0,0,0,29.27,84.84,100.69,9.73,205.2,0,0,0,0,0,26.48,11.59,205.9,9.67,80.18,0,1,481.88477,91.44,23.11,7.32,93.38,0.014024962,19,157,6,6,0,0
06/05/2016 20:00,0,2.803004221,0,0,0,0,0,0,29.2,85.3,100.74,10.22,207.4,0,0,0,0,0,26.5,12.2,208.1,9.67,80.18,0,1,514.6741,86.03,17.23,2.77,89.3,0.006325424,20,157,6,6,0,0
06/05/2016 21:00,0,0.84253414,0,0,0,0,0,0,29.14,85.06,100.76,10.77,212.8,0,0,0,0,0,26.4,12.82,213.5,9.67,80.18,0,1,551.2717,90.02,7.47,3.08,90.95,0.015293032,21,157,6,6,0,0
06/05/2016 22:00,0,2.637944647,0,0,0,0,0,0,29.07,84.77,100.74,10.99,218.6,0,0,0,0,0,26.27,13.1,219.1,9.67,80.18,0,1,535.22266,91.21,14.11,6.64,92.8,0.013244577,22,157,6,6,0,0
06/05/2016 23:00,0,2.404788899,0,0,0,0,0,0,29,84.64,100.7,10.96,223.6,0,0,0,0,0,26.18,13.08,223.9,9.67,80.18,0,1,543.0801,89.52,14.05,6.69,89.78,0.014758028,23,157,6,6,0,0
06/06/2016 00:00,0,0.055661626,0,0,0,0,0,0,28.99,83.96,100.62,11.13,227.5,0,0,0,0,0,26.02,13.38,228,9.67,80.18,0,1,524.18066,79.07,13.67,9.76,82.08,0.013461743,0,158,6,0,0,0
06/06/2016 01:00,0,0.088017901,0,0,0,0,0,0,29,83,100.57,11.23,230.5,0,0,0,0,0,25.84,13.51,230.8,9.67,80.18,0,1,440.69116,74.64,16.4,15.53,81.57,0.017086864,1,158,6,0,0,0
06/06/2016 02:00,0,0.18484315,0,0,0,0,0,0,28.96,82.54,100.54,10.93,231.9,0,0,0,0,0,25.71,13.19,232.3,9.67,80.18,0,1,463.34253,79.06,31.61,26.78,87.64,0.016156092,2,158,6,0,0,0
06/06/2016 03:00,0,0.191828164,0,0,0,0,0,0,28.93,82.34,100.56,10.67,232.8,0,0,0,0,0,25.62,12.86,233.2,9.67,80.18,0,1,546.4021,67.94,20.64,24.22,78.14,0.024556894,3,158,6,0,0,0
06/06/2016 04:00,0,0.238415739,0,0,0,0,0,0,28.91,82.28,100.61,10.31,232.8,0,0,0,0,0,25.6,12.43,233.2,9.67,80.18,0,1,588.98486,57.53,18.99,13.51,66.06,0.020598859,4,158,6,0,0,0
06/06/2016 05:00,0,0.461466902,17.88,20.43,21.74,20.42,0.26,0.07,28.9,82.42,100.68,9.94,232.2,8.05,9.07,1.01,0,0.03,25.62,11.97,232.5,9.67,80.18,0,1,613.65283,47.42,25.62,13.27,64.05,0.017493758,5,158,6,0,0,0
06/06/2016 06:00,1016.333333,2.678072204,163.8,267.23,104.5,194.8,0.45,0.06,29.14,81.51,100.76,9.8,231.5,78.22,92.12,9.07,0.08,0.38,25.67,11.6,231.9,9.67,80.18,0,1,652.8308,41.04,16.61,7.42,51.6,0.014993265,6,158,6,0,1,3.724079002
06/06/2016 07:00,3128,2.733426484,367.67,410.88,186.51,419.95,0.56,0.06,29.49,79.55,100.83,9.83,231.2,176.72,200.15,21.75,0.4,1.95,25.61,11.46,231.7,9.67,80.18,0,1,682.69385,51.39,23.38,15.22,62.81,0.016651139,7,158,6,0,1,17.47243841
06/06/2016 08:00,6199.454545,0.617320504,570.65,441.84,239.12,628.03,0.63,0.05,29.79,77.5,100.87,9.93,231.7,273.73,298.35,35.26,0.93,4.8,25.45,11.48,232.2,9.67,80.18,0,1,652.7356,66.14,33.16,14.11,78.4,0.010244552,8,158,6,0,1,31.29920835
06/06/2016 09:00,8244.181818,0.547412377,718.72,637.55,244.16,794.15,0.65,0.05,30.05,76.02,100.86,9.89,231.6,343.15,375.7,45.75,1.47,7.62,25.38,11.36,232,9.67,80.18,0,1,798.56665,46.52,26.3,9.79,65.79,0.006596539,9,158,6,0,1,45.05542014
06/06/2016 10:00,10436.5,0.48075785,865.42,679.02,192.4,903.22,0.7,0.05,30.27,74.88,100.81,9.74,230.7,412.72,426.05,55.38,1.97,10.62,25.34,11.12,231.1,9.67,80.18,0,1,6997.8203,43.19,1.89,3.54,46.04,0.002020243,10,158,6,0,1,58.45889724
06/06/2016 11:00,9321.75,0.715381975,906.88,556.54,292.4,937.95,0.71,0.05,30.42,74.22,100.74,9.68,229.1,430.48,441.3,57.67,2.13,11.62,25.33,11.02,229.6,9.67,80.18,0,1,9612.113,32.12,0,1.72,32.62,0.00127931,11,158,6,0,1,70.57639164
06/06/2016 12:00,9680.333333,0.254349674,820.92,582.32,207.43,909.8,0.66,0.05,30.46,74.05,100.64,9.73,227.7,390.05,428.53,52.83,1.9,10.25,25.33,11.07,228.3,9.67,80.18,0,1,8351.039,36.64,0,1.02,37.65,0.002836998,12,158,6,0,1,76.92200103
06/06/2016 13:00,9714.090909,0.381775493,699.5,590.83,177.15,813.83,0.61,0.05,30.38,74.33,100.55,9.81,226.2,333.71,384.48,44.89,1.48,7.65,25.31,11.17,226.8,9.67,80.18,0,1,5656.4453,57.44,0,0.77,57.99,0.005376287,13,158,6,0,1,70.57639164
06/06/2016 14:00,7115.75,0.391401908,624.08,487.02,253.4,658.17,0.65,0.05,30.22,75.16,100.51,9.82,224.2,298.45,312.32,38.11,1.05,5.45,25.36,11.2,224.8,9.67,80.18,0,1,2764.0374,79.22,0.47,1.93,79.38,0.005976562,14,158,6,0,1,58.45889724
06/06/2016 15:00,5857.416667,0.640496367,430.73,473.47,167.52,457.45,0.6,0.06,30.05,76.19,100.5,9.83,221.6,206.29,217.9,25.29,0.5,2.5,25.42,11.25,222.1,9.67,80.18,0,1,1780.3174,97.63,0.78,3.55,97.77,0.010476988,15,158,6,0,1,45.05542014
06/06/2016 16:00,3617.25,1.006123982,209.1,309.91,113.09,234.73,0.49,0.06,29.81,77.76,100.54,9.75,218.7,99.82,111.4,11.49,0.12,0.6,25.52,11.31,219.3,9.67,80.18,0,1,1140.1992,95.1,1.88,5.24,95.31,0.013775658,16,158,6,0,1,31.29920835
06/06/2016 17:00,743.9090909,0.797884656,36.6,21.52,41.1,41.03,0.3,0.07,29.46,80.11,100.59,9.55,216.6,16.98,18.82,2.05,0.01,0.03,25.68,11.32,217,9.67,80.18,0,1,663.74756,92.01,13.97,7.34,93.03,0.007564928,17,158,6,0,1,17.47243841
06/06/2016 18:00,130.4,2.332458789,0,0,0,0,0,0,29.2,82.01,100.67,9.45,215.4,0,0,0,0,0,25.82,11.32,215.9,9.67,80.18,0,1,647.9392,92.39,9.36,12.9,93.39,0.006224558,18,158,6,0,1,3.724079002
06/06/2016 19:00,0,2.837598126,0,0,0,0,0,0,29.13,82.67,100.74,9.46,214.7,0,0,0,0,0,25.89,11.34,215.2,9.67,80.18,0,1,670.0681,94.55,7.46,11.43,95.17,0.007838063,19,158,6,0,0,0
06/06/2016 20:00,0,2.613021902,0,0,0,0,0,0,29.1,83.19,100.81,9.47,214.6,0,0,0,0,0,25.97,11.38,215.2,9.67,80.18,0,1,559.6787,97.06,11.63,12.63,97.06,0.010178022,20,158,6,0,0,0
06/06/2016 21:00,0,1.185464178,0,0,0,0,0,0,29.05,83.77,100.85,9.55,215.8,0,0,0,0,0,26.05,11.48,216.4,9.67,80.18,0,1,516.1052,97.92,14.56,8.61,97.92,0.016394176,21,158,6,0,0,0
06/06/2016 22:00,0,2.351439677,0,0,0,0,0,0,28.99,84.21,100.83,9.77,218.3,0,0,0,0,0,26.07,11.73,218.8,9.67,80.18,0,1,481.19702,100,18.41,1.85,100,0.019989379,22,158,6,0,0,0
06/06/2016 23:00,0,1.985851762,0,0,0,0,0,0,28.91,84.47,100.77,9.93,220.9,0,0,0,0,0,26.05,11.92,221.3,9.67,80.18,0,1,466.4641,100,12.24,3.43,100,0.02075712,23,158,6,0,0,0
06/07/2016 00:00,0,0.228656632,0,0,0,0,0,0,28.86,84.45,100.69,10.05,222.3,0,0,0,0,0,26,12.05,222.6,9.67,80.18,0,1,475.6526,98.98,10.5,4.57,98.98,0.012583368,0,159,6,1,0,0
06/07/2016 01:00,0,0.30312614,0,0,0,0,0,0,28.8,84.81,100.63,9.93,221.9,0,0,0,0,0,26.01,11.91,222.2,9.67,80.18,0,1,375.33398,93.73,14.12,9.39,94.58,0.006358787,1,159,6,1,0,0
06/07/2016 02:00,0,0.261694314,0,0,0,0,0,0,28.74,85.21,100.61,9.58,219.5,0,0,0,0,0,26.04,11.49,219.8,9.67,80.18,0,1,338.51978,80.25,16.82,12.04,83.27,0.005585931,2,159,6,1,0,0
06/07/2016 03:00,0,0.216670642,0,0,0,0,0,0,28.66,85.85,100.62,9.3,215.4,0,0,0,0,0,26.08,11.12,215.6,9.67,80.18,0,1,458.15576,88.76,21.02,11.49,91.57,0.006104797,3,159,6,1,0,0
06/07/2016 04:00,0,0.297084487,0,0,0,0,0,0,28.57,86.36,100.64,9.41,211.7,0,0,0,0,0,26.09,11.23,212,9.67,80.18,0,1,585.7036,97.91,15.44,8.94,98.12,0.015652593,4,159,6,1,0,0
06/07/2016 05:00,0,0.340586241,18.25,9.95,20.14,19.52,0.27,0.08,28.53,86.59,100.68,9.49,209.9,8.25,8.88,1.01,0,0.03,26.09,11.3,210.2,9.67,80.18,0,1,581.41675,100,17.67,21.59,100,0.015795503,5,159,6,1,0,0
06/07/2016 06:00,674.0909091,2.900666449,161.15,222.53,96.66,190.8,0.45,0.06,28.62,86.39,100.73,9.57,209.4,77.27,91.1,8.74,0.08,0.38,26.14,11.21,209.8,9.67,80.18,0,1,647.8655,99.54,24.22,9.77,99.56,0.014971893,6,159,6,1,1,3.738768077
06/07/2016 07:00,2999,2.952129204,349,553.09,108.85,414.83,0.54,0.06,28.87,85.35,100.78,9.85,210.3,168.62,199.3,20.63,0.38,1.85,26.18,11.43,210.7,9.67,80.18,0,1,532.115,97.88,21.03,11.04,98.67,0.015079271,7,159,6,1,1,17.47799581
06/07/2016 08:00,4276,0.78534851,547.38,530.66,179.62,622,0.6,0.05,29.27,83.23,100.81,10.35,213.2,265.05,297.7,34.41,0.91,4.68,26.15,12.06,213.7,9.67,80.18,0,1,604.5554,98.4,11.06,6.66,98.4,0.016093824,8,159,6,1,1,31.29520776
06/07/2016 09:00,2808.25,0.629569492,694.4,535.88,206.55,788,0.63,0.05,29.63,80.99,100.82,10.68,216.7,336.2,375.55,44.87,1.45,7.57,26.03,12.45,217,9.67,80.18,0,1,675.03076,98.52,19.42,6.52,98.52,0.018286314,9,159,6,1,1,45.03998399
06/07/2016 10:00,3423.916667,0.615374778,696.58,691.57,233.71,896.1,0.57,0.05,29.91,79.15,100.79,10.81,219.4,334.5,425.74,46.77,1.71,8.85,25.92,12.59,219.7,9.67,80.18,0,1,606.4558,98.51,7.08,2.21,98.51,0.017356113,10,159,6,1,1,58.42708034
06/07/2016 11:00,2794.666667,0.240284891,795.62,503.64,318.5,922.5,0.62,0.05,30.04,78.3,100.73,10.86,221.2,382.68,436.82,51.69,1.94,10.35,25.86,12.62,221.4,9.67,80.18,0,1,593.8718,98.58,11.28,5.42,99.03,0.01937266,11,159,6,1,1,70.51555118
06/07/2016 12:00,5425.909091,0.377446881,741.78,406.65,375.4,894.75,0.59,0.05,30.04,78.17,100.66,10.88,221.7,358.08,423.92,48.31,1.77,9.15,25.84,12.61,222,9.67,80.18,0,1,553.3047,99.53,9.6,2.96,99.53,0.01962253,12,159,6,1,1,76.82734433
06/07/2016 13:00,9053.333333,0.272776259,691.72,451.75,413.32,799.9,0.61,0.05,30.02,78.06,100.6,10.85,221.4,330.8,379.85,43.78,1.48,7.28,25.79,12.59,221.7,9.67,80.18,0,1,990.6052,99.54,8.65,3.2,99.54,0.019048862,13,159,6,1,1,70.51555118
06/07/2016 14:00,7901.285714,0.404303913,533.22,437.54,234.14,645.78,0.56,0.05,29.97,78.22,100.56,10.6,219.8,257.88,307.72,33.73,0.94,5.03,25.78,12.31,220.2,9.67,80.18,0,1,462.78735,99.56,26.3,1.89,99.56,0.024975121,14,159,6,1,1,58.42708034
06/07/2016 15:00,5661,0.652655789,370.38,166.1,217.24,447.35,0.52,0.06,29.84,79.13,100.54,10.13,217.2,179.05,213.93,22.78,0.47,2.38,25.84,11.79,217.7,9.67,80.18,0,1,433.92676,100,15.14,2.27,100,0.031768486,15,159,6,1,1,45.03998399
06/07/2016 16:00,2856.909091,0.636894559,176.05,60.15,130.37,228.02,0.41,0.06,29.58,80.91,100.56,9.59,214.2,85.28,108.67,10.65,0.12,0.6,25.98,11.3,214.6,9.67,80.18,0,1,413.885,99.56,28.98,3.02,99.56,0.033453733,16,159,6,1,1,31.29520776
06/07/2016 17:00,971.2222222,0.8860585,31.95,5.83,34.62,39.83,0.26,0.07,29.25,83.34,100.6,9.11,211.3,15.13,18.5,1.95,0.01,0.03,26.15,10.86,211.6,9.67,80.18,0,1,385.66675,98.64,12.05,1.69,98.9,0.028610915,17,159,6,1,1,17.47799581
06/07/2016 18:00,160.75,2.207589464,0,0,0,0,0,0,29,85.26,100.65,8.83,208.4,0,0,0,0,0,26.3,10.62,208.9,9.67,80.18,0,1,372.91577,98.17,21.61,14.18,98.74,0.035212286,18,159,6,1,1,3.738768077
06/07/2016 19:00,0,2.79477395,0,0,0,0,0,0,28.91,86.08,100.71,8.8,206.1,0,0,0,0,0,26.37,10.55,206.7,9.67,80.18,0,1,651.39746,97.29,16.71,14.53,97.88,0.033867728,19,159,6,1,0,0
06/07/2016 20:00,0,2.607788351,0,0,0,0,0,0,28.86,86.74,100.77,8.85,204.7,0,0,0,0,0,26.45,10.59,205.2,9.67,80.18,0,1,459.1223,95.93,19.63,16.15,96.78,0.030264184,20,159,6,1,0,0
06/07/2016 21:00,0,1.230967866,0,0,0,0,0,0,28.81,87.33,100.8,8.99,204.9,0,0,0,0,0,26.52,10.74,205.4,9.67,80.18,0,1,376.87598,92.21,21.51,14.4,94.46,0.01736208,21,159,6,1,0,0
06/07/2016 22:00,0,2.223256879,0,0,0,0,0,0,28.76,87.82,100.79,9.3,207.5,0,0,0,0,0,26.55,11.12,208.1,9.67,80.18,0,1,459.66626,49.03,11.09,26.13,65.93,0.011013888,22,159,6,1,0,0
06/07/2016 23:00,0,2.06900286,0,0,0,0,0,0,28.77,87.85,100.74,9.53,211.7,0,0,0,0,0,26.57,11.37,212.3,9.67,80.18,0,1,515.18164,70.58,22.37,14.95,79.15,0.011016931,23,159,6,1,0,0
06/08/2016 00:00,0,0.179598905,0,0,0,0,0,0,28.75,88.09,100.68,9.61,215.9,0,0,0,0,0,26.59,11.49,216.4,9.67,80.18,0,1,357.15698,72.93,15.78,6.05,78.41,0.017094426,0,160,6,2,0,0
06/08/2016 01:00,0,0.370508909,0,0,0,0,0,0,28.76,87.95,100.62,9.59,219.8,0,0,0,0,0,26.58,11.44,220.1,9.67,80.18,0,1,313.13818,81.01,26.3,7.66,85.47,0.018386986,1,160,6,2,0,0
06/08/2016 02:00,0,0.130051267,0,0,0,0,0,0,28.78,87.65,100.58,9.83,222.4,0,0,0,0,0,26.54,11.77,222.9,9.67,80.18,0,1,399.17725,97.23,31.84,6.77,98.17,0.05138966,2,160,6,2,0,0
06/08/2016 03:00,0,0.183859344,0,0,0,0,0,0,28.81,87.42,100.58,10.23,224.1,0,0,0,0,0,26.54,12.23,224.6,9.67,80.18,0,1,576.82715,98.81,38.7,7.91,98.85,0.028360251,3,160,6,2,0,0
06/08/2016 04:00,0,0.231135123,0,0,0,0,0,0,28.83,87.14,100.6,10.5,225.2,0,0,0,0,0,26.5,12.57,225.7,9.67,80.18,0,1,617.4363,99.97,47.94,7.19,100,0.020232767,4,160,6,2,0,0
06/08/2016 05:00,0,0.199325061,15.73,5.77,19.27,19.67,0.24,0.07,28.84,86.66,100.66,10.64,225.8,7.15,8.93,0.93,0,0.03,26.41,12.72,226.2,9.67,80.18,0,1,663.6736,99.76,45.39,2.77,99.76,0.02083797,5,160,6,2,0,0
06/08/2016 06:00,789.7142857,2.635709629,128.43,62.5,94.36,191.05,0.36,0.06,28.97,85.78,100.75,10.81,225.6,62.84,91.48,8.07,0.07,0.35,26.38,12.82,226.2,9.67,80.18,0,1,599.52637,98.73,10.35,1.29,98.75,0.026704535,6,160,6,2,1,3.752397828
06/08/2016 07:00,1559.909091,2.858885416,300.8,171.84,176.68,413.67,0.46,0.06,29.15,84.84,100.83,11.07,225.5,147.5,199.22,19.25,0.37,1.83,26.36,12.99,226,9.67,80.18,0,1,623.36255,99.99,18.87,2.24,99.99,0.035283126,7,160,6,2,1,17.48311188
06/08/2016 08:00,4480.2,0.982642548,481.75,167.24,293.04,620.08,0.53,0.05,29.35,83.75,100.88,11.28,226.4,235.3,297.34,31.37,0.85,4.53,26.34,13.23,227,9.67,80.18,0,1,689.61694,100,15.45,3.06,100,0.032235913,8,160,6,2,1,31.2914083
06/08/2016 09:00,4469,0.465642872,609.28,122.4,425.12,784.88,0.55,0.06,29.55,81.94,100.87,11.77,228.9,295.82,374.63,40.35,1.34,6.82,26.16,13.8,229.5,9.67,80.18,0,1,1270.8108,99.12,18.22,3.57,99.75,0.037959654,9,160,6,2,1,45.02551521
06/08/2016 10:00,8103.454545,0.489945052,687.22,180.96,379.4,892.08,0.56,0.06,29.64,80.56,100.81,11.9,231,334.26,424.17,46.14,1.68,8.62,25.96,13.91,231.5,9.67,80.18,0,1,2411.69,100,0.8,6.74,100,0.033948693,10,160,6,2,1,58.39733673
06/08/2016 11:00,7110.909091,0.279109731,688.7,156.91,464.89,909.33,0.54,0.06,29.67,79.87,100.73,11.69,232.4,333.1,429.7,45.09,1.69,8.98,25.84,13.64,232.8,9.67,80.18,0,1,1933.564,100,0.87,23.03,100,0.050630078,11,160,6,2,1,70.45882975
06/08/2016 12:00,7382.75,0.527104116,603.67,46.68,417.67,886.28,0.48,0.06,29.67,79.3,100.64,11.39,232.5,293.78,419.27,40.34,1.49,7.65,25.73,13.25,233,9.67,80.18,0,1,3079.008,100,0.23,51.84,100,0.08102286,12,160,6,2,1,76.73945639
06/08/2016 13:00,7300.166667,0.078549226,627.12,159.55,355.21,796.08,0.55,0.05,29.72,78.6,100.57,11.04,231.2,303.1,377.52,40.59,1.37,6.75,25.62,12.84,231.8,9.67,80.18,0,1,3328.6924,100,1.11,49.07,100,0.076978624,13,160,6,2,1,70.45882975
06/08/2016 14:00,5550.3,0.294033276,421.8,48.18,315.45,645,0.44,0.06,29.75,78.09,100.52,10.69,229.3,206.32,306.78,28.52,0.82,4.45,25.54,12.44,229.9,9.67,80.18,0,1,3787.5137,99.79,0.47,54.2,99.79,0.0509777,14,160,6,2,1,58.39733673
06/08/2016 15:00,4669.916667,0.499381487,268.38,23.04,197.26,448.42,0.38,0.05,29.65,78.57,100.51,10.46,226.7,132.68,213.72,18.04,0.4,1.98,25.54,12.19,227.3,9.67,80.18,0,1,5121.9453,100,0.47,26.2,100,0.028965972,15,160,6,2,1,45.02551521
06/08/2016 16:00,3249.090909,0.852032398,111.25,18.06,110.48,230.73,0.26,0.05,29.44,79.89,100.53,10.17,223.6,55.63,109.27,7.69,0.09,0.45,25.62,11.94,224.2,9.67,80.18,0,1,2837.186,99.37,0.69,9.76,99.37,0.020995948,16,160,6,2,1,31.2914083
06/08/2016 17:00,1254.454545,0.874450609,21.52,0,25.85,41.5,0.17,0.05,29.16,81.66,100.58,9.74,221.1,10.4,18.97,1.42,0.01,0.03,25.73,11.6,221.7,9.67,80.18,0,1,3635.576,98.52,2.18,10.06,98.52,0.010312755,17,160,6,2,1,17.48311188
06/08/2016 18:00,235.25,2.325225312,0,0,0,0,0,0,28.91,83.17,100.63,9.36,219.8,0,0,0,0,0,25.78,11.2,220.3,9.67,80.18,0,1,695.35645,98.66,15.4,16.26,98.66,0.008149814,18,160,6,2,1,3.752397828
06/08/2016 19:00,0,2.957916329,0,0,0,0,0,0,28.77,83.9,100.7,9.36,219.8,0,0,0,0,0,25.8,11.18,220.2,9.67,80.18,0,1,587.209,95.81,21.95,61.28,97.49,0.023102242,19,160,6,2,0,0
06/08/2016 20:00,0,2.306848002,0,0,0,0,0,0,28.74,83.78,100.76,9.68,221.2,0,0,0,0,0,25.74,11.63,221.9,9.67,80.18,0,1,679.4546,98.67,20.02,52.78,99.03,0.022708531,20,160,6,2,0,0
06/08/2016 21:00,0,0.603921644,0,0,0,0,0,0,28.74,83.49,100.8,9.99,224.1,0,0,0,0,0,25.69,11.98,224.6,9.67,80.18,0,1,581.5088,97.22,25.67,33.03,98.67,0.010603935,21,160,6,2,0,0
06/08/2016 22:00,0,2.330752077,0,0,0,0,0,0,28.69,83.7,100.82,10.02,226.3,0,0,0,0,0,25.69,12,226.7,9.67,80.18,0,1,495.52246,95.05,20.88,13.95,97.31,0.00874972,22,160,6,2,0,0
06/08/2016 23:00,0,1.965329705,0,0,0,0,0,0,28.6,84.36,100.79,9.94,227.2,0,0,0,0,0,25.72,11.91,227.7,9.67,80.18,0,1,487.64575,98.39,27.62,13.26,98.86,0.012183722,23,160,6,2,0,0
06/09/2016 00:00,0,0,0,0,0,0,0,0,28.52,84.94,100.72,9.86,228.1,0,0,0,0,0,25.76,11.79,228.5,9.67,80.18,0,1,448.91187,99.15,22.12,16.4,99.15,0.015936203,0,161,6,3,0,0
06/09/2016 01:00,0,0.245576239,0,0,0,0,0,0,28.47,85.39,100.67,9.64,228.7,0,0,0,0,0,25.81,11.53,229,9.67,80.18,0,1,409.4077,99.77,26.2,24.79,99.77,0.019692227,1,161,6,3,0,0
06/09/2016 02:00,0,0.178796353,0,0,0,0,0,0,28.41,85.87,100.65,9.45,227.9,0,0,0,0,0,25.83,11.33,228.2,9.67,80.18,0,1,426.3191,99.55,16,25.55,99.56,0.018464394,2,161,6,3,0,0
06/09/2016 03:00,0,0.062663697,0,0,0,0,0,0,28.39,86.18,100.65,9.4,226.3,0,0,0,0,0,25.87,11.26,226.7,9.67,80.18,0,1,495.94922,97.67,19.15,21.98,98.27,0.01390266,3,161,6,3,0,0
06/09/2016 04:00,0,0,0,0,0,0,0,0,28.35,86.6,100.67,9.19,224.3,0,0,0,0,0,25.92,11.02,224.6,9.67,80.18,0,1,551.64526,95.85,19.04,16.21,97.16,0.014634989,4,161,6,3,0,0
06/09/2016 05:00,0,0.297915741,16.55,2.9,20.32,18.55,0.25,0.07,28.35,86.84,100.72,9.02,222.3,7.55,8.38,0.97,0,0.03,25.97,10.82,222.6,9.67,80.18,0,1,551.3828,97.43,14.05,17.65,97.64,0.016221724,5,161,6,3,0,0
06/09/2016 06:00,628,2.793306758,131.3,40.08,101.85,182.6,0.37,0.06,28.57,86.33,100.79,9.09,221.9,63.78,86.17,8.05,0.07,0.35,26.09,10.69,222.5,9.67,80.18,0,1,706.26855,99.99,12.11,11.3,99.99,0.020648956,6,161,6,3,1,3.764966179
06/09/2016 07:00,2063.545455,2.823378171,309.9,154.69,212.21,403.25,0.48,0.06,28.96,84.62,100.86,9.3,223,150.57,192.37,19.41,0.37,1.8,26.14,10.81,223.7,9.67,80.18,0,1,769.7844,100,5.96,3.97,100,0.033703644,7,161,6,3,1,17.48779488
06/09/2016 08:00,4335.7,1.100791367,460.38,141.32,292.86,609.88,0.51,0.06,29.31,82.69,100.91,9.55,225.6,223.55,290.39,29.7,0.8,4.25,26.07,11.05,226.1,9.67,80.18,0,1,819.0608,100,8.36,13.07,100,0.03832273,8,161,6,3,1,31.28783003
06/09/2016 09:00,5325.111111,0.466031422,574.83,145.45,304.79,775.75,0.52,0.06,29.56,81.4,100.91,9.71,226.7,279.6,368.05,38.04,1.24,6.32,26.04,11.22,227.2,9.67,80.18,0,1,717.0642,98.26,5.32,10.45,99.02,0.030320458,9,161,6,3,1,45.01204862
06/09/2016 10:00,7768.727273,0.211671268,664.75,145.93,403.85,885.1,0.54,0.06,29.78,80.3,100.86,9.95,226.8,320.8,418.57,44.04,1.59,8.07,26.05,11.48,227.2,9.67,80.18,0,1,626.3264,100,6.72,12.08,100,0.029028993,10,161,6,3,1,58.36972069
06/09/2016 11:00,7055.25,0.280184885,658.33,86.33,455.88,918.72,0.51,0.06,29.87,79.71,100.79,10.26,226.7,319.42,432.95,43.76,1.62,8.57,26,11.87,227.1,9.67,80.18,0,1,599.7517,95.39,5.61,1.17,95.87,0.02676982,11,161,6,3,1,70.4062975
06/09/2016 12:00,6386.166667,0.316830499,600.38,44.31,381.12,886.47,0.48,0.06,29.85,79.74,100.71,10.6,226.8,292.48,417.35,40.03,1.45,7.45,25.99,12.27,227.2,9.67,80.18,0,1,549.7566,95.52,8,6.03,96.11,0.019677632,12,161,6,3,1,76.65836327
06/09/2016 13:00,7273,0.369387993,476.38,10.29,353.37,786.65,0.42,0.06,29.82,79.97,100.64,10.86,227.3,233.67,370.27,32.06,1.08,5.25,26.02,12.58,227.7,9.67,80.18,0,1,509.36377,95.8,22.55,21.64,96.69,0.01057611,13,161,6,3,1,70.4062975
06/09/2016 14:00,4576.416667,0.338725601,458.67,66.9,340.76,627.7,0.48,0.06,29.76,80.28,100.59,10.87,227.8,221.52,295.3,29.12,0.82,4.45,26.01,12.64,228.3,9.67,80.18,0,1,510.00122,96.51,19.66,22.38,96.99,0.009804737,14,161,6,3,1,58.36972069
06/09/2016 15:00,4603,0.494821082,315.92,60.43,259.11,426.55,0.44,0.06,29.63,80.46,100.58,10.73,227.8,152.07,199.97,19.43,0.41,2.05,25.93,12.52,228.3,9.67,80.18,0,1,518.0149,86.74,18,24.37,89.28,0.005781308,15,161,6,3,1,45.01204862
06/09/2016 16:00,2322.75,0.41344517,148.32,18.01,147.56,211.12,0.34,0.06,29.46,80.97,100.61,10.4,226,71.57,97.67,9.12,0.1,0.52,25.87,12.22,226.4,9.67,80.18,0,1,505.42334,93.09,8.84,16.06,94.14,0.007460855,16,161,6,3,1,31.28783003
06/09/2016 17:00,822.1666667,1.087636205,28.45,0,34.17,37.03,0.23,0.07,29.21,82.2,100.68,10.02,223.5,13.3,16.84,1.7,0.01,0.03,25.89,11.94,224,9.67,80.18,0,1,594.781,96.47,6.47,14.69,96.63,0.015561607,17,161,6,3,1,17.48779488
06/09/2016 18:00,220.75,2.39321588,0,0,0,0,0,0,28.96,83.84,100.74,9.83,222.3,0,0,0,0,0,25.97,11.75,222.7,9.67,80.18,0,1,552.2534,96.65,9.02,10.76,97.29,0.019089356,18,161,6,3,1,3.764966179
06/09/2016 19:00,0,2.848111276,0,0,0,0,0,0,28.81,84.86,100.8,9.94,222.6,0,0,0,0,0,26.03,11.86,223.2,9.67,80.18,0,1,628.6201,97.7,14.01,22.42,97.91,0.026537918,19,161,6,3,0,0
06/09/2016 20:00,0,2.564266769,0,0,0,0,0,0,28.68,85.58,100.83,9.93,224.8,0,0,0,0,0,26.05,11.8,225.2,9.67,80.18,0,1,3444.3396,96.82,8.66,26.9,97.49,0.027180437,20,161,6,3,0,0
06/09/2016 21:00,0,0.985658275,0,0,0,0,0,0,28.56,85.98,100.85,9.98,228,0,0,0,0,0,26.01,11.85,228.4,9.67,80.18,0,1,1653.9497,99.26,21.53,23.12,99.63,0.01623312,21,161,6,3,0,0
06/09/2016 22:00,0,2.349404047,0,0,0,0,0,0,28.5,85.74,100.83,10.06,230.7,0,0,0,0,0,25.9,11.95,231,9.67,80.18,0,1,552.9514,100,15.37,2.99,100,0.019077193,22,161,6,3,0,0
06/09/2016 23:00,0,2.101858106,0,0,0,0,0,0,28.45,84.79,100.76,10.11,232.2,0,0,0,0,0,25.67,12.03,232.5,9.67,80.18,0,1,496.48804,100,12.71,2.8,100,0.024004143,23,161,6,3,0,0
06/10/2016 00:00,0,0.236141397,0,0,0,0,0,0,28.41,83.73,100.68,10.01,233.1,0,0,0,0,0,25.4,11.95,233.4,9.67,80.18,0,1,645.5686,100,13.99,20.76,100,0.025329918,0,162,6,4,0,0
06/10/2016 01:00,0,0.334815676,0,0,0,0,0,0,28.33,83.5,100.62,9.87,233.4,0,0,0,0,0,25.29,11.83,233.6,9.67,80.18,0,1,513.5112,99.15,16.51,18.59,99.28,0.026766356,1,162,6,4,0,0
06/10/2016 02:00,0,0.171999918,0,0,0,0,0,0,28.28,83.66,100.61,10.05,232.8,0,0,0,0,0,25.27,12.04,233,9.67,80.18,0,1,443.1399,99.45,25.01,14.79,99.61,0.01904897,2,162,6,4,0,0
06/10/2016 03:00,0,0.24566929,0,0,0,0,0,0,28.25,84.27,100.63,10.14,231,0,0,0,0,0,25.36,12.11,231.3,9.67,80.18,0,1,521.14966,99.83,30.87,13.54,99.97,0.010134127,3,162,6,4,0,0
06/10/2016 04:00,0,0.130850494,0,0,0,0,0,0,28.24,84.91,100.69,9.85,228.8,0,0,0,0,0,25.48,11.79,229,9.67,80.18,0,1,582.72266,97.35,17.21,14.45,97.58,0.004804656,4,162,6,4,0,0
06/10/2016 05:00,0,0.37951685,15.43,12.64,18.54,18,0.23,0.07,28.26,84.83,100.77,9.51,226.1,6.96,8.1,0.88,0,0.03,25.48,11.43,226.6,9.67,80.18,0,1,656.2483,99.54,14.34,16.11,99.54,0.004022144,5,162,6,4,0,0
06/10/2016 06:00,880.75,2.603210226,159.52,171.6,119.75,180.38,0.45,0.06,28.56,83.19,100.84,9.67,224.5,75.73,84.8,8.68,0.07,0.35,25.45,11.34,225.3,9.67,80.18,0,1,759.5642,97.77,4.19,16.71,98,0.004421365,6,162,6,4,1,3.776471232
06/10/2016 07:00,3199,3.131952562,369.48,454.91,154.74,402.08,0.57,0.06,29,80.36,100.91,10,224.6,177.09,191.5,21.33,0.38,1.85,25.3,11.55,225.4,9.67,80.18,0,1,2695.8923,97.45,8.27,7.01,97.45,0.00235607,7,162,6,4,1,17.49205248
06/10/2016 08:00,5935.75,0.82978145,586.8,537.83,207.69,609.62,0.65,0.05,29.41,76.85,100.95,10.47,227.4,281.15,290.04,35.45,0.9,4.55,24.94,12.07,228,9.67,80.18,0,1,1309.6958,96.23,7.87,13.54,96.93,0.004768327,8,162,6,4,1,31.28449157
06/10/2016 09:00,7164.5,0.422246813,749.83,616.19,196.48,776.2,0.68,0.05,29.68,74.37,100.94,10.92,230.2,357.52,368.15,46.87,1.46,7.62,24.66,12.57,230.7,9.67,80.18,0,1,3585.356,99.21,8.27,11.17,99.34,0.012624942,9,162,6,4,1,44.99961645
06/10/2016 10:00,8770.777778,0.49475005,838.35,557,250.74,885.8,0.68,0.05,29.84,73.55,100.91,11.2,232.1,400.88,419.05,53.48,1.88,10.02,24.62,12.87,232.5,9.67,80.18,0,1,4686.5547,99.79,3.85,3.6,99.79,0.029802516,10,162,6,4,1,58.34428236
06/10/2016 11:00,7386.363636,0.28360206,851.8,478.49,328.41,922.28,0.67,0.05,29.93,72.83,100.85,11.29,232.7,406.26,435.22,54.31,2,10.7,24.55,12.97,233.1,9.67,80.18,0,1,3636.1519,100,2.8,4.58,100,0.044429924,11,162,6,4,1,70.35801871
06/10/2016 12:00,7760.909091,0.471724692,826.83,518.59,313.61,894.4,0.66,0.05,29.85,72.9,100.8,11.26,232,393.67,421.98,52.58,1.89,9.85,24.48,12.9,232.4,9.67,80.18,0,1,3702.416,100,1.11,0.91,100,0.03834932,12,162,6,4,1,76.584089
06/10/2016 13:00,10097.36364,0.232799522,749.78,476.64,297.45,800.22,0.66,0.05,29.51,74.53,100.75,11.12,230.6,357.37,378.1,46.91,1.53,7.8,24.53,12.68,231,9.67,80.18,0,1,1578.665,99.77,3.07,6.42,99.77,0.026150983,13,162,6,4,1,70.35801871
06/10/2016 14:00,8244.5,0.327172323,572.67,398.05,241.61,647.25,0.6,0.05,29.14,76.9,100.72,10.8,228.6,274.1,306.48,35.42,0.97,5.1,24.68,12.33,229,9.67,80.18,0,1,2077.4697,99.99,2.09,2.32,99.99,0.020257372,14,162,6,4,1,58.34428236
06/10/2016 15:00,5495.083333,0.145262287,360.25,199.99,215.21,449.73,0.5,0.06,28.83,79.44,100.72,10.4,226,172.52,213.17,22.17,0.45,2.25,24.93,11.92,226.5,9.67,80.18,0,1,6220.703,100,2.06,0,100,0.019016013,15,162,6,4,1,44.99961645
06/10/2016 16:00,3970.125,0.55047473,186.02,94.31,152.5,231.3,0.43,0.06,28.65,81.7,100.74,10.01,223,88.88,108.81,11.02,0.12,0.6,25.23,11.53,223.5,9.67,80.18,0,1,4965.4727,99.3,1.48,0,99.3,0.022769626,16,162,6,4,1,31.28449157
06/10/2016 17:00,1244.818182,0.526865754,36.15,10.49,37.79,41.75,0.29,0.07,28.59,83.35,100.78,9.81,220.5,16.83,19.03,2.09,0.01,0.03,25.51,11.47,221.1,9.67,80.18,0,1,490.06714,97.16,1.2,0,97.16,0.019342944,17,162,6,4,1,17.49205248
06/10/2016 18:00,235.2,2.176652534,0,0,0,0,0,0,28.65,83.64,100.84,9.96,219.9,0,0,0,0,0,25.62,11.81,220.6,9.67,80.18,0,1,452.96167,98.82,2.4,0.64,98.82,0.007167913,18,162,6,4,1,3.776471232
06/10/2016 19:00,0,2.796809607,0,0,0,0,0,0,28.71,83.6,100.9,10.17,221.5,0,0,0,0,0,25.67,12.04,222,9.67,80.18,0,1,502.76978,100,7.14,0.21,100,0.001959226,19,162,6,4,0,0
06/10/2016 20:00,0,2.627958773,0,0,0,0,0,0,28.67,83.95,100.95,10.11,225.2,0,0,0,0,0,25.71,11.99,225.8,9.67,80.18,0,1,488.01367,96.05,8.49,0.21,96.29,0.003101732,20,162,6,4,0,0
06/10/2016 21:00,0,0.981159525,0,0,0,0,0,0,28.68,83.59,100.96,9.98,231.1,0,0,0,0,0,25.64,11.89,231.6,9.67,80.18,0,1,500.63696,100,3.88,3.25,100,0.007880781,21,162,6,4,0,0
06/10/2016 22:00,0,2.128497179,0,0,0,0,0,0,28.67,83.08,100.92,10.02,236.8,0,0,0,0,0,25.53,11.96,237.3,9.67,80.18,0,1,489.4104,100,3.64,2,100,0.009695958,22,162,6,4,0,0
06/10/2016 23:00,0,2.030641493,0,0,0,0,0,0,28.61,82.94,100.83,10.28,240.1,0,0,0,0,0,25.44,12.27,240.6,9.67,80.18,0,1,459.3125,98.46,2.36,4.15,98.46,0.010861725,23,162,6,4,0,0
06/11/2016 00:00,0,0.171878562,0,0,0,0,0,0,28.49,83.52,100.74,10.31,241,0,0,0,0,0,25.45,12.26,241.4,9.67,80.18,0,1,467.34375,99.37,4.87,2.02,99.37,0.010725029,0,163,6,5,0,0
06/11/2016 01:00,0,0,0,0,0,0,0,0,28.38,84.08,100.67,10.09,240.7,0,0,0,0,0,25.46,12.01,241.1,9.67,80.18,0,1,536.8816,100,1.48,4.43,100,0.011079073,1,163,6,5,0,0
06/11/2016 02:00,0,0.431836207,0,0,0,0,0,0,28.33,84.08,100.67,10.08,238.1,0,0,0,0,0,25.4,12.09,238.7,9.67,80.18,0,1,501.8213,97.47,1.28,7.76,98.31,0.010041483,2,163,6,5,0,0
06/11/2016 03:00,0,0.323844995,0,0,0,0,0,0,28.28,83.99,100.71,10.04,234.6,0,0,0,0,0,25.34,12,235.1,9.67,80.18,0,1,573.10864,96.88,3.55,7,97.09,0.008648641,3,163,6,5,0,0
06/11/2016 04:00,0,0.13438368,0,0,0,0,0,0,28.26,83.58,100.75,10.22,232.6,0,0,0,0,0,25.24,12.22,233.2,9.67,80.18,0,1,627.7737,99.74,14.68,11.19,99.74,0.008640073,4,163,6,5,0,0
06/11/2016 05:00,0,0.211637807,17.33,18.54,26.84,18.48,0.27,0.07,28.26,83.39,100.81,10.26,231,7.73,8.3,0.97,0,0.03,25.19,12.26,231.6,9.67,80.18,0,1,688.4192,100,6.83,10.51,100,0.007480487,5,163,6,5,0,0
06/11/2016 06:00,528.25,2.873073624,168.25,291.53,112.06,185.23,0.47,0.06,28.52,82,100.9,10.45,230.6,79.6,87.02,9.03,0.07,0.35,25.17,12.28,231.2,9.67,80.18,0,1,707.09424,95.06,8.02,0.86,95.48,0.007224165,6,163,6,5,1,3.786911268
06/11/2016 07:00,2466.909091,2.644084547,376.9,434.78,192.9,408.25,0.58,0.06,28.88,79.88,100.96,10.7,231.6,180.35,193.94,21.81,0.38,1.9,25.09,12.43,232.3,9.67,80.18,0,1,722.68555,96.73,14.82,9.03,97.15,0.005844701,7,163,6,5,1,17.49589174
06/11/2016 08:00,6452.166667,0.964611609,582.2,475.21,242.38,616.4,0.65,0.05,29.15,78.2,100.99,10.74,233.8,278.47,292.35,35.45,0.91,4.62,24.99,12.44,234.3,9.67,80.18,0,1,758.3594,92.16,6.55,1.13,92.61,0.005205065,8,163,6,5,1,31.28141003
06/11/2016 09:00,7254,0.655395375,717.08,557.31,198.31,783.4,0.65,0.05,29.38,76.96,100.97,10.48,235.9,342.63,370.23,45.32,1.43,7.43,24.93,12.08,236.4,9.67,80.18,0,1,793.7583,93.11,8.23,8.28,93.34,0.004569113,9,163,6,5,1,44.98824828
06/11/2016 10:00,7261.2,0.355272017,827.83,518.09,271.76,893.75,0.67,0.05,29.63,75.71,100.93,10.14,238.2,393.78,421.22,52.89,1.87,9.8,24.9,11.64,238.7,9.67,80.18,0,1,1182.3362,93.72,8.21,34.54,96.26,0.009535126,10,163,6,5,1,58.32106765
06/11/2016 11:00,6942.416667,0.416260681,854.12,665.13,205.02,928.95,0.67,0.05,29.95,74.47,100.86,9.65,239.3,405.23,436.6,54.69,1.99,10.85,24.94,11.01,239.8,9.67,80.18,0,1,1890.0588,81.53,1.1,37.68,88.19,0.003584293,11,163,6,5,1,70.31405188
06/11/2016 12:00,6279.333333,0.737372867,854,560.86,252.93,902.83,0.68,0.05,30.19,73.33,100.79,9.08,238.7,405.5,424.48,54.04,1.93,10.25,24.9,10.32,239.4,9.67,80.18,0,1,1509.8445,68.77,1.08,33.58,76.08,0.003292454,12,163,6,5,1,76.51665558
06/11/2016 13:00,7952.833333,0.528002925,756.45,515.4,290.42,808.7,0.66,0.05,30.3,72.82,100.72,8.63,236.3,359.08,381,47.22,1.54,7.9,24.9,9.78,237.2,9.67,80.18,0,1,1862.3684,74.79,3.29,42.21,82.94,0.003933221,13,163,6,5,1,70.31405188
06/11/2016 14:00,4917.818182,0.346500266,597.45,543.15,239,654.7,0.62,0.05,30.3,72.97,100.68,8.44,232.3,285.02,309.32,36.57,1,5.28,24.93,9.6,233.3,9.67,80.18,0,1,1263.5974,92.94,1.22,32.35,95.33,0.010936394,14,163,6,5,1,58.32106765
06/11/2016 15:00,2514.833333,0.611031648,406.27,335.41,201.8,455.7,0.57,0.06,30.22,73.66,100.67,8.58,227,193.99,215.72,23.91,0.48,2.4,25.01,9.79,228.1,9.67,80.18,0,1,1466.4519,95.3,0.95,21.11,95.84,0.017879046,15,163,6,5,1,44.98824828
06/11/2016 16:00,2385.083333,0.975817611,206.07,245.49,124.41,235.02,0.48,0.06,29.99,75.47,100.69,8.76,221.5,97.78,110.47,11.41,0.12,0.6,25.2,10.09,222.5,9.67,80.18,0,1,3666.716,99.74,2.34,11.57,99.74,0.018459644,16,163,6,5,1,31.28141003
06/11/2016 17:00,544.1666667,1.207499444,39.47,44.45,42.27,42.67,0.31,0.07,29.59,78.67,100.73,8.71,217,18.12,19.42,2.19,0.01,0.03,25.5,10.28,217.7,9.67,80.18,0,1,3889.5015,98,0.98,7.68,98.43,0.01651616,17,163,6,5,1,17.49589174
06/11/2016 18:00,180.8,2.645313514,0,0,0,0,0,0,29.24,81.96,100.79,8.74,214.4,0,0,0,0,0,25.85,10.42,214.9,9.67,80.18,0,1,1938.6729,99.38,0.71,9.75,99.59,0.014089588,18,163,6,5,1,3.786911268
06/11/2016 19:00,0,2.863403406,0,0,0,0,0,0,29.07,83.79,100.84,9.18,215.3,0,0,0,0,0,26.07,10.9,215.8,9.67,80.18,0,1,1454.5635,98.22,2.72,12.04,98.22,0.01271503,19,163,6,5,0,0
06/11/2016 20:00,0,2.888443522,0,0,0,0,0,0,28.95,84.76,100.87,9.62,218.8,0,0,0,0,0,26.14,11.4,219.4,9.67,80.18,0,1,1092.5403,99.45,0.04,15.03,99.59,0.015036542,20,163,6,5,0,0
06/11/2016 21:00,0,1.171876229,0,0,0,0,0,0,28.86,85.59,100.87,9.81,223.5,0,0,0,0,0,26.22,11.6,223.9,9.67,80.18,0,1,561.07544,100,6.31,10.25,100,0.01632787,21,163,6,5,0,0
06/11/2016 22:00,0,2.52542083,0,0,0,0,0,0,28.77,86.61,100.83,9.74,228,0,0,0,0,0,26.33,11.5,228.5,9.67,80.18,0,1,469.29858,99.48,4.71,18.64,99.48,0.020676184,22,163,6,5,0,0
06/11/2016 23:00,0,2.204567136,0,0,0,0,0,0,28.67,87.22,100.77,9.63,232.7,0,0,0,0,0,26.36,11.37,233.1,9.67,80.18,0,1,460.7898,99.28,5.66,25.08,99.64,0.020807158,23,163,6,5,0,0
06/12/2016 00:00,0,0.353547843,0,0,0,0,0,0,28.58,87.24,100.69,9.55,237.7,0,0,0,0,0,26.27,11.28,238,9.67,80.18,0,1,427.3938,100,7.23,32.56,100,0.028283719,0,164,6,6,0,0
06/12/2016 01:00,0,0.080171926,0,0,0,0,0,0,28.52,86.84,100.63,9.35,242.3,0,0,0,0,0,26.14,11.08,242.6,9.67,80.18,0,1,406.50244,100,3.42,33.67,100,0.03484064,1,164,6,6,0,0
06/12/2016 02:00,0,0.399750476,0,0,0,0,0,0,28.49,86.05,100.61,8.72,243.9,0,0,0,0,0,25.96,10.46,244.5,9.67,80.18,0,1,491.10986,97.94,3.95,28.19,98.58,0.026035614,2,164,6,6,0,0
06/12/2016 03:00,0,0.206585932,0,0,0,0,0,0,28.46,85.17,100.64,7.89,242.9,0,0,0,0,0,25.75,9.61,243.5,9.67,80.18,0,1,553.5154,96.31,7.7,28.34,96.34,0.013080753,3,164,6,6,0,0
06/12/2016 04:00,0,0.530482501,0,0,0,0,0,0,28.42,84.43,100.69,7.24,240.1,0,0,0,0,0,25.57,8.91,240.8,9.67,80.18,0,1,682.3013,81.89,17.97,26.72,88.25,0.004146602,4,164,6,6,0,0
06/12/2016 05:00,0,0.088115101,15.95,11.22,24.9,17.42,0.25,0.08,28.43,83.7,100.75,6.87,237,7.1,7.9,0.89,0,0.03,25.43,8.48,237.6,9.67,80.18,0,1,649.5603,69.48,13.57,24.63,78.55,0.002863976,5,164,6,6,0,0
06/12/2016 06:00,1071.222222,3.151608826,161.57,222.34,89.13,177.2,0.46,0.06,28.77,81.9,100.84,6.92,233,76.1,82.93,8.69,0.07,0.35,25.39,8.12,233.8,9.67,80.18,0,1,2229.8892,94.71,13.51,20.99,96.27,0.005725112,6,164,6,6,1,3.79628474
06/12/2016 07:00,2357.272727,3.047291647,373.73,443.99,168.26,397.3,0.58,0.06,29.15,79.74,100.91,7.16,229.4,177.82,188.2,21.31,0.37,1.83,25.31,8.1,230.4,9.67,80.18,0,1,1253.6787,99.51,12.42,30.34,99.77,0.012029398,7,164,6,6,1,17.49931913
06/12/2016 08:00,5941.818182,0.877873017,586.05,475.17,230.59,604.4,0.65,0.05,29.57,76.76,100.96,7.8,232.5,278.98,286.1,35.01,0.88,4.47,25.08,8.85,233.6,9.67,80.18,0,1,1325.9036,93.52,15.74,26.49,96.38,0.007477198,8,164,6,6,1,31.27860098
06/12/2016 09:00,7720.416667,0.700182933,742.53,596.8,204.63,770.88,0.68,0.05,29.94,74.33,100.97,8.37,236.5,352.88,363.87,45.83,1.42,7.4,24.89,9.5,237.3,9.67,80.18,0,1,831.2378,87.77,15.38,27.88,92.25,0.004901391,9,164,6,6,1,44.97797103
06/12/2016 10:00,9716.166667,0.510859969,833.03,570.49,280.25,880.28,0.68,0.05,30.28,72.42,100.92,8.84,240.3,395.5,414.57,52.58,1.84,9.62,24.78,10.08,241,9.67,80.18,0,1,1570.2078,94.26,7.7,4.44,95.59,0.009309515,10,164,6,6,1,58.30011826
06/12/2016 11:00,10174.16667,0.586299322,781.9,660.89,180.69,922.8,0.61,0.05,30.52,71.19,100.84,9.06,242.8,371.17,434.48,50.54,1.84,9.95,24.72,10.38,243.7,9.67,80.18,0,1,4261.5195,95.38,0.9,3.48,95.51,0.011726242,11,164,6,6,1,70.27444982
06/12/2016 12:00,10305.41667,0.524885226,786.7,433.26,335.77,896.75,0.63,0.05,30.75,70.46,100.76,8.9,242,376.73,422.55,50.6,1.81,9.45,24.76,10.22,243,9.67,80.18,0,1,1408.7456,98.52,0.89,10.95,99.27,0.016408585,12,164,6,6,1,76.45608299
06/12/2016 13:00,6022,0.275669415,699.55,472.09,296.07,803.3,0.61,0.05,30.92,70.32,100.67,8.67,238.1,335.65,379.47,44.57,1.46,7.35,24.91,9.99,239.4,9.67,80.18,0,1,507.1875,98.45,10.26,7.9,98.45,0.017590187,13,164,6,6,1,70.27444982
06/12/2016 14:00,7116.545455,0.468125873,574.1,494.34,253.33,650.25,0.6,0.05,30.97,70.73,100.6,8.38,231.2,275.3,308.2,35.53,0.98,5.18,25.05,9.69,232.6,9.67,80.18,0,1,417.2727,98.18,14.51,6.56,98.81,0.017803818,14,164,6,6,1,58.30011826
06/12/2016 15:00,5779.5,0.951086925,381.23,296.24,238,452,0.53,0.06,30.87,72.04,100.57,8.39,221.7,183.21,214.8,22.87,0.47,2.33,25.26,9.73,222.9,9.67,80.18,0,1,469.7754,99.09,23.86,3.76,99.71,0.018096648,15,164,6,6,1,44.97797103
06/12/2016 16:00,3496.666667,1.057095414,190.2,117.29,138.47,232.7,0.44,0.06,30.53,75.27,100.59,8.8,212.8,91.25,110.02,10.99,0.12,0.6,25.66,10.28,213.7,9.67,80.18,0,1,486.46484,98.02,22.72,7.45,99.58,0.02103471,16,164,6,6,1,31.27860098
06/12/2016 17:00,1124.454545,1.135234702,35.33,9.21,42.31,42.28,0.27,0.07,29.99,79.57,100.65,9.17,208.7,16.51,19.42,2.07,0.01,0.03,26.09,10.91,209.5,9.67,80.18,0,1,448.10327,94.13,19.32,7.43,95.22,0.016784884,17,164,6,6,1,17.49931913
06/12/2016 18:00,145.4,2.640587704,0,0,0,0,0,0,29.59,82.43,100.72,9.43,209.9,0,0,0,0,0,26.3,11.31,210.8,9.67,80.18,0,1,1413.9458,82.79,15.34,3,85.27,0.008999515,18,164,6,6,1,3.79628474
06/12/2016 19:00,0,2.995705404,0,0,0,0,0,0,29.39,83.56,100.79,9.59,214.3,0,0,0,0,0,26.32,11.44,215.1,9.67,80.18,0,1,390.45776,63.38,11.42,1.38,67.55,0.005141232,19,164,6,6,0,0
06/12/2016 20:00,0,2.87383185,0,0,0,0,0,0,29.29,83.51,100.85,9.36,220.7,0,0,0,0,0,26.23,11.19,221.2,9.67,80.18,0,1,607.4758,71.39,9.12,3.25,75.28,0.007233568,20,164,6,6,0,0
06/12/2016 21:00,0,0.927568283,0,0,0,0,0,0,29.18,82.27,100.87,9.15,227.4,0,0,0,0,0,25.86,10.99,227.7,9.67,80.18,0,1,652.18555,78.78,13.83,10.64,83.39,0.006416932,21,164,6,6,0,0
06/12/2016 22:00,0,2.326602547,0,0,0,0,0,0,29.06,81.93,100.86,8.94,233.1,0,0,0,0,0,25.68,10.73,233.3,9.67,80.18,0,1,898.0266,93.59,9.51,2.76,94,0.010491975,22,164,6,6,0,0
06/12/2016 23:00,0,1.807169247,0,0,0,0,0,0,28.91,81.86,100.82,8.85,238.6,0,0,0,0,0,25.52,10.61,238.8,9.67,80.18,0,1,874.9863,88.94,5.41,5.17,89.17,0.01370376,23,164,6,6,0,0
6/13/2016 0:00,0,0.201138324,0,0,0,0,0,0,28.77,81.43,100.75,8.76,243.1,0,0,0,0,0,25.31,10.51,243.4,9.67,80.18,0,1,2796.783,96.15,10.38,4.33,96.37,0.01065683,0,165,6,0,0,0
6/13/2016 1:00,0,0.236784416,0,0,0,0,0,0,28.65,80.83,100.7,8.49,246.5,0,0,0,0,0,25.06,10.31,246.8,9.67,80.18,0,1,593.021,99.74,6.78,2.63,99.74,0.00541516,1,165,6,0,0,0
6/13/2016 2:00,0,0.074291946,0,0,0,0,0,0,28.53,80.49,100.69,8.15,246.1,0,0,0,0,0,24.87,10,246.4,9.67,80.18,0,1,606.07056,98.65,11.02,3.15,98.88,0.005548328,2,165,6,0,0,0
6/13/2016 3:00,0,0.370010597,0,0,0,0,0,0,28.42,80.48,100.7,7.88,243,0,0,0,0,0,24.76,9.71,243.3,9.67,80.18,0,1,604.98267,97.22,11.79,0.55,97.22,0.003098029,3,165,6,0,0,0
6/13/2016 4:00,0,0,0,0,0,0,0,0,28.33,80.81,100.74,7.73,239.2,0,0,0,0,0,24.74,9.54,239.4,9.67,80.18,0,1,628.5674,98.29,15.44,0.93,98.3,0.003906284,4,165,6,0,0,0
6/13/2016 5:00,0,0,16.38,10.45,19.19,17.25,0.26,0.08,28.33,81.31,100.79,7.85,236.2,7.33,7.75,0.91,0,0.03,24.85,9.63,236.4,9.67,80.18,0,1,683.583,79.7,16.64,4.66,83.63,0.00384419,5,165,6,0,0,0
6/13/2016 6:00,661.6666667,2.731822922,167.62,286.15,118.91,176.02,0.47,0.06,28.74,80.33,100.86,8.5,233.9,78.25,82,8.72,0.07,0.32,25.03,9.86,234.5,9.67,80.18,0,1,729.375,73.28,15.05,3.94,78.34,0.002533029,6,165,6,0,1,3.804590268
6/13/2016 7:00,2992.75,3.012713053,388.88,503.98,131.19,397.25,0.6,0.06,29.26,78.12,100.92,9.25,234.1,184.03,187.54,21.71,0.37,1.83,25.07,10.64,235.3,9.67,80.18,0,1,875.2307,58.11,17.6,3.09,64.37,0.001807891,7,165,6,0,1,17.50234047
6/13/2016 8:00,4996.5,1.088451797,556.58,449.15,230.41,560.1,0.62,0.05,29.69,75.43,100.96,9.8,236.4,261.15,262.37,31.78,0.77,3.83,24.9,11.22,237.4,9.67,80.18,0,1,857.5149,44.97,5.8,1.37,48.14,0.001788495,8,165,6,0,1,31.27607848
6/13/2016 9:00,4390.818182,0.553737024,686.65,487.74,191.38,775.92,0.63,0.05,30.01,73.43,100.96,10.03,238.1,325.64,365.24,43.08,1.34,6.93,24.76,11.46,238.9,9.67,80.18,0,1,857.5149,41.94,4.25,0.41,45.43,0.000927779,9,165,6,0,1,44.96880894
6/13/2016 10:00,7868.5,0.645303645,840.03,533.9,278.49,888.2,0.69,0.05,30.32,71.49,100.93,9.94,238,398.65,417,53.05,1.84,9.77,24.61,11.36,238.8,9.67,80.18,0,1,2910.824,22.5,0.23,0.68,23.28,0.0006104,10,165,6,0,1,58.28147166
6/13/2016 11:00,7595.5,0.391032446,801.35,647.89,194.32,933.92,0.63,0.05,30.57,70.11,100.88,9.69,236.2,379.75,438.1,51.97,1.89,10.18,24.51,11.08,237,9.67,80.18,0,1,3766.937,5.96,0,1.95,7.68,0.000111088,11,165,6,0,1,70.23925973
6/13/2016 12:00,8584.2,0.307783607,875.1,519.67,308.39,908.97,0.7,0.05,30.66,69.81,100.81,9.49,233,414.05,426.7,55.1,1.95,10.38,24.54,10.86,234,9.67,80.18,0,1,3205.9128,14.79,0.86,6.26,18.89,0.000334479,12,165,6,0,1,76.40238919
6/13/2016 13:00,8438.666667,0.48448707,789.2,609.57,220.99,815.85,0.69,0.05,30.63,70.38,100.73,9.43,229,374.28,384,49.2,1.58,8.25,24.64,10.79,230.1,9.67,80.18,0,1,2555.2742,36.73,2.11,7.38,41.32,0.001818941,13,165,6,0,1,70.23925973
6/13/2016 14:00,6537.5,0.496140776,637.45,584.23,207.63,662.62,0.67,0.05,30.48,71.42,100.68,9.52,224.7,303.28,313.08,38.8,1.05,5.43,24.75,10.9,225.9,9.67,80.18,0,1,1690.4509,87.24,5.14,19.64,89.59,0.009471487,14,165,6,0,1,58.28147166
6/13/2016 15:00,6988.666667,0.200478866,443.45,495.47,169.89,463.12,0.62,0.06,30.29,72.77,100.65,9.64,219.1,211.33,219.5,25.64,0.5,2.47,24.87,11.07,220.2,9.67,80.18,0,1,2165.3162,99.61,3.69,19.21,99.77,0.022670299,15,165,6,0,1,44.96880894
6/13/2016 16:00,2579.166667,0.827861792,218.7,346.06,115.29,241.15,0.5,0.06,29.97,74.99,100.68,9.71,212.5,103.77,113.8,11.88,0.12,0.62,25.08,11.25,213.4,9.67,80.18,0,1,1767.9634,99.53,0.26,13.5,99.53,0.013800275,16,165,6,0,1,31.27607848
6/13/2016 17:00,766.2727273,1.077146725,40.6,44.24,39.69,44.92,0.31,0.07,29.55,78.35,100.72,9.61,207.2,18.73,20.47,2.25,0.01,0.03,25.4,11.29,207.9,9.67,80.18,0,1,1873.9204,94.32,1.77,9.68,94.87,0.010436885,17,165,6,0,1,17.50234047
6/13/2016 18:00,210.2,2.314531918,0,0,0,0,0,0,29.19,81.65,100.79,9.32,204.9,0,0,0,0,0,25.73,11.08,205.6,9.67,80.18,0,1,3340.9858,91.84,1.34,7.25,93.25,0.010993529,18,165,6,0,1,3.804590268
6/13/2016 19:00,0,2.744396758,0,0,0,0,0,0,29.13,82.56,100.84,9.52,208.1,0,0,0,0,0,25.86,11.45,209,9.67,80.18,0,1,3822.765,91.96,0,4.55,92.31,0.009025708,19,165,6,0,0,0
6/13/2016 20:00,0,2.586016839,0,0,0,0,0,0,29.12,83.37,100.87,9.52,215.7,0,0,0,0,0,26.02,11.4,216.5,9.67,80.18,0,1,3318.8237,92.01,0,3.86,92.22,0.009284381,20,165,6,0,0,0
6/13/2016 21:00,0,0.957471854,0,0,0,0,0,0,29.15,83.67,100.88,8.97,225.6,0,0,0,0,0,26.13,10.82,226.3,9.67,80.18,0,1,3877.5452,94.82,0.71,0.29,94.82,0.009858113,21,165,6,0,0,0
6/13/2016 22:00,0,2.188393634,0,0,0,0,0,0,29.19,83.74,100.87,8.65,235.7,0,0,0,0,0,26.17,10.54,236.3,9.67,80.18,0,1,2910.16,97.61,2.55,2.64,97.61,0.015968755,22,165,6,0,0,0
6/13/2016 23:00,0,1.940954141,0,0,0,0,0,0,29.19,83.97,100.81,8.79,243.9,0,0,0,0,0,26.22,10.66,244.1,9.67,80.18,0,1,688.282,97.06,2.67,0.89,97.54,0.01692072,23,165,6,0,0,0
6/14/2016 0:00,0,0.140076602,0,0,0,0,0,0,29.05,84.3,100.73,8.88,247.8,0,0,0,0,0,26.15,10.73,247.9,9.67,80.18,0,1,672.14307,98.46,2.14,1.77,98.46,0.009536617,0,166,6,1,0,0
6/14/2016 1:00,0,0.312329797,0,0,0,0,0,0,28.89,83.31,100.68,9.02,251,0,0,0,0,0,25.8,10.89,251.2,9.67,80.18,0,1,736.3342,97.13,3.61,3.28,97.13,0.009517662,1,166,6,1,0,0
6/14/2016 2:00,0,0.221892522,0,0,0,0,0,0,28.66,82.93,100.68,8.57,252.8,0,0,0,0,0,25.5,10.45,253.2,9.67,80.18,0,1,1960.4756,94.4,3.84,3,94.63,0.010962047,2,166,6,1,0,0
6/14/2016 3:00,0,0.09047419,0,0,0,0,0,0,28.44,83.39,100.69,7.77,253.2,0,0,0,0,0,25.38,9.56,253.5,9.67,80.18,0,1,3038.7942,91.91,4.78,1,92.14,0.010545891,3,166,6,1,0,0
6/14/2016 4:00,0,0.25468169,0,0,0,0,0,0,28.27,83.8,100.72,6.81,251.8,0,0,0,0,0,25.29,8.54,252.1,9.67,80.18,0,1,5068.176,98.77,5.92,1,98.77,0.018679775,4,166,6,1,0,0
6/14/2016 5:00,0,0,16.23,5.98,19.14,17.38,0.26,0.07,28.23,83.87,100.77,6.12,248.1,7.28,7.83,0.9,0,0.03,25.26,7.7,248.4,9.67,80.18,0,1,3198.0527,97.95,7.62,0,97.95,0.019668281,5,166,6,1,0,0
6/14/2016 6:00,1090,2.873777014,167.85,279.64,108.48,177.15,0.48,0.06,28.77,81.89,100.83,6.19,243.7,78.47,82.62,8.74,0.07,0.35,25.39,7.13,244.3,9.67,80.18,0,1,3890.0962,96.54,4.5,0.58,96.54,0.013665043,6,166,6,1,1,3.811826638
6/14/2016 7:00,3239.666667,2.590871011,384.9,528.55,125.46,398.52,0.6,0.06,29.27,79.47,100.88,6.33,241,182.15,188.02,21.6,0.38,1.88,25.37,7.13,242.2,9.67,80.18,0,1,8230.469,94.7,9.58,0.54,94.91,0.005054265,7,166,6,1,1,17.50496095
6/14/2016 8:00,5670.363636,0.774262432,588.72,542.78,217.31,607.4,0.66,0.05,29.73,76.6,100.92,6.57,239.5,278.75,285.98,35,0.89,4.53,25.2,7.34,240.4,9.67,80.18,0,1,8026.59,100,4.76,0.26,100,0.012329303,8,166,6,1,1,31.27385502
6/14/2016 9:00,5634.416667,0.46070577,731.9,524.42,236.92,776.35,0.67,0.05,30.09,74.89,100.93,7.11,237.6,346.03,363.98,45.06,1.43,7.43,25.16,7.96,238.3,9.67,80.18,0,1,8943.969,100,0.43,0.13,100,0.029659282,9,166,6,1,1,44.96078353
6/14/2016 10:00,7173.583333,0.247435306,773.67,561.82,441.07,888.6,0.63,0.05,30.26,74.13,100.88,7.76,236.8,364.5,415.03,49.03,1.76,8.95,25.17,8.77,237.4,9.67,80.18,0,1,9041.691,99.69,0,0,99.69,0.03201628,10,166,6,1,1,58.26516106
6/14/2016 11:00,6720.833333,0.580672555,813.47,494.08,366.61,933.28,0.64,0.05,30.32,73.93,100.81,8.19,236.4,384.27,435.07,51.5,1.91,10.2,25.17,9.29,237.1,9.67,80.18,0,1,5853.2812,98.06,0,3.58,98.06,0.02182202,11,166,6,1,1,70.20852324
6/14/2016 12:00,7826,0.254744292,836.12,605.86,301.46,907.62,0.67,0.05,30.39,73.54,100.73,8.43,234.4,394.4,423.65,52.46,1.91,10.05,25.15,9.59,235.3,9.67,80.18,0,1,2550.7812,96.87,0,10.22,96.87,0.014134098,12,166,6,1,1,76.35559008
6/14/2016 13:00,8503.333333,0.394675109,797.25,650.61,210.82,812.95,0.7,0.05,30.42,73.28,100.64,8.57,229.3,375.62,380.75,49.08,1.61,8.45,25.12,9.78,230.4,9.67,80.18,0,1,2046.3684,92.39,0,7.81,92.39,0.013285771,13,166,6,1,1,70.20852324
6/14/2016 14:00,7162.5,0.386710219,637.47,571.72,213.05,657.83,0.66,0.05,30.38,73.57,100.56,8.64,222.2,301.65,309.53,38.16,1.05,5.47,25.14,9.87,223.4,9.67,80.18,0,1,1664.5322,92.56,1.14,12.01,93.36,0.017802428,14,166,6,1,1,58.26516106
6/14/2016 15:00,7389.666667,0.540696307,424.08,485.32,158.08,457.17,0.59,0.06,30.22,74.81,100.53,8.77,213.3,201.25,216.07,24.68,0.49,2.45,25.26,10.03,214.4,9.67,80.18,0,1,1526.3721,98.62,0.43,12.98,98.62,0.018676553,15,166,6,1,1,44.96078353
6/14/2016 16:00,2342.181818,0.613495539,216.25,313.52,114.63,235.4,0.5,0.06,29.89,77.28,100.52,9.07,205.1,102.13,110.88,11.66,0.13,0.62,25.5,10.44,206.1,9.67,80.18,0,1,1570.3889,100,5.53,24.6,100,0.017547514,16,166,6,1,1,31.27385502
6/14/2016 17:00,782.5,0.688681661,41.08,45.12,38.74,43.67,0.31,0.07,29.48,80.59,100.54,9.18,200.3,18.87,20.03,2.26,0.01,0.03,25.8,10.75,201.1,9.67,80.18,0,1,1585.8818,100,1.25,19.78,100,0.016688488,17,166,6,1,1,17.50496095
6/14/2016 18:00,318,2.551438192,0,0,0,0,0,0,29.16,83.41,100.58,9.18,198.9,0,0,0,0,0,26.07,10.89,199.6,9.67,80.18,0,1,1869.4683,98.12,6.94,21.64,98.38,0.0082733,18,166,6,1,1,3.811826638
6/14/2016 19:00,0,2.616522491,0,0,0,0,0,0,29.01,85.2,100.63,9.23,200.9,0,0,0,0,0,26.28,10.93,201.5,9.67,80.18,0,1,1607.5244,97.15,5.82,23.27,97.7,0.004839361,19,166,6,1,0,0
6/14/2016 20:00,0,2.291241352,0,0,0,0,0,0,28.94,86.14,100.68,9.15,206.1,0,0,0,0,0,26.4,10.86,206.7,9.67,80.18,0,1,1605.6538,99.87,1.58,10.2,99.87,0.010921903,20,166,6,1,0,0
6/14/2016 21:00,0,0.858458446,0,0,0,0,0,0,28.92,86.43,100.72,9.24,213.1,0,0,0,0,0,26.45,10.99,213.8,9.67,80.18,0,1,1821.7917,99.87,5.75,11.2,99.87,0.018989012,21,166,6,1,0,0
6/14/2016 22:00,0,2.48323422,0,0,0,0,0,0,28.93,86.26,100.71,9.35,222.1,0,0,0,0,0,26.42,11.1,222.7,9.67,80.18,0,1,2330.4958,99.15,1.64,3.25,99.15,0.023955699,22,166,6,1,0,0
6/14/2016 23:00,0,2.159719375,0,0,0,0,0,0,28.94,85.84,100.65,9.3,234.4,0,0,0,0,0,26.35,11.05,234.9,9.67,80.18,0,1,2943.095,99.36,0.28,3.11,99.36,0.02134519,23,166,6,1,0,0
6/15/2016 0:00,0,0.093631256,0,0,0,0,0,0,28.94,85.15,100.58,9.37,244.8,0,0,0,0,0,26.21,11.2,245.2,9.67,80.18,0,1,3825.6387,93.24,0,1.04,93.24,0.012697808,0,167,6,2,0,0
6/15/2016 1:00,0,0.093544205,0,0,0,0,0,0,28.94,83.72,100.52,9.29,252.2,0,0,0,0,0,25.93,11.15,252.7,9.67,80.18,0,1,4592.8594,50.77,0.23,1.3,51.54,0.003896054,1,167,6,2,0,0
6/15/2016 2:00,0,0.097514961,0,0,0,0,0,0,28.85,82.08,100.5,9,255.3,0,0,0,0,0,25.51,10.9,255.8,9.67,80.18,0,1,1100.1421,41.42,0,0.16,41.57,0.002748725,2,167,6,2,0,0
6/15/2016 3:00,0,0.442282523,0,0,0,0,0,0,28.65,81.64,100.51,8.51,254.9,0,0,0,0,0,25.22,10.36,255.5,9.67,80.18,0,1,957.3069,39.9,1.54,0.13,41.44,0.000728682,3,167,6,2,0,0
6/15/2016 4:00,0,0.198653221,0,0,0,0,0,0,28.47,81.62,100.53,8.06,253.5,0,0,0,0,0,25.04,9.86,254.1,9.67,80.18,0,1,1945.0911,10.75,2.22,0.78,13.52,4.15E-05,4,167,6,2,0,0
6/15/2016 5:00,0,0.234318487,17.23,12.66,20.25,17.25,0.27,0.08,28.37,81.8,100.57,7.66,252,7.71,7.77,0.94,0,0.03,24.98,9.34,252.6,9.67,80.18,0,1,6028.039,57.2,3.28,1.42,60.88,0.000178214,5,167,6,2,0,0
6/15/2016 6:00,704.6363636,2.849914407,176.65,296.96,75.85,178.43,0.5,0.07,28.75,80.03,100.63,7.74,250.7,82.63,83.55,9,0.07,0.35,24.99,8.89,251.4,9.67,80.18,0,1,8854.145,79.04,1.71,0,79.25,0.000175773,6,167,6,2,1,3.817992801
6/15/2016 7:00,3235.5,2.893638723,397.1,495.82,143.62,402.3,0.62,0.06,29.2,77.27,100.69,8.04,250.4,188.03,190.08,22.19,0.38,1.88,24.84,9.1,251.4,9.67,80.18,0,1,8854.145,12.11,1.5,0.38,13.55,0.000197736,7,167,6,2,1,17.5071851
6/15/2016 8:00,6852.083333,0.807598275,609.3,564.06,174.24,613.55,0.68,0.05,29.64,74.41,100.72,8.34,251.2,288.2,288.79,36.08,0.91,4.55,24.63,9.37,252,9.67,80.18,0,1,8854.145,64.99,0,0,64.99,0.000302712,8,167,6,2,1,31.2719415
6/15/2016 9:00,9078.166667,0.646048948,760.83,691.95,227.39,784.88,0.7,0.05,30.11,71.83,100.72,8.59,251.2,358.13,367.2,46.72,1.47,7.62,24.48,9.68,251.9,9.67,80.18,0,1,10695.668,94.4,0,0,94.4,0.002686627,9,167,6,2,1,44.95391361
6/15/2016 10:00,8546,0.459243394,863.85,607.49,249.84,899.55,0.71,0.05,30.54,69.45,100.68,8.67,250.5,405.8,418.63,53.93,1.9,10.12,24.32,9.82,251.3,9.67,80.18,0,1,10432.852,100,0,0,100,0.006922349,10,167,6,2,1,58.25121541
6/15/2016 11:00,7163.333333,0.388309727,897.33,665.04,249.09,925.17,0.7,0.05,30.97,66.98,100.62,8.54,248.4,417.57,427.63,54.91,1.99,10.8,24.13,9.71,249.4,9.67,80.18,0,1,8417.559,100,0,0,100,0.013414066,11,167,6,2,1,70.18227649
6/15/2016 12:00,7629.222222,0.451924611,872.55,631.64,244.63,901.47,0.7,0.05,31.31,64.98,100.53,8.24,243.2,406.21,417.29,53.37,1.89,10.15,23.95,9.42,244.5,9.67,80.18,0,1,5336.2812,100,0,1.64,100,0.017905023,12,167,6,2,1,76.31569954
6/15/2016 13:00,11365.36364,0.362015416,764.47,479.59,304.14,808.97,0.67,0.05,31.46,64.31,100.44,7.87,233,357.92,375.7,46.51,1.51,7.8,23.92,9.02,234.6,9.67,80.18,0,1,4419.086,100,0,2.86,100,0.01825805,13,167,6,2,1,70.18227649
6/15/2016 14:00,9984.833333,0.540243817,627.65,461.88,268.54,655.72,0.65,0.05,31.45,64.99,100.38,8.06,218.9,294.57,305.85,37.12,1.01,5.28,24.1,9.23,220.6,9.67,80.18,0,1,3498.4429,99.48,0.22,1.91,99.48,0.019859452,14,167,6,2,1,58.25121541
6/15/2016 15:00,6291.181818,0.440081073,431.02,374.83,233.55,457.1,0.6,0.06,31.22,66.93,100.34,9.15,208.5,202.78,213.95,24.6,0.49,2.42,24.36,10.5,209.9,9.67,80.18,0,1,2989.2576,97.51,0.21,3.19,97.51,0.018704686,15,167,6,2,1,44.95391361
6/15/2016 16:00,2232.4,0.612481101,218.3,200.02,167.35,237.05,0.5,0.06,30.77,69.95,100.35,10.29,204.2,102.38,110.42,11.89,0.13,0.65,24.66,11.94,205.3,9.67,80.18,0,1,3121.549,99.51,0.21,5.07,99.51,0.013982967,16,167,6,2,1,31.2719415
6/15/2016 17:00,605,0.582219281,40.28,13.86,41.72,44.85,0.31,0.07,30.15,74.13,100.41,10.76,204.4,18.47,20.27,2.26,0.01,0.03,25.03,12.72,205.5,9.67,80.18,0,1,3497.6597,99.23,0.91,6.11,99.23,0.014512721,17,167,6,2,1,17.5071851
6/15/2016 18:00,270.6666667,2.538660492,0,0,0,0,0,0,29.66,77.45,100.49,10.97,208.2,0,0,0,0,0,25.31,13.1,209.3,9.67,80.18,0,1,3520.956,99.78,2.21,2.6,99.78,0.016867615,18,167,6,2,1,3.817992801
6/15/2016 19:00,0,2.737307718,0,0,0,0,0,0,29.48,78.01,100.57,11.23,214.8,0,0,0,0,0,25.26,13.41,215.9,9.67,80.18,0,1,2700.1985,100,0.22,2.21,100,0.01581575,19,167,6,2,0,0
6/15/2016 20:00,0,2.658463953,0,0,0,0,0,0,29.36,77.72,100.64,11.41,222.4,0,0,0,0,0,25.08,13.67,223.3,9.67,80.18,0,1,2724.2363,100,2.39,2.76,100,0.015597269,20,167,6,2,0,0
6/15/2016 21:00,0,0.503663289,0,0,0,0,0,0,29.23,77.3,100.7,11.56,229.1,0,0,0,0,0,24.87,13.85,230,9.67,80.18,0,1,1856.1616,100,0.02,3.78,100,0.021507915,21,167,6,2,0,0
6/15/2016 22:00,0,2.567703864,0,0,0,0,0,0,29,78.03,100.71,11.48,233.4,0,0,0,0,0,24.8,13.61,233.9,9.67,80.18,0,1,1892.3293,100,2.04,1.4,100,0.041302964,22,167,6,2,0,0
6/15/2016 23:00,0,2.017433991,0,0,0,0,0,0,28.71,79.43,100.66,11.35,235.8,0,0,0,0,0,24.83,13.43,236.3,9.67,80.18,0,1,1998.584,100,3.23,2.89,100,0.04633853,23,167,6,2,0,0
6/16/2016 0:00,0,0.30305128,0,0,0,0,0,0,28.56,79.93,100.57,11.57,239.6,0,0,0,0,0,24.78,13.7,240.1,9.67,80.18,0,1,2724.2673,100,2.71,0.13,100,0.058150187,0,168,6,3,0,0
6/16/2016 1:00,0,0,0,0,0,0,0,0,28.46,80.62,100.5,11.59,242.5,0,0,0,0,0,24.82,13.74,243,9.67,80.18,0,1,1905.1113,100,7.22,0.26,100,0.0523317,1,168,6,3,0,0
6/16/2016 2:00,0,0.231836249,0,0,0,0,0,0,28.36,81.19,100.47,11.27,243,0,0,0,0,0,24.85,13.42,243.5,9.67,80.18,0,1,639.0117,100,14.28,0.13,100,0.033776175,2,168,6,3,0,0
6/16/2016 3:00,0,0,0,0,0,0,0,0,28.3,81.38,100.45,10.98,244.9,0,0,0,0,0,24.83,13.09,245.4,9.67,80.18,0,1,695.98975,100,15.61,1.66,100,0.035389803,3,168,6,3,0,0
6/16/2016 4:00,0,0.054083212,0,0,0,0,0,0,28.29,81.14,100.45,10.66,246.9,0,0,0,0,0,24.77,12.76,247.3,9.67,80.18,0,1,1935.9287,100,12.08,9.54,100,0.032744203,4,168,6,3,0,0
6/16/2016 5:00,0,0.447642007,12.15,0,15.79,18.2,0.2,0.06,28.3,80.92,100.49,10.15,246.7,5.45,8,0.73,0,0,24.74,12.14,247,9.67,80.18,0,1,1942.5652,100,7.78,3.09,100,0.029952385,5,168,6,3,0,0
6/16/2016 6:00,489.8333333,2.669080572,106.6,9.43,93.55,186.5,0.3,0.05,28.54,79.79,100.58,9.9,244.8,51.77,86.95,6.96,0.06,0.28,24.73,11.63,245.4,9.67,80.18,0,1,2067.641,100,13.15,0.77,100,0.015092611,6,168,6,3,1,3.823087866
6/16/2016 7:00,2845.833333,2.883852878,255,30.8,207.47,411,0.4,0.05,29,76.83,100.64,10.36,245.1,124,193.77,16.73,0.32,1.55,24.54,12.04,245.9,9.67,80.18,0,1,2142.002,100,3.75,3.9,100,0.006280914,7,168,6,3,1,17.5090168
6/16/2016 8:00,3432,0.932465595,448.05,87.04,310.84,619.67,0.5,0.06,29.36,74.62,100.68,10.6,246.7,215.65,291.36,28.94,0.76,4.03,24.39,12.2,247.3,9.67,80.18,0,1,3567.524,100,3.47,2.13,100,0.003560796,8,168,6,3,1,31.27034724
6/16/2016 9:00,4185.333333,0.700350062,622.38,255.14,330.97,787.15,0.57,0.06,29.64,73.27,100.67,10.45,248,297.35,368.6,40.06,1.27,6.53,24.36,11.99,248.6,9.67,80.18,0,1,7139.1836,100,1.18,2.48,100,0.002294825,9,168,6,3,1,44.94821519
6/16/2016 10:00,6012.090909,0.475120004,722.95,332.01,453.26,897.08,0.59,0.05,29.89,72.16,100.63,10.05,247.7,342.48,418.85,46.56,1.65,8.32,24.35,11.51,248.4,9.67,80.18,0,1,7670.672,100,0.23,1.6,100,0.015018925,10,168,6,3,1,58.23965938
6/16/2016 11:00,8800.166667,0.467417982,832.25,614.07,331.81,916.55,0.65,0.05,30.15,70.93,100.56,9.49,245.3,390.5,425.67,51.37,1.87,9.85,24.3,10.85,246.2,9.67,80.18,0,1,6115.3203,100,0,4.5,100,0.013836321,11,168,6,3,1,70.16055019
6/16/2016 12:00,9471.454545,0.752897898,811.33,513.94,319.66,892.3,0.65,0.05,30.43,69.55,100.46,8.83,239.6,381.68,415.25,50.23,1.78,9.27,24.25,10.07,240.6,9.67,80.18,0,1,6276.84,100,0.16,2.17,100,0.014685802,12,168,6,3,1,76.28272938
6/16/2016 13:00,9605.583333,0.332858198,729.78,466.51,324.16,797.45,0.64,0.05,30.73,68.48,100.36,8.42,230.6,342.87,372.05,44.67,1.45,7.28,24.28,9.6,231.9,9.67,80.18,0,1,1843.7703,98.46,5.23,9.5,98.46,0.005440489,13,168,6,3,1,70.16055019
6/16/2016 14:00,6360.5,0.421472823,571.22,284.46,308.08,642.58,0.6,0.05,30.87,68.28,100.3,8.44,222.4,269.99,300.66,34.61,0.94,5,24.35,9.67,223.6,9.67,80.18,0,1,3344.0215,99.69,1.16,4.99,99.69,0.009169906,14,168,6,3,1,58.23965938
6/16/2016 15:00,5348.3,0.612740627,373.1,321.86,273.99,443.02,0.52,0.06,30.74,69.4,100.26,8.83,216.7,176.97,207.6,21.86,0.44,2.22,24.5,10.2,217.9,9.67,80.18,0,1,3570.066,100,0.21,1.65,100,0.016333755,15,168,6,3,1,44.94821519
6/16/2016 16:00,2670.090909,0.773111981,193.75,114.54,150.51,224.65,0.44,0.06,30.38,71.72,100.26,9.3,213.5,91.77,104.42,11.14,0.12,0.6,24.7,10.89,214.4,9.67,80.18,0,1,4608.711,90.13,1.84,9.34,91.54,0.006609295,16,168,6,3,1,31.27034724
6/16/2016 17:00,1085.181818,1.055558406,35.7,3.5,39.64,41.75,0.27,0.07,29.84,75.33,100.32,9.44,212,16.53,18.98,2.05,0.01,0.03,25.01,11.31,212.8,9.67,80.18,0,1,3641.835,85.07,0.61,1.79,85.61,0.002838042,17,168,6,3,1,17.5090168
6/16/2016 18:00,210.6,2.497048005,0,0,0,0,0,0,29.43,78.14,100.39,9.51,212.4,0,0,0,0,0,25.24,11.47,213.3,9.67,80.18,0,1,3668.487,100,0.26,1.9,100,0.010815349,18,168,6,3,1,3.823087866
6/16/2016 19:00,0,2.523193044,0,0,0,0,0,0,29.21,79.7,100.47,9.61,215,0,0,0,0,0,25.35,11.55,215.8,9.67,80.18,0,1,3334.5571,100,0.26,2.57,100,0.015827686,19,168,6,3,0,0
6/16/2016 20:00,0,2.749805783,0,0,0,0,0,0,29,80.68,100.52,9.79,219.4,0,0,0,0,0,25.36,11.68,219.8,9.67,80.18,0,1,1135.334,98.46,3.69,2,98.85,0.012880642,20,168,6,3,0,0
6/16/2016 21:00,0,0.75521285,0,0,0,0,0,0,28.79,81.71,100.53,9.83,223.4,0,0,0,0,0,25.37,11.68,223.8,9.67,80.18,0,1,1734.5732,100,4.31,4.86,100,0.02022424,21,168,6,3,0,0
6/16/2016 22:00,0,2.311003848,0,0,0,0,0,0,28.65,82.52,100.5,9.84,229.4,0,0,0,0,0,25.4,11.69,229.8,9.67,80.18,0,1,1495.9727,100,1.89,3.58,100,0.020170387,22,168,6,3,0,0
6/16/2016 23:00,0,1.929072847,0,0,0,0,0,0,28.54,83.23,100.44,9.84,235.4,0,0,0,0,0,25.44,11.65,235.8,9.67,80.18,0,1,1705.6787,99.79,1.75,2.63,99.79,0.01858959,23,168,6,3,0,0
6/17/2016 0:00,0,0.134530113,0,0,0,0,0,0,28.47,83.57,100.34,9.84,239.1,0,0,0,0,0,25.43,11.65,239.5,9.67,80.18,0,1,2170.2527,99.99,2.37,3.93,99.99,0.016205516,0,169,6,4,0,0
6/17/2016 1:00,0,0.191009596,0,0,0,0,0,0,28.44,83.55,100.28,9.86,241.4,0,0,0,0,0,25.41,11.68,241.8,9.67,80.18,0,1,2186.8357,97.23,5.26,3.64,97.46,0.00792335,1,169,6,4,0,0
6/17/2016 2:00,0,0.1899451,0,0,0,0,0,0,28.39,83.62,100.27,9.57,241.7,0,0,0,0,0,25.38,11.37,242.1,9.67,80.18,0,1,2213.7441,99.67,3.7,3.25,99.67,0.003699915,2,169,6,4,0,0
6/17/2016 3:00,0,0.204401108,0,0,0,0,0,0,28.32,84.02,100.3,9.11,240.6,0,0,0,0,0,25.39,10.87,241.1,9.67,80.18,0,1,3006.932,89.35,9.62,6.23,91.29,0.003247216,3,169,6,4,0,0
6/17/2016 4:00,0,0.375720995,0,0,0,0,0,0,28.26,84.35,100.34,8.61,239.6,0,0,0,0,0,25.39,10.29,240.2,9.67,80.18,0,1,4167.2812,99.63,9.4,4.8,99.63,0.005370002,4,169,6,4,0,0
6/17/2016 5:00,0,0.237695556,15.32,0,20.13,15.77,0.25,0.08,28.22,84.39,100.4,8.04,238.3,6.8,7.05,0.86,0,0.03,25.35,9.63,238.9,9.67,80.18,0,1,4278.4297,100,6.39,6.03,100,0.025979307,5,169,6,4,0,0
6/17/2016 6:00,573.7272727,2.662417192,117.53,26.5,100.69,164,0.34,0.06,28.48,83.02,100.47,7.74,236.4,56.58,76.02,7.21,0.06,0.3,25.34,8.96,237.2,9.67,80.18,0,1,4647.8203,99.77,11.47,4.03,99.77,0.018769369,6,169,6,4,1,3.827111101
6/17/2016 7:00,2060.583333,2.982474345,252.88,27.45,206.03,381.6,0.39,0.05,28.86,80.56,100.54,7.72,235.8,122.45,179.83,16.34,0.3,1.48,25.21,8.77,236.9,9.67,80.18,0,1,3616.601,100,11.88,3.03,100,0.025446456,7,169,6,4,1,17.51045927
6/17/2016 8:00,5475.333333,1.019066765,422.35,68.32,319.66,590.92,0.47,0.06,29.2,78.29,100.59,7.76,238.3,204.51,279.03,27.07,0.71,3.75,25.05,8.71,239.1,9.67,80.18,0,1,1762.4702,100,13.66,1.09,100,0.022541225,8,169,6,4,1,31.26907996
6/17/2016 9:00,6545.636364,0.450704206,567.05,85.77,397.71,760.33,0.52,0.06,29.49,76.76,100.6,7.75,241.5,274.3,358.3,36.73,1.16,5.97,25,8.66,242.2,9.67,80.18,0,1,1301.2891,99.79,8.79,3.31,100,0.018148955,9,169,6,4,1,44.94370157
6/17/2016 10:00,7442.583333,0.56107188,652.95,102.38,391.12,873.67,0.53,0.06,29.72,75.56,100.55,7.71,244,314.95,411,42.7,1.5,7.57,24.96,8.61,244.6,9.67,80.18,0,1,4141.6953,100,0.44,2.84,100,0.057488646,10,169,6,4,1,58.23051337
6/17/2016 11:00,7769,0.515060988,711.75,155.53,426.06,919.72,0.56,0.06,29.87,74.67,100.47,7.67,245,342.38,432.55,46.48,1.7,8.9,24.9,8.58,245.6,9.67,80.18,0,1,3644.8865,100,0,2.39,100,0.06458688,11,169,6,4,1,70.14336963
6/17/2016 12:00,7763.166667,0.282722104,710.67,182.1,463.32,896.67,0.57,0.06,29.99,73.68,100.38,7.6,244,341.67,421.65,46.16,1.66,8.48,24.79,8.53,244.7,9.67,80.18,0,1,3522.3892,100,0,2.76,100,0.042585105,12,169,6,4,1,76.25668937
6/17/2016 13:00,8039.727273,0.563284671,625.4,152.73,432.04,805.3,0.55,0.05,30.1,72.72,100.3,7.55,241.4,300.75,379.42,40.41,1.33,6.55,24.68,8.51,242.3,9.67,80.18,0,1,3328.2537,100,0,6.42,100,0.026790988,13,169,6,4,1,70.14336963
6/17/2016 14:00,8329.833333,0.377311788,379.83,17.68,288.04,653.83,0.4,0.06,30.17,71.91,100.25,7.43,237,187.35,308.92,25.95,0.74,3.95,24.57,8.42,238,9.67,80.18,0,1,2262.469,100,0.22,3.78,100,0.03003237,14,169,6,4,1,58.23051337
6/17/2016 15:00,5196.25,0.464257442,237.52,14.6,175.46,455.95,0.33,0.05,30.18,71.78,100.23,7.35,231.7,117.97,215.8,16.38,0.35,1.77,24.54,8.4,232.8,9.67,80.18,0,1,1851.6174,100,0.48,4.9,100,0.030611362,15,169,6,4,1,44.94370157
6/17/2016 16:00,2118.5,0.573429549,123.38,25.26,99.31,236,0.28,0.05,30.06,72.82,100.25,7.22,226.4,60.94,110.9,8.32,0.1,0.47,24.66,8.41,227.2,9.67,80.18,0,1,1378.3743,99.84,1.43,1.94,99.84,0.014402088,16,169,6,4,1,31.26907996
6/17/2016 17:00,797.8333333,0.878537848,24.08,6.68,27.96,44.95,0.18,0.05,29.7,75.47,100.3,6.88,221.3,11.55,20.45,1.57,0.01,0.03,24.93,8.33,221.6,9.67,80.18,0,1,1405.856,98.47,0.02,1.15,98.47,0.012593016,17,169,6,4,1,17.51045927
6/17/2016 18:00,119.25,2.244777355,0,0,0,0,0,0,29.35,77.91,100.38,6.92,217.7,0,0,0,0,0,25.12,8.54,218,9.67,80.18,0,1,1412.4705,97.35,1.42,0.16,97.35,0.010748394,18,169,6,4,1,3.827111101
6/17/2016 19:00,0,2.480492686,0,0,0,0,0,0,29.14,79.28,100.46,7.34,216.8,0,0,0,0,0,25.2,8.96,217.2,9.67,80.18,0,1,4923.754,98.77,0.14,1.09,98.77,0.011504237,19,169,6,4,0,0
6/17/2016 20:00,0,2.744210103,0,0,0,0,0,0,28.98,80.36,100.5,7.82,218.8,0,0,0,0,0,25.27,9.45,219.2,9.67,80.18,0,1,2687.3708,99.45,0.95,6.74,99.45,0.009636808,20,169,6,4,0,0
6/17/2016 21:00,0,0.798249306,0,0,0,0,0,0,28.8,81.8,100.5,8.15,221.4,0,0,0,0,0,25.4,9.79,221.7,9.67,80.18,0,1,2797.045,99.71,2.72,3.81,99.71,0.009705175,21,169,6,4,0,0
6/17/2016 22:00,0,2.12498735,0,0,0,0,0,0,28.65,83.18,100.48,8.44,224.1,0,0,0,0,0,25.53,10.09,224.3,9.67,80.18,0,1,1435.8472,94.73,2.82,2.05,95.38,0.006334789,22,169,6,4,0,0
6/17/2016 23:00,0,1.727950171,0,0,0,0,0,0,28.54,83.91,100.42,8.67,227.8,0,0,0,0,0,25.58,10.32,227.9,9.67,80.18,0,1,519.437,73.99,1.94,0.26,75.1,0.000615223,23,169,6,4,0,0
6/18/2016 0:00,0,0.062279099,0,0,0,0,0,0,28.44,83.72,100.35,8.71,231.1,0,0,0,0,0,25.44,10.35,231.2,9.67,80.18,0,1,469.20044,46.45,3.68,0.13,48.44,0.000586019,0,170,6,5,0,0
6/18/2016 1:00,0,0,0,0,0,0,0,0,28.37,82.51,100.29,8.43,234.4,0,0,0,0,0,25.13,10.04,234.4,9.67,80.18,0,1,534.3181,17.23,4.53,0.26,21.61,0.002717371,1,170,6,5,0,0
6/18/2016 2:00,0,0.455747615,0,0,0,0,0,0,28.26,81.14,100.28,7.78,235.6,0,0,0,0,0,24.73,9.37,235.8,9.67,80.18,0,1,637.7732,23.4,4.89,0.81,26.78,0.002478371,2,170,6,5,0,0
6/18/2016 3:00,0,0.346693448,0,0,0,0,0,0,28.15,80.27,100.29,7.09,236.3,0,0,0,0,0,24.44,8.66,236.5,9.67,80.18,0,1,907.9009,30.16,9.66,9.55,40.36,0.001407654,3,170,6,5,0,0
6/18/2016 4:00,0,0.053794065,0,0,0,0,0,0,28.08,80.14,100.34,6.69,237.5,0,0,0,0,0,24.36,8.23,237.7,9.67,80.18,0,1,1163.4612,11.92,5.1,13.09,23.22,0.003758299,4,170,6,5,0,0
6/18/2016 5:00,0,0.595545176,11.98,0,15.57,16.02,0.2,0.08,28.08,80.31,100.4,6.43,237.8,5.35,7.15,0.7,0,0,24.39,7.9,238,9.67,80.18,0,1,3948.408,53.61,1.31,15.99,60.8,0.00697574,5,170,6,5,0,0
6/18/2016 6:00,530,3.007926505,101.2,23.39,86.68,167.1,0.29,0.05,28.49,78.9,100.5,6.49,237.8,49.46,78.1,6.55,0.05,0.25,24.5,7.43,238.4,9.67,80.18,0,1,1833.3721,92.73,0.64,18.19,93.69,0.025377166,6,170,6,5,1,3.830061929
6/18/2016 7:00,2187.909091,2.94978507,238.23,46.65,170.11,384.65,0.37,0.05,28.99,76.34,100.56,6.61,241.1,116.8,182.03,15.59,0.28,1.38,24.44,7.44,242.4,9.67,80.18,0,1,1849.5413,90.01,7.69,15.1,91.07,0.051605083,7,170,6,5,1,17.51151505
6/18/2016 8:00,2918.083333,0.493040443,417.77,101.81,249.53,591.95,0.47,0.06,29.34,74.36,100.62,6.65,246.2,202.9,280.07,27.01,0.69,3.6,24.32,7.39,247.1,9.67,80.18,0,1,1899.3672,77.43,2.88,12.31,80.46,0.030986164,8,170,6,5,1,31.26814577
6/18/2016 9:00,4487.833333,1.182590415,583.9,242.31,296.44,759.9,0.53,0.05,29.6,72.92,100.64,6.61,248.6,281.6,358.55,37.64,1.16,5.93,24.25,7.28,249.3,9.67,80.18,0,1,1688.8889,75.24,2.72,17.48,77.92,0.02020099,9,170,6,5,1,44.94038324
6/18/2016 10:00,8116.583333,0.282793841,688.85,327.51,278.29,870.53,0.56,0.05,29.76,71.83,100.63,6.49,248.6,328.07,409.71,44.76,1.54,7.88,24.14,7.13,249.3,9.67,80.18,0,1,3604.1843,80.46,0.02,20.23,83.77,0.011588153,10,170,6,5,1,58.22379349
6/18/2016 11:00,8222.166667,0.151574094,698.55,195.71,352.35,900.75,0.55,0.06,29.85,70.83,100.59,6.3,247.6,335.9,422.83,45.45,1.62,8.45,24.01,6.9,248.4,9.67,80.18,0,1,4055.9773,70.09,0,10.34,73.11,0.009185456,11,170,6,5,1,70.13075475
6/18/2016 12:00,7104.083333,0.595473843,698.83,279.17,341.23,875.7,0.56,0.05,29.93,69.98,100.53,6.14,245.7,334.4,410.85,44.98,1.56,8.05,23.88,6.73,246.6,9.67,80.18,0,1,3653.8013,75.91,0.57,17.61,81.37,0.016924713,12,170,6,5,1,76.23758724
6/18/2016 13:00,9854.5,0.916800103,666.88,353.33,291.44,781.42,0.59,0.05,29.94,69.33,100.46,6.07,243.2,315.98,367.08,41.6,1.32,6.65,23.74,6.67,244.1,9.67,80.18,0,1,1576.0215,79.56,8.04,37.78,87.26,0.016056892,13,170,6,5,1,70.13075475
6/18/2016 14:00,7226.25,0.747131111,484.6,165.35,303.61,626.6,0.5,0.05,29.93,68.92,100.41,6.11,239.6,231.4,294.7,30.26,0.81,4.3,23.63,6.72,240.5,9.67,80.18,0,1,843.6135,74.06,5.66,36.69,82.4,0.009153988,14,170,6,5,1,58.22379349
6/18/2016 15:00,7174.583333,0.663538853,305.67,118.43,204.46,427.35,0.42,0.05,29.82,69.12,100.39,6.33,235.1,145.98,200.9,18.94,0.38,1.9,23.57,7.01,235.9,9.67,80.18,0,1,1207.5325,44.18,0.22,40.48,67.76,0.007008977,15,170,6,5,1,44.94038324
6/18/2016 16:00,3593.5,0.849558935,160.52,42.24,136.22,211.98,0.36,0.05,29.55,70.38,100.42,6.65,230.7,76.9,98.7,9.5,0.1,0.5,23.61,7.47,231.5,9.67,80.18,0,1,3188.617,36.35,0.45,46.2,64.35,0.00902506,16,170,6,5,1,31.26814577
6/18/2016 17:00,876.3333333,1.202934458,32.33,4.92,34.4,39.4,0.24,0.06,29.08,73.06,100.47,6.76,227,15.26,18.07,1.82,0.01,0.03,23.79,7.96,227.6,9.67,80.18,0,1,3206.0342,32.62,3.24,42.77,61.98,0.009451751,17,170,6,5,1,17.51151505
6/18/2016 18:00,419.8,2.773600826,0,0,0,0,0,0,28.59,76.1,100.54,7.02,224.6,0,0,0,0,0,23.98,8.51,225,9.67,80.18,0,1,1514.6641,33.87,1.15,25.2,47.31,0.005803753,18,170,6,5,1,3.830061929
6/18/2016 19:00,0,3.023505521,0,0,0,0,0,0,28.29,78.13,100.59,7.6,223.7,0,0,0,0,0,24.13,9.11,224,9.67,80.18,0,1,1268.0632,62.83,1.51,22.87,69.36,0.009277888,19,170,6,5,0,0
6/18/2016 20:00,0,2.78597469,0,0,0,0,0,0,27.97,80.04,100.62,8.27,225.4,0,0,0,0,0,24.22,9.79,225.7,9.67,80.18,0,1,472.84912,82.55,7.35,18.24,84.83,0.019238476,20,170,6,5,0,0
6/18/2016 21:00,0,1.093202685,0,0,0,0,0,0,27.76,81.11,100.62,8.58,228.1,0,0,0,0,0,24.25,10.15,228.6,9.67,80.18,0,1,594.5559,90.54,17.82,11.28,92.27,0.02676684,21,170,6,5,0,0
6/18/2016 22:00,0,2.240941108,0,0,0,0,0,0,27.76,80.68,100.6,8.47,231.8,0,0,0,0,0,24.15,10.11,232.3,9.67,80.18,0,1,563.397,92.39,16.06,14.38,93.95,0.027652249,22,170,6,5,0,0
6/18/2016 23:00,0,2.046583549,0,0,0,0,0,0,27.89,79.59,100.53,8.37,236.2,0,0,0,0,0,24.04,10.09,236.7,9.67,80.18,0,1,899.0637,88.83,10.58,20.5,92.22,0.01977202,23,170,6,5,0,0
6/19/2016 0:00,0,0,0,0,0,0,0,0,28.03,78.96,100.44,8.44,240.9,0,0,0,0,0,24.05,10.25,241.3,9.67,80.18,0,1,2211.3994,83.79,8.94,22.54,88.38,0.013634685,0,171,6,6,0,0
6/19/2016 1:00,0,0.155536414,0,0,0,0,0,0,28.08,79.33,100.37,8.47,245.7,0,0,0,0,0,24.19,10.34,246,9.67,80.18,0,1,1102.9875,88.84,1.3,12.7,89.65,0.019437738,1,171,6,6,0,0
6/19/2016 2:00,0,0.001968034,0,0,0,0,0,0,28.04,80.11,100.33,7.92,249.4,0,0,0,0,0,24.31,9.75,249.5,9.67,80.18,0,1,702.4175,97.16,4.9,16.04,97.16,0.026368998,2,171,6,6,0,0
6/19/2016 3:00,0,0,0,0,0,0,0,0,27.95,80.5,100.34,6.97,252.1,0,0,0,0,0,24.3,8.67,252,9.67,80.18,0,1,632.4663,98.7,14.19,28.2,98.7,0.02180019,3,171,6,6,0,0
6/19/2016 4:00,0,0.203531741,0,0,0,0,0,0,27.9,80.19,100.4,6.1,254,0,0,0,0,0,24.19,7.67,253.7,9.67,80.18,0,1,660.0823,98.1,11.53,48.89,98.63,0.03267663,4,171,6,6,0,0
6/19/2016 5:00,0,0.447120394,14.45,1.46,16.79,14.6,0.24,0.07,27.92,79.38,100.45,5.41,255.1,6.43,6.5,0.8,0,0.03,24.05,6.81,254.6,9.67,80.18,0,1,723.2803,100,9.01,41.28,100,0.03866436,5,171,6,6,0,0
6/19/2016 6:00,712.7272727,3.000470435,144.95,120.74,114.66,149.3,0.42,0.06,28.41,76.72,100.52,5,254.3,67.3,69.23,7.73,0.06,0.28,23.94,5.83,254.3,9.67,80.18,0,1,982.83325,100,6.08,40.5,100,0.042548932,6,171,6,6,1,3.831939929
6/19/2016 7:00,3178,2.73926848,343.67,229.02,211.59,357.5,0.54,0.06,28.78,73.97,100.57,4.59,253.7,161.62,167.85,19.08,0.31,1.55,23.71,5.14,254.5,9.67,80.18,0,1,1965.3091,100,3.49,47.66,100,0.0373651,7,171,6,6,1,17.51218602
6/19/2016 8:00,5356.363636,0.804094522,523.85,384.31,218.25,563.4,0.59,0.05,29.14,71.62,100.62,4.39,255.7,247.75,265.03,30.77,0.74,3.72,23.51,4.8,256.3,9.67,80.18,0,1,2389.8252,99.99,1.24,37.81,99.99,0.033585146,8,171,6,6,1,31.26754914
6/19/2016 9:00,7164.25,0.974402404,611.47,355.91,280.63,732.12,0.56,0.05,29.49,69.73,100.62,4.31,255.4,290.28,343.88,37.76,1.13,5.82,23.39,4.67,255.8,9.67,80.18,0,1,3898.5728,100,0.81,42.92,100,0.02693158,9,171,6,6,1,44.93826789
6/19/2016 10:00,3048,0.33263316,629.22,278.17,296.74,844.92,0.52,0.05,29.84,67.86,100.58,4.26,254.3,299.21,396.02,40.35,1.37,7,23.27,4.6,254.8,9.67,80.18,0,1,4173.543,100,0.05,32.6,100,0.031957787,10,171,6,6,1,58.21951156
6/19/2016 11:00,9958.083333,0.449986353,725.9,324.39,301.52,903.35,0.57,0.05,30.11,66.13,100.5,4.02,252.6,347.59,423.93,46.87,1.66,8.75,23.1,4.36,253.1,9.67,80.18,0,1,4339.9688,100,0,28.66,100,0.038340766,11,171,6,6,1,70.12272014
6/19/2016 12:00,7346.666667,0.504517608,721.92,378.32,427.47,880.7,0.58,0.05,30.34,64.52,100.41,3.58,248.9,343.43,413.29,45.67,1.6,8.15,22.93,3.87,249.6,9.67,80.18,0,1,4082.1262,100,0,27.63,100,0.06898081,12,171,6,6,1,76.22542863
6/19/2016 13:00,7802.333333,0.205730737,558.47,243.74,252.15,789.33,0.49,0.05,30.49,63.59,100.33,3.08,239.4,266.78,371.03,36.75,1.19,5.97,22.83,3.38,240.6,9.67,80.18,0,1,2586.263,100,0,13.47,100,0.09117514,13,171,6,6,1,70.12272014
6/19/2016 14:00,9661.083333,0.515683288,422.05,163.94,228.09,636.97,0.44,0.05,30.52,63.56,100.29,2.8,222.7,202.75,299.95,27.9,0.77,4.05,22.86,3.1,224.6,9.67,80.18,0,1,2386.5674,97.77,0,2.65,97.77,0.09346992,14,171,6,6,1,58.21951156
6/19/2016 15:00,7209.166667,0.28934177,300.67,76.67,215.68,439.02,0.42,0.05,30.44,64.32,100.28,2.95,202.7,145.97,206.7,19.07,0.39,1.95,22.97,3.27,204.8,9.67,80.18,0,1,1661.5576,97.42,1.69,7.64,97.8,0.05473715,15,171,6,6,1,44.93826789
6/19/2016 16:00,1997.666667,0.609687286,136.05,22.89,107.89,221.95,0.31,0.05,30.28,66.06,100.31,3.63,189.2,66.47,103.55,8.73,0.1,0.47,23.25,4.11,190.9,9.67,80.18,0,1,488.88306,99.76,5.21,4.04,99.76,0.035653025,16,171,6,6,1,31.26754914
6/19/2016 17:00,927.75,1.110390347,26.88,3.88,29.37,42.05,0.2,0.06,29.84,70.16,100.38,4.53,184.7,12.77,19.2,1.68,0.01,0.03,23.84,5.48,186.4,9.67,80.18,0,1,1345.6082,96.55,16.77,10.17,97.56,0.023704283,17,171,6,6,1,17.51218602
6/19/2016 18:00,214.4,2.359947715,0,0,0,0,0,0,29.36,74.57,100.44,5.71,187.3,0,0,0,0,0,24.39,7.07,188.3,9.67,80.18,0,1,914.10864,96.97,5.27,2.73,96.97,0.01499261,18,171,6,6,1,3.831939929
6/19/2016 19:00,0,3.050981892,0,0,0,0,0,0,29.09,77.87,100.52,6.94,193.7,0,0,0,0,0,24.84,8.43,194.1,9.67,80.18,0,1,1490.3535,98.18,4.72,2.27,98.18,0.023114718,19,171,6,6,0,0
6/19/2016 20:00,0,2.76461248,0,0,0,0,0,0,28.86,80.03,100.57,7.7,204.1,0,0,0,0,0,25.08,9.26,204.4,9.67,80.18,0,1,1408.575,97.71,5.99,6.82,97.71,0.02568749,20,171,6,6,0,0
6/19/2016 21:00,0,1.199304517,0,0,0,0,0,0,28.75,80.43,100.59,8.11,217.4,0,0,0,0,0,25.07,9.71,217.5,9.67,80.18,0,1,1782.7412,95.25,2.58,4.85,95.96,0.017183471,21,171,6,6,0,0
6/19/2016 22:00,0,2.409625188,0,0,0,0,0,0,28.66,80.56,100.58,8.48,227.6,0,0,0,0,0,25.01,10.15,227.6,9.67,80.18,0,1,1765.9702,95.7,0.95,6.95,95.85,0.004844144,22,171,6,6,0,0
6/19/2016 23:00,0,2.330314224,0,0,0,0,0,0,28.48,80.92,100.52,8.97,235,0,0,0,0,0,24.91,10.7,234.9,9.67,80.18,0,1,1863.5588,93.39,2.68,3.98,93.62,0.00562064,23,171,6,6,0,0
6/20/2016 0:00,0,0.161751022,0,0,0,0,0,0,28.21,81.89,100.45,9.28,241.6,0,0,0,0,0,24.83,11,241.7,9.67,80.18,0,1,1781.1292,85.44,0.23,3.1,85.44,0.015620638,0,172,6,0,0,0
6/20/2016 1:00,0,0.082022953,0,0,0,0,0,0,28,82.84,100.38,9.38,247.2,0,0,0,0,0,24.82,11.06,247.4,9.67,80.18,0,1,1816.9377,91.92,0.48,0.24,91.92,0.0347993,1,172,6,0,0,0
6/20/2016 2:00,0,0.161330266,0,0,0,0,0,0,27.92,82.99,100.34,9.17,252,0,0,0,0,0,24.78,10.96,252.5,9.67,80.18,0,1,2442.3628,95.73,0.88,1.5,95.73,0.030231014,2,172,6,0,0,0
6/20/2016 3:00,0,0.221849092,0,0,0,0,0,0,27.89,82.49,100.33,8.46,255.3,0,0,0,0,0,24.65,10.14,255.8,9.67,80.18,0,1,2468.6711,84.02,4.94,8.93,85.22,0.011395689,3,172,6,0,0,0
6/20/2016 4:00,0,0.150773635,0,0,0,0,0,0,27.84,82.2,100.34,7.61,256.2,0,0,0,0,0,24.55,9.2,256.8,9.67,80.18,0,1,1851.2871,80.17,7.8,2.41,80.57,0.008974448,4,172,6,0,0,0
6/20/2016 5:00,0,0.178335056,13.23,2.63,15.72,15.62,0.22,0.08,27.86,81.63,100.39,6.86,256,5.88,6.93,0.76,0,0.03,24.45,8.37,256.6,9.67,80.18,0,1,1605.3618,67.34,9.8,2.84,69.94,0.007304624,5,172,6,0,0,0
6/20/2016 6:00,436.3,2.594229083,112.35,46.96,89.19,165,0.32,0.05,28.24,79.46,100.47,6.41,254.8,54.35,76.75,7,0.06,0.28,24.37,7.39,255.6,9.67,80.18,0,1,1494.0034,61.74,4.72,7.33,65.89,0.005663142,6,172,6,0,1,3.832744834
6/20/2016 7:00,2208.909091,2.741061602,265.15,73.63,193.35,382.55,0.42,0.05,28.58,77.35,100.54,5.99,253.1,128.77,180.75,16.85,0.3,1.48,24.26,6.69,254.1,9.67,80.18,0,1,1683.7932,40.42,13.53,22.18,49.8,0.022312727,7,172,6,0,1,17.51247337
6/20/2016 8:00,5354.454545,0.604332802,432.45,101.15,302.14,591.53,0.49,0.06,28.79,75.98,100.6,5.96,251.6,209.63,279.83,27.78,0.71,3.72,24.14,6.56,252.5,9.67,80.18,0,1,1674.9512,26.43,3.81,22.42,35.03,0.005640984,8,172,6,0,1,31.26729293
6/20/2016 9:00,5696.833333,0.920670501,571.7,130.38,326.43,761.38,0.52,0.06,28.89,75.16,100.61,6.04,249.6,276.15,359.37,37.21,1.16,5.93,24.06,6.6,250.4,9.67,80.18,0,1,2863.1821,51.28,3.07,16,54.52,0.005407114,9,172,6,0,1,44.93736044
6/20/2016 10:00,7826.083333,0.258707721,660.92,179,440.91,874.42,0.54,0.06,28.94,74.65,100.59,6.03,247.3,318,411.83,43.32,1.5,7.55,24,6.59,247.9,9.67,80.18,0,1,2126.5667,78.22,0.64,13.54,79.56,0.011499036,10,172,6,0,1,58.21767511
6/20/2016 11:00,9310.333333,0.29108904,750.67,347.95,364.86,889.05,0.59,0.06,29.05,73.74,100.53,6.05,244.1,356.25,416.08,46.65,1.65,8.68,23.9,6.61,244.8,9.67,80.18,0,1,2476.8079,49.51,0,6.19,50.65,0.005869526,11,172,6,0,1,70.11927508
6/20/2016 12:00,9281.8,0.218428482,750.05,279.9,373.56,861.78,0.6,0.05,29.24,72.17,100.44,5.96,241,354.93,403.05,46.12,1.6,8.23,23.73,6.51,241.7,9.67,80.18,0,1,1841.3975,14.04,0,8.67,18.31,0.00074216,12,172,6,0,1,76.22021715
6/20/2016 13:00,10453.66667,0.503150281,607.35,157.8,329,766.2,0.53,0.06,29.48,70.39,100.35,5.8,237.1,287.4,358.56,37.81,1.2,5.93,23.55,6.36,237.8,9.67,80.18,0,1,2178.6052,22.98,0.66,23.11,39.76,0.000401604,13,172,6,0,1,70.11927508
6/20/2016 14:00,9902.666667,0.362532117,521.05,251.64,287.37,611.55,0.54,0.05,29.65,69.13,100.3,5.62,233,247,286.27,30.98,0.84,4.47,23.41,6.18,233.7,9.67,80.18,0,1,2405.015,95.99,0.02,6.74,96.37,0.003476293,14,172,6,0,1,58.21767511
6/20/2016 15:00,6723.272727,0.660103385,348.9,141.01,214.09,415.45,0.48,0.06,29.65,68.81,100.27,5.55,228.5,165.55,194.23,20.26,0.41,2.03,23.33,6.16,229.3,9.67,80.18,0,1,1135.1692,91.22,0.45,5.05,91.22,0.007988174,15,172,6,0,1,44.93736044
6/20/2016 16:00,3824.25,0.514759758,170.2,49.57,136.65,206.18,0.38,0.06,29.58,69.48,100.28,5.52,223.5,80.75,95.55,9.78,0.11,0.52,23.42,6.28,224.4,9.67,80.18,0,1,547.84595,79.87,0,1.55,80.16,0.004897419,16,172,6,0,1,31.26729293
6/20/2016 17:00,1408.454545,0.928030985,34.38,1.28,37.6,39.35,0.25,0.07,29.34,72.17,100.32,5.28,217.3,15.95,18.05,1.97,0.01,0.03,23.82,6.36,218,9.67,80.18,0,1,576.7988,76.73,1.78,6.17,76.74,0.002863729,17,172,6,0,1,17.51247337
6/20/2016 18:00,212.8,2.284302196,0,0,0,0,0,0,29.09,75.29,100.37,5.43,211.8,0,0,0,0,0,24.29,6.74,212.5,9.67,80.18,0,1,552.22754,23.26,2.56,7.47,30.73,0.000644526,18,172,6,0,1,3.832744834
6/20/2016 19:00,0,2.995865187,0,0,0,0,0,0,28.95,78.03,100.42,5.99,208.6,0,0,0,0,0,24.74,7.36,208.9,9.67,80.18,0,1,900.1902,51.05,1.35,15.94,60.39,0.001000912,19,172,6,0,0,0
6/20/2016 20:00,0,2.344282727,0,0,0,0,0,0,28.79,80.34,100.46,6.71,210.5,0,0,0,0,0,25.08,8.15,210.6,9.67,80.18,0,1,1089.0496,58.7,1.71,24.55,67.43,0.00238757,20,172,6,0,0,0
6/20/2016 21:00,0,0.964536727,0,0,0,0,0,0,28.69,80.82,100.48,7.39,217.9,0,0,0,0,0,25.09,8.92,218.1,9.67,80.18,0,1,1208.1013,75.25,6.5,17.3,80.44,0.004000075,21,172,6,0,0,0
6/20/2016 22:00,0,2.358605427,0,0,0,0,0,0,28.62,80.07,100.48,7.92,226.5,0,0,0,0,0,24.86,9.55,226.6,9.67,80.18,0,1,1072.1492,95.83,0.94,14.07,96.51,0.006283909,22,172,6,0,0,0
6/20/2016 23:00,0,2.09698362,0,0,0,0,0,0,28.47,79.96,100.44,8.44,233.9,0,0,0,0,0,24.7,10.18,234,9.67,80.18,0,1,1140.3865,91.25,1.58,14.87,92.93,0.011033364,23,172,6,0,0,0
6/21/2016 0:00,0,0.117114899,0,0,0,0,0,0,28.35,79.38,100.39,9.3,241.7,0,0,0,0,0,24.45,11.17,242,9.67,80.18,0,1,1083.2654,95.85,0.71,8.26,96.22,0.01803501,0,173,6,1,0,0
6/21/2016 1:00,0,0.125088274,0,0,0,0,0,0,28.2,79.43,100.36,9.42,247.7,0,0,0,0,0,24.32,11.26,247.9,9.67,80.18,0,1,1444.23,97.75,2,7.15,98.13,0.026202735,1,173,6,1,0,0
6/21/2016 2:00,0,0.150047899,0,0,0,0,0,0,28.07,79.86,100.35,8.69,252.4,0,0,0,0,0,24.28,10.44,252.6,9.67,80.18,0,1,1334.7522,100,2.64,6.56,100,0.032019284,2,173,6,1,0,0
6/21/2016 3:00,0,0.122618462,0,0,0,0,0,0,27.94,80.32,100.37,7.48,256.2,0,0,0,0,0,24.26,9.11,256.3,9.67,80.18,0,1,915.13306,99,4.88,8.27,99,0.04382404,3,173,6,1,0,0
6/21/2016 4:00,0,0.282307623,0,0,0,0,0,0,27.85,80.35,100.41,6.36,260.5,0,0,0,0,0,24.16,7.87,260.5,9.67,80.18,0,1,952.24536,98.78,18.68,3.12,99.64,0.05719111,4,173,6,1,0,0
6/21/2016 5:00,0,0.490262681,13.23,0.72,15.52,14.32,0.22,0.08,27.78,80.08,100.45,5.33,264,5.82,6.38,0.74,0,0,24.05,6.65,263.9,9.67,80.18,0,1,952.94727,100,35.37,3.41,100,0.086551726,5,173,6,1,0,0
6/21/2016 6:00,644.1818182,2.617717778,118.97,47.87,97.78,151.9,0.34,0.06,28.08,77.83,100.52,4.71,264.4,56.83,70.47,7.04,0.05,0.25,23.87,5.54,264.4,9.67,80.18,0,1,2370.7239,99.87,40.02,4.49,99.87,0.13905668,6,173,6,1,1,3.83247653
6/21/2016 7:00,2518.916667,2.638725424,279.08,159.56,184.5,363.15,0.44,0.06,28.43,74.99,100.57,4.53,261.2,134.15,171.02,16.91,0.29,1.42,23.59,5.14,261.2,9.67,80.18,0,1,1806.6885,100,6.07,8.6,100,0.15571302,7,173,6,1,1,17.5123776
6/21/2016 8:00,3299.5,0.783299532,441.2,103.73,296.12,570.6,0.5,0.06,28.77,72.96,100.61,4.71,257.5,212.7,269.37,27.54,0.69,3.58,23.45,5.24,257.6,9.67,80.18,0,1,2312.3052,100,3.68,7.83,100,0.121561885,8,173,6,1,1,31.26737837
6/21/2016 9:00,6224.416667,1.063578418,566.62,114.39,307.16,740.7,0.52,0.06,29.08,71.36,100.62,4.9,254.5,272.95,349.12,36.13,1.1,5.62,23.39,5.42,254.6,9.67,80.18,0,1,2590.289,100,1.45,7.68,100,0.102674484,9,173,6,1,1,44.93766298
6/21/2016 10:00,8164.166667,0.33382949,622.08,82.44,433.27,853.83,0.51,0.06,29.37,69.73,100.6,4.91,252.7,300.03,401.55,40.3,1.37,6.82,23.28,5.43,252.9,9.67,80.18,0,1,3317.7075,100,0,2.84,100,0.08788663,10,173,6,1,1,58.21828735
6/21/2016 11:00,5624.916667,0.645942165,602.12,37.44,424.46,899.62,0.47,0.06,29.58,68.55,100.55,4.84,251.5,293.27,422.45,39.86,1.4,7.22,23.2,5.35,251.7,9.67,80.18,0,1,7188.379,100,0,0.97,100,0.13959908,11,173,6,1,1,70.12042355
6/21/2016 12:00,4975.916667,0.581281799,581.75,28.65,406.14,875.65,0.47,0.06,29.69,67.85,100.48,4.7,250.1,283.43,411.27,38.5,1.33,6.7,23.12,5.22,250.3,9.67,80.18,0,1,2112.1582,100,0.29,2.34,100,0.17669141,12,173,6,1,1,76.22195435
6/21/2016 13:00,7012.25,0.237081668,436.55,1.63,325.61,783.95,0.38,0.06,29.74,67.45,100.4,4.57,247.4,217.93,369.05,30.11,0.96,4.72,23.09,5.08,247.6,9.67,80.18,0,1,3360.4653,100,4.35,6.13,100,0.18020827,13,173,6,1,1,70.12042355
6/21/2016 14:00,5217,0.471322724,390.42,14.5,298.71,630.8,0.41,0.06,29.69,67.8,100.35,4.49,244.3,191.73,297.43,25.91,0.71,3.75,23.11,5.01,244.5,9.67,80.18,0,1,867.9541,100,8.91,14.49,100,0.14144164,14,173,6,1,1,58.21828735
6/21/2016 15:00,4564.083333,0.694690282,254.75,7.45,209.9,432.92,0.35,0.05,29.59,68.78,100.32,4.43,241.7,125.65,204.05,16.91,0.35,1.73,23.27,5.01,241.7,9.67,80.18,0,1,486.93823,100,12.22,12.4,100,0.113563776,15,173,6,1,1,44.93766298
6/21/2016 16:00,3090.583333,0.552673384,128.07,6.7,117.27,218.18,0.29,0.05,29.41,70.86,100.35,4.31,237.9,63.07,101.9,8.41,0.09,0.45,23.59,4.97,237.9,9.67,80.18,0,1,444.23145,99.71,7.59,6.51,99.87,0.10872418,16,173,6,1,1,31.26737837
6/21/2016 17:00,958,0.849200112,26.25,0,30.59,41.9,0.19,0.05,29.04,74.43,100.4,3.95,233.9,12.55,19.24,1.66,0.01,0.03,24.06,4.86,233.7,9.67,80.18,0,1,446.7744,100,1.96,12.9,100,0.07211274,17,173,6,1,1,17.5123776
6/21/2016 18:00,153.25,2.319651834,0,0,0,0,0,0,28.69,77.13,100.48,3.88,232.7,0,0,0,0,0,24.32,4.88,232.4,9.67,80.18,0,1,520.157,100,3.77,23.94,100,0.060254022,18,173,6,1,1,3.83247653
6/21/2016 19:00,0,2.54162872,0,0,0,0,0,0,28.41,79.07,100.55,4.09,236.3,0,0,0,0,0,24.45,5.1,235.7,9.67,80.18,0,1,1733.9485,99.87,4.48,33.85,100,0.06514245,19,173,6,1,0,0
6/21/2016 20:00,0,2.421666353,0,0,0,0,0,0,28.11,81.21,100.61,4.7,244.3,0,0,0,0,0,24.6,5.79,243.7,9.67,80.18,0,1,2684.8735,99.74,7.1,57.08,100,0.07559186,20,173,6,1,0,0
6/21/2016 21:00,0,0.744058587,0,0,0,0,0,0,27.83,83.42,100.64,5.47,253,0,0,0,0,0,24.79,6.63,252.7,9.67,80.18,0,1,979.82153,97.15,3.09,61.16,99.35,0.070515215,21,173,6,1,0,0
6/21/2016 22:00,0,2.272399499,0,0,0,0,0,0,27.64,85.11,100.63,5.95,260.3,0,0,0,0,0,24.93,7.11,260.2,9.67,80.18,0,1,1218.623,97.89,1.6,81.25,99.86,0.06472051,22,173,6,1,0,0
6/21/2016 23:00,0,1.926816348,0,0,0,0,0,0,27.56,86.07,100.59,6.1,266.1,0,0,0,0,0,25.05,7.25,266.1,9.67,80.18,0,1,1675.5908,97.44,3.73,33.5,98.13,0.13257682,23,173,6,1,0,0
6/22/2016 0:00,0,0.177356725,0,0,0,0,0,0,27.52,86.66,100.55,6.17,270.5,0,0,0,0,0,25.12,7.36,270.5,9.67,80.18,0,1,1301.8804,99.53,8.53,11.47,99.99,0.20181191,0,174,6,2,0,0
6/22/2016 1:00,0,0,0,0,0,0,0,0,27.55,86.27,100.52,6.41,274.5,0,0,0,0,0,25.08,7.76,274.7,9.67,80.18,0,1,1481.7151,99.52,1.85,0.85,99.52,0.19117272,1,174,6,2,0,0
6/22/2016 2:00,0,0.191314033,0,0,0,0,0,0,27.59,83.77,100.53,6.47,277.1,0,0,0,0,0,24.63,7.98,277.8,9.67,80.18,0,1,4552.172,98.95,3.95,9.18,98.95,0.12836671,2,174,6,2,0,0
6/22/2016 3:00,0,0.263569788,0,0,0,0,0,0,27.56,80.68,100.55,6.21,279,0,0,0,0,0,23.97,7.74,279.7,9.67,80.18,0,1,4596.379,100,0.49,12.74,100,0.09278846,3,174,6,2,0,0
6/22/2016 4:00,0,0,0,0,0,0,0,0,27.49,79.36,100.58,5.56,280.7,0,0,0,0,0,23.62,7.03,281.6,9.67,80.18,0,1,2945.5886,100,1.93,8.09,100,0.08473718,4,174,6,2,0,0
6/22/2016 5:00,0,0.226270632,9.5,0,12.5,14.32,0.16,0.06,27.5,77.75,100.62,5.04,281.2,4.28,6.4,0.57,0,0,23.28,6.43,282.1,9.67,80.18,0,1,2070.908,100,6.11,6.28,100,0.11267251,5,174,6,2,0,0
6/22/2016 6:00,425.3,2.873847675,87.6,19.82,70.68,153,0.25,0.05,27.92,74.44,100.68,5.01,280.9,42.9,70.8,5.7,0.04,0.22,22.96,6.08,281.8,9.67,80.18,0,1,2036.7754,100,3.94,1.11,100,0.15409946,6,174,6,2,1,3.831135053
6/22/2016 7:00,1599.333333,2.65130134,209.88,32.35,150.86,363.85,0.33,0.05,28.3,70.72,100.75,5.26,280.7,103.28,170.75,13.84,0.25,1.23,22.49,5.99,281.6,9.67,80.18,0,1,6378.047,100,5.84,0.06,100,0.17590612,7,174,6,2,1,17.51189855
6/22/2016 8:00,2086,1.029148815,321.88,7.32,250.6,570.55,0.36,0.06,28.62,68.11,100.79,5.4,281.3,158.92,268.2,21.61,0.55,2.88,22.18,6.04,281.9,9.67,80.18,0,1,7728.742,100,0.45,0.79,100,0.15331566,8,174,6,2,1,31.26780504
6/22/2016 9:00,3123.333333,0.674914932,426.8,2.45,312.86,740.25,0.39,0.06,28.95,66.06,100.78,5.35,282,209.73,347.38,28.68,0.88,4.5,21.98,5.93,282.5,9.67,80.18,0,1,2183.5283,99.77,1.1,4.71,99.77,0.10429394,9,174,6,2,1,44.93917482
6/22/2016 10:00,5026.75,0.331431118,520.62,7.51,375.66,853.62,0.43,0.06,29.24,64.46,100.74,5.12,282.1,255.05,399.8,34.82,1.18,5.93,21.86,5.65,282.3,9.67,80.18,0,1,1281.8008,100,2.39,19.31,100,0.064935565,10,174,6,2,1,58.22134721
6/22/2016 11:00,6986.5,0.384069857,606.78,45.15,380.97,905.53,0.48,0.06,29.52,63.2,100.67,4.85,280.3,294.75,424.26,40.15,1.42,7.35,21.8,5.36,280.4,9.67,80.18,0,1,1749.7148,100,2.25,29.1,100,0.04680021,11,174,6,2,1,70.12616421
6/22/2016 12:00,7028.25,0.419453607,472.23,1.27,334.59,883.75,0.38,0.06,29.83,62.02,100.58,4.7,277.1,234.57,414,32.78,1.14,5.78,21.79,5.21,277.1,9.67,80.18,0,1,1598.5212,100,1.3,26.99,100,0.05644899,12,174,6,2,1,76.23063972
6/22/2016 13:00,6236.916667,0.335650909,444.35,13.43,328.73,792.05,0.39,0.06,30.14,61.17,100.49,4.57,270.6,219.46,371.5,30.4,0.98,4.8,21.86,5.11,270.7,9.67,80.18,0,1,1495.7119,99.51,5.15,42.11,99.51,0.05548114,13,174,6,2,1,70.12616421
6/22/2016 14:00,3945.083333,0.455777881,318.15,0.23,245.39,636.78,0.33,0.06,30.42,60.46,100.44,4.2,259.2,158.65,298.59,22.11,0.62,3.25,21.92,4.74,259.8,9.67,80.18,0,1,1463.596,98.06,7.01,34.54,98.06,0.043023407,14,174,6,2,1,58.22134721
6/22/2016 15:00,2017.545455,0.281054097,169.77,5.41,139.83,433.7,0.23,0.05,30.48,60.72,100.44,3.68,242.3,86.18,202.31,12.2,0.26,1.3,22.06,4.18,243.7,9.67,80.18,0,1,1443.9692,99.14,8.21,41.02,99.38,0.044587277,15,174,6,2,1,44.93917482
6/22/2016 16:00,1579.5,0.618278947,95.8,1.06,87.98,215.2,0.22,0.05,30.22,63.64,100.47,3.51,221.9,47.95,98.61,6.62,0.08,0.38,22.58,4.1,223.8,9.67,80.18,0,1,1540.5393,99.64,5.58,13.15,99.64,0.046439618,16,174,6,2,1,31.26780504
6/22/2016 17:00,618.4166667,0.667432718,16.2,2.14,18.85,41.62,0.12,0.05,29.72,69.16,100.52,3.85,210.6,8,18.79,1.12,0,0.03,23.48,4.74,211.8,9.67,80.18,0,1,1324.2205,98.7,4.23,36.95,99.14,0.033868,17,174,6,2,1,17.51189855
6/22/2016 18:00,88.75,2.386024124,0,0,0,0,0,0,29.32,74.13,100.57,4.52,212.5,0,0,0,0,0,24.25,5.7,212.7,9.67,80.18,0,1,1193.6838,93.6,4.58,34.23,95.24,0.037165623,18,174,6,2,1,3.831135053
6/22/2016 19:00,0,2.557563277,0,0,0,0,0,0,29.13,76.81,100.64,5.5,221.9,0,0,0,0,0,24.66,6.8,221.3,9.67,80.18,0,1,1786.9436,89.61,5.98,55.21,95.49,0.07816315,19,174,6,2,0,0
6/22/2016 20:00,0,2.409267571,0,0,0,0,0,0,28.9,78.99,100.7,6.43,232.3,0,0,0,0,0,24.91,7.86,231.8,9.67,80.18,0,1,2619.649,97.59,0.94,66.01,98.14,0.13428509,20,174,6,2,0,0
6/22/2016 21:00,0,1.097688394,0,0,0,0,0,0,28.65,79.37,100.74,7.33,241,0,0,0,0,0,24.74,8.87,240.9,9.67,80.18,0,1,2409.5918,99.79,0.01,89.2,100,0.2515245,21,174,6,2,0,0
6/22/2016 22:00,0,2.42437583,0,0,0,0,0,0,28.38,79.81,100.75,7.95,247.8,0,0,0,0,0,24.57,9.53,247.9,9.67,80.18,0,1,2486.424,100,0,98.43,100,0.27425802,22,174,6,2,0,0
6/22/2016 23:00,0,2.125063605,0,0,0,0,0,0,28.07,80.73,100.7,8.31,253.9,0,0,0,0,0,24.45,9.91,254.4,9.67,80.18,0,1,3555.5684,100,0,91.44,100,0.24150854,23,174,6,2,0,0
6/23/2016 0:00,0,0,0,0,0,0,0,0,27.83,80.8,100.64,8.86,260.7,0,0,0,0,0,24.25,10.53,261.5,9.67,80.18,0,1,3441.8113,100,0,95.48,100,0.22964984,0,175,6,3,0,0
6/23/2016 1:00,0,0.098266285,0,0,0,0,0,0,27.65,80.22,100.6,9.1,265.8,0,0,0,0,0,23.96,10.82,266.6,9.67,80.18,0,1,3596.5083,100,0,99.74,100,0.22016841,1,175,6,3,0,0
6/23/2016 2:00,0,0.318132794,0,0,0,0,0,0,27.45,79.38,100.6,8.68,269.3,0,0,0,0,0,23.6,10.36,270.1,9.67,80.18,0,1,3787.3303,100,0,99.51,100,0.14670914,2,175,6,3,0,0
6/23/2016 3:00,0,0.164121806,0,0,0,0,0,0,27.3,78.61,100.6,7.99,271.7,0,0,0,0,0,23.27,9.6,272.4,9.67,80.18,0,1,3653.728,100,0,96.62,100,0.111830294,3,175,6,3,0,0
6/23/2016 4:00,0,0.477153621,0,0,0,0,0,0,27.27,77.36,100.62,7.39,275,0,0,0,0,0,22.98,8.97,275.7,9.67,80.18,0,1,3693.992,100,0,93.24,100,0.13564831,4,175,6,3,0,0
6/23/2016 5:00,0,0.229039439,1.77,0,2.31,13.98,0.03,0.06,27.33,76.11,100.65,6.7,280.6,0.9,6.18,0.14,0,0,22.78,8.26,281,9.67,80.18,0,1,3734.8967,100,0,71.66,100,0.171956,5,175,6,3,0,0
6/23/2016 6:00,138.75,2.71959842,25.9,15.66,21.82,151.9,0.08,0.05,27.65,74.02,100.71,6.33,286.6,13.72,69.63,2.02,0.02,0.08,22.62,7.63,287.1,9.67,80.18,0,1,3973.8462,100,0,41.82,100,0.2548241,6,175,6,3,1,3.828720595
6/23/2016 7:00,830.0833333,2.773191147,87.15,13.51,70.65,365.25,0.14,0.05,28.14,70.73,100.77,6.41,290.3,45.69,170.75,6.74,0.13,0.62,22.34,7.41,290.6,9.67,80.18,0,1,5252.9297,100,0,40.42,100,0.28204882,7,175,6,3,1,17.51103536
6/23/2016 8:00,1823.083333,0.794651537,225.35,0,176.23,575.08,0.25,0.05,28.59,67.74,100.8,6.52,290.5,114.85,270.3,16.48,0.44,2.28,22.06,7.35,290.6,9.67,80.18,0,1,4799.9883,100,0,23.79,100,0.22755879,8,175,6,3,1,31.26857091
6/23/2016 9:00,2537.916667,0.581156005,314.45,0,230.91,746.42,0.29,0.06,28.93,65.66,100.79,6.57,288.4,159.7,350.88,22.92,0.73,3.7,21.87,7.36,288.5,9.67,80.18,0,1,3842.4548,100,0,65.49,100,0.16003495,9,175,6,3,1,44.94189245
6/23/2016 10:00,3354.363636,0.538122105,346.45,0.09,251.02,861.08,0.28,0.06,29.19,64.3,100.75,6.45,286.9,178.12,404.38,25.87,0.89,4.47,21.78,7.19,287.1,9.67,80.18,0,1,3423.0554,100,0,93.11,100,0.17943424,10,175,6,3,1,58.22684933
6/23/2016 11:00,5852.75,0.539008034,396.08,0.1,283.61,909.7,0.31,0.06,29.4,63.45,100.68,6.04,287.9,201.05,427.1,28.97,1.04,5.4,21.75,6.75,288.3,9.67,80.18,0,1,3184.156,100,0,72.92,100,0.17165112,11,175,6,3,1,70.13649044
6/23/2016 12:00,4700.083333,0.190918623,382.4,0.08,271.18,888.38,0.31,0.06,29.68,62.68,100.59,5.68,290.8,194.3,417.45,28.04,1,5.03,21.82,6.38,291.1,9.67,80.18,0,1,3075.2485,100,0,92.15,100,0.19860244,12,175,6,3,1,76.24627067
6/23/2016 13:00,3953.666667,0.103736999,339.12,0,253.22,796.7,0.3,0.06,29.96,62.52,100.5,5.62,292.2,173.18,374.93,24.92,0.82,4.05,22.05,6.33,292.3,9.67,80.18,0,1,3126.1003,100,0,93.76,100,0.21023446,13,175,6,3,1,70.13649044
6/23/2016 14:00,5551.272727,0.090043589,255.25,2.38,196.5,643.72,0.26,0.06,30.25,62.56,100.44,5.54,292.2,130.12,303.3,18.73,0.54,2.83,22.33,6.3,292.1,9.67,80.18,0,1,1285.9199,100,1.56,98.04,100,0.14781827,14,175,6,3,1,58.22684933
6/23/2016 15:00,1970.5,0.494264144,160.1,2.36,132.19,445.5,0.22,0.05,30.31,63.36,100.43,5.49,292.5,81.95,209.72,11.8,0.26,1.27,22.59,6.32,292,9.67,80.18,0,1,956.2649,100,5.18,76.49,100,0.12554169,15,175,6,3,1,44.94189245
6/23/2016 16:00,1514.166667,0.429000759,99.85,0,91.77,228.25,0.22,0.05,30.18,65.03,100.46,5.39,292.6,50.12,106.37,6.97,0.09,0.4,22.91,6.4,291.8,9.67,80.18,0,1,640.62427,100,7.99,46.1,100,0.087616146,16,175,6,3,1,31.26857091
6/23/2016 17:00,561.5833333,0.559233336,22.52,0,26.25,44.58,0.16,0.05,29.77,68.2,100.51,5.09,291.1,10.9,20.3,1.48,0.01,0.03,23.29,6.5,290.1,9.67,80.18,0,1,633.4131,99.87,8.85,38.44,99.87,0.07257819,17,175,6,3,1,17.51103536
6/23/2016 18:00,132.75,2.459059728,0,0,0,0,0,0,29.48,69.63,100.59,5.09,287.8,0,0,0,0,0,23.36,6.62,287,9.67,80.18,0,1,629.81104,100,4.77,98.28,100,0.030859813,18,175,6,3,1,3.828720595
6/23/2016 19:00,0,3.045868681,0,0,0,0,0,0,29.39,69.89,100.66,5.33,283.9,0,0,0,0,0,23.33,6.88,283.6,9.67,80.18,0,1,2926.7961,97.77,0.45,98.19,99.79,0.039083045,19,175,6,3,0,0
6/23/2016 20:00,0,2.514127306,0,0,0,0,0,0,29.27,70.23,100.74,6.02,282.6,0,0,0,0,0,23.31,7.77,282.3,9.67,80.18,0,1,3519.8174,98.48,0,100,100,0.03961011,20,175,6,3,0,0
6/23/2016 21:00,0,1.040533049,0,0,0,0,0,0,29.05,70.92,100.77,7.15,284.1,0,0,0,0,0,23.25,9.19,283.9,9.67,80.18,0,1,3509.4175,99.09,0.21,99.31,100,0.038455356,21,175,6,3,0,0
6/23/2016 22:00,0,2.27926297,0,0,0,0,0,0,28.78,71.15,100.77,8.32,287.4,0,0,0,0,0,23.07,10.56,287.4,9.67,80.18,0,1,3665.503,99.04,0,95.27,99.99,0.03928153,22,175,6,3,0,0
6/23/2016 23:00,0,2.023284612,0,0,0,0,0,0,28.52,70.25,100.73,9.26,291.7,0,0,0,0,0,22.6,11.57,291.8,9.67,80.18,0,1,3665.2917,99,0,94.89,100,0.036825314,23,175,6,3,0,0
6/24/2016 0:00,0,0.275867244,0,0,0,0,0,0,28.21,69.37,100.66,9.54,294.7,0,0,0,0,0,22.08,11.77,294.8,9.67,80.18,0,1,3020.9597,100,0,97.81,100,0.05769023,0,176,6,4,0,0
6/24/2016 1:00,0,0.102023034,0,0,0,0,0,0,27.9,69.28,100.6,9.22,295.3,0,0,0,0,0,21.77,11.34,295.2,9.67,80.18,0,1,2871.1565,99.36,0.46,99.15,100,0.09583467,1,176,6,4,0,0
6/24/2016 2:00,0,0.182187645,0,0,0,0,0,0,27.57,70.29,100.55,8.34,295.1,0,0,0,0,0,21.68,10.33,295,9.67,80.18,0,1,2274.6978,100,0.9,100,100,0.09830421,2,176,6,4,0,0
6/24/2016 3:00,0,0.18999406,0,0,0,0,0,0,27.29,71.85,100.55,7.24,294.8,0,0,0,0,0,21.77,9.11,294.6,9.67,80.18,0,1,847.563,100,0.68,99.08,100,0.10437238,3,176,6,4,0,0
6/24/2016 4:00,0,0.047711997,0,0,0,0,0,0,27.09,73.2,100.57,6.25,292.6,0,0,0,0,0,21.9,7.96,292.5,9.67,80.18,0,1,1000.50244,100,0.45,97.18,100,0.10908854,4,176,6,4,0,0
6/24/2016 5:00,0,0.315106088,9.32,0,12.23,13.23,0.16,0.06,27.02,73.98,100.63,5.43,289.6,4.15,5.75,0.55,0,0,22.02,6.95,289.8,9.67,80.18,0,1,1004.1919,100,0.04,95.37,100,0.08594167,5,176,6,4,0,0
6/24/2016 6:00,197,2.667469042,81.55,10.03,71.17,141.73,0.24,0.05,27.42,72.53,100.69,5.05,287.1,39.82,63.81,5.2,0.04,0.2,22.07,6.16,287.6,9.67,80.18,0,1,1066.6172,100,0.27,92.93,100,0.10872233,6,176,6,4,1,3.825233502
6/24/2016 7:00,1046.5,2.710936482,181.02,16.21,134.91,348.73,0.29,0.05,27.84,70.3,100.74,5.06,284.8,89.24,160.5,12.03,0.21,1.05,21.97,5.77,285.4,9.67,80.18,0,1,3749.2427,100,0,86.74,100,0.20117188,7,176,6,4,1,17.50978651
6/24/2016 8:00,2964.583333,0.873516579,300.35,1.14,234.73,556.7,0.34,0.05,28.22,69.2,100.78,5.26,281.1,148.31,258.5,20.09,0.51,2.65,22.06,5.91,282,9.67,80.18,0,1,3763.009,100,0,57.39,100,0.1230768,8,176,6,4,1,31.26967231
6/24/2016 9:00,4967.7,0.490141734,324.38,5.5,237,729.35,0.3,0.06,28.64,68.12,100.75,5.69,277.6,164.3,339.3,22.99,0.71,3.62,22.2,6.38,278.6,9.67,80.18,0,1,3794.8774,100,0,94.57,100,0.12422961,9,176,6,4,1,44.94580956
6/24/2016 10:00,4719.833333,0.444928105,327.8,46.56,197.06,846.42,0.27,0.06,29.01,66.76,100.69,6.08,276.9,166.55,393.77,23.68,0.81,4.05,22.22,6.81,277.8,9.67,80.18,0,1,4203.8984,100,0,76.89,100,0.12675697,10,176,6,4,1,58.23478401
6/24/2016 11:00,4462.454545,0.374363088,316.48,0.8,226.48,898.1,0.25,0.06,29.2,65.67,100.62,5.9,278.4,162.56,417.82,23.43,0.83,4.28,22.11,6.6,279.2,9.67,80.18,0,1,3864.338,100,0,96.56,100,0.10196829,11,176,6,4,1,70.15139032
6/24/2016 12:00,3869.75,0.477929715,335.73,0.87,237.88,883.33,0.27,0.06,29.16,65.11,100.55,5.23,279.9,173.67,412.32,25.01,0.88,4.4,21.96,5.83,280.8,9.67,80.18,0,1,3785.036,100,0,71.87,100,0.07732242,12,176,6,4,1,76.26884258
6/24/2016 13:00,5270.75,0.393237979,360.83,0.08,269.42,784.47,0.32,0.06,28.97,64.99,100.48,4.21,277.4,180.95,365.88,25.4,0.82,4.05,21.75,4.7,278.6,9.67,80.18,0,1,2976.6821,100,0,48.21,100,0.08149946,13,176,6,4,1,70.15139032
6/24/2016 14:00,3450.833333,0.364964829,278.98,5.76,214.22,635.2,0.29,0.06,28.75,65.15,100.43,3.36,264.5,140.35,297,19.73,0.55,2.92,21.57,3.74,266.8,9.67,80.18,0,1,3005.289,100,0,12.28,100,0.06799507,14,176,6,4,1,58.23478401
6/24/2016 15:00,3562.833333,0.557111213,150.35,2.53,124.13,436.95,0.21,0.05,28.6,66.11,100.41,3.21,240.7,76.97,204.1,10.99,0.23,1.17,21.67,3.56,243.7,9.67,80.18,0,1,3182.8733,100,0,11.28,100,0.05554128,15,176,6,4,1,44.94580956
6/24/2016 16:00,1994,0.805743047,75.75,0,69.62,220.75,0.17,0.05,28.57,67.69,100.42,3.54,218,38.62,102.13,5.47,0.06,0.32,22.03,3.96,221,9.67,80.18,0,1,2940.4949,100,0,9.12,100,0.04603704,16,176,6,4,1,31.26967231
6/24/2016 17:00,846.4166667,0.958643321,14.98,0,17.45,42.72,0.11,0.05,28.42,70.73,100.47,3.81,201.6,7.45,19.57,1.05,0,0.03,22.61,4.57,204.2,9.67,80.18,0,1,2931.6914,100,0,5.44,100,0.046227824,17,176,6,4,1,17.50978651
6/24/2016 18:00,173.4,2.40548155,0,0,0,0,0,0,28.29,72.99,100.53,4.35,195.2,0,0,0,0,0,23.01,5.39,196.9,9.67,80.18,0,1,3100.105,100,0,14.04,100,0.052256353,18,176,6,4,1,3.825233502
6/24/2016 19:00,0,2.498923542,0,0,0,0,0,0,28.37,74.19,100.57,4.91,198.4,0,0,0,0,0,23.35,6.17,199.2,9.67,80.18,0,1,3334.156,100,0,29.89,100,0.08124763,19,176,6,4,0,0
6/24/2016 20:00,0,2.361889911,0,0,0,0,0,0,28.49,75.81,100.6,5.01,206.8,0,0,0,0,0,23.81,6.31,206.7,9.67,80.18,0,1,2456.6636,100,0,25.82,100,0.12639225,20,176,6,4,0,0
6/24/2016 21:00,0,0.876123949,0,0,0,0,0,0,28.53,78.28,100.6,4.71,221.3,0,0,0,0,0,24.38,5.96,220.1,9.67,80.18,0,1,3445.6724,100,1.02,12.86,100,0.13952309,21,176,6,4,0,0
6/24/2016 22:00,0,2.179882621,0,0,0,0,0,0,28.53,80.5,100.6,4.61,241.8,0,0,0,0,0,24.86,5.84,239.6,9.67,80.18,0,1,3350.8855,100,0.46,6.97,100,0.15628117,22,176,6,4,0,0
6/24/2016 23:00,0,2.010622875,0,0,0,0,0,0,28.54,81.6,100.56,4.98,258.5,0,0,0,0,0,25.1,6.3,256.2,9.67,80.18,0,1,3254.0605,99.22,0,19.19,99.22,0.11293471,23,176,6,4,0,0
6/25/2016 0:00,0,0.182272112,0,0,0,0,0,0,28.63,79.56,100.51,5.91,275.6,0,0,0,0,0,24.75,7.6,274.8,9.67,80.18,0,1,3062.625,100,0,46.37,100,0.0455426,0,177,6,5,0,0
6/25/2016 1:00,0,0.263872,0,0,0,0,0,0,28.62,75.64,100.48,7.34,291.1,0,0,0,0,0,23.9,9.39,290.5,9.67,80.18,0,1,3145.9983,100,0,58.05,100,0.024888799,1,177,6,5,0,0
6/25/2016 2:00,0,0.160338961,0,0,0,0,0,0,28.43,73,100.46,7.68,296.8,0,0,0,0,0,23.14,9.81,296.7,9.67,80.18,0,1,3406.525,99.99,0,76.09,99.99,0.017832588,2,177,6,5,0,0
6/25/2016 3:00,0,0.256421534,0,0,0,0,0,0,28.13,71.97,100.47,7.09,297.9,0,0,0,0,0,22.62,9.1,298.1,9.67,80.18,0,1,3534.2278,100,0,86.42,100,0.00844517,3,177,6,5,0,0
6/25/2016 4:00,0,0.183621837,0,0,0,0,0,0,27.91,71.57,100.49,6.37,295.2,0,0,0,0,0,22.31,8.25,295.6,9.67,80.18,0,1,3736.075,100,0.06,97.92,100,0.008736897,4,177,6,5,0,0
6/25/2016 5:00,0,0,12.5,0,16.5,13.82,0.22,0.07,27.85,70.96,100.54,5.75,290.6,5.47,6.15,0.69,0,0,22.13,7.42,290.9,9.67,80.18,0,1,3769.3284,99.99,0,98.9,100,0.013231386,5,177,6,5,0,0
6/25/2016 6:00,441.4,2.67184378,127.97,30.16,98.47,154.07,0.38,0.06,28.43,68.38,100.62,5.42,285.2,60.43,70.85,7.35,0.06,0.28,22.08,6.59,285.7,9.67,80.18,0,1,3715.2075,100,0,93.1,100,0.02766743,6,177,6,5,1,3.82067427
6/25/2016 7:00,2475.666667,2.987744118,313.23,164.31,189.51,369.48,0.5,0.06,28.97,65.02,100.71,5.37,279.5,148.8,172.87,18.31,0.32,1.55,21.75,6.07,280.1,9.67,80.18,0,1,4796.301,99.39,0,85.11,100,0.039430346,7,177,6,5,1,17.50814979
6/25/2016 8:00,5434.181818,0.76313761,484.38,257.15,256.87,578.83,0.55,0.05,29.4,63.07,100.76,5.27,276.3,230.9,271.68,29.5,0.74,3.88,21.66,5.88,276.8,9.67,80.18,0,1,5583.8438,100,0,71.13,100,0.03877342,8,177,6,5,1,31.27110394
6/25/2016 9:00,8467.916667,0.927871461,580.55,129.9,398.15,749.97,0.53,0.06,29.84,61.54,100.77,5.25,274.4,277.77,351.53,36.76,1.15,5.9,21.68,5.85,275,9.67,80.18,0,1,5840.035,100,0,12.1,100,0.031345315,9,177,6,5,1,44.95091707
6/25/2016 10:00,7743.666667,0.862753342,619.65,67.99,434.61,864.2,0.51,0.06,30.24,60.3,100.73,5.38,273.9,296.3,404.41,40.06,1.39,7,21.71,6.03,274.5,9.67,80.18,0,1,4546.7188,100,0,19.96,100,0.04022395,10,177,6,5,1,58.24513732
6/25/2016 11:00,8193.166667,0.72652588,703.42,164.98,474.05,932.65,0.55,0.06,30.57,59.31,100.65,5.38,273.3,338.5,437.68,46.6,1.7,8.88,21.74,6.05,273.9,9.67,80.18,0,1,2073.8687,100,3.83,32.89,100,0.04621661,11,177,6,5,1,70.17084658
6/25/2016 12:00,7062.5,0.351711686,712.88,146.53,427,910.72,0.57,0.06,30.81,58.27,100.56,4.89,271.1,342.1,427.82,46.81,1.67,8.55,21.68,5.55,272,9.67,80.18,0,1,1739.1477,96.39,6.9,72.16,98.2,0.060707614,12,177,6,5,1,76.29834875
6/25/2016 13:00,7447.181818,0.691836708,622.42,134.53,433.87,820,0.54,0.06,31.05,56.9,100.48,3.9,263.2,298.88,386.18,40.68,1.35,6.6,21.51,4.49,265,9.67,80.18,0,1,1686.197,99.59,2.01,37.86,99.59,0.0553327,13,177,6,5,1,70.17084658
6/25/2016 14:00,7307.25,0.503897075,424.95,41.58,296.09,667.97,0.44,0.06,31.19,56.04,100.43,2.94,247,207.93,315.67,28.62,0.81,4.32,21.4,3.41,250.4,9.67,80.18,0,1,2199.603,100,5.27,49.86,100,0.06313568,14,177,6,5,1,58.24513732
6/25/2016 15:00,2945.818182,0.449883444,234.2,15.23,177.75,468.1,0.32,0.05,31.18,57.52,100.4,2.61,222.4,116.63,221.8,16.36,0.35,1.77,21.81,3.04,226.1,9.67,80.18,0,1,2887.0486,100,0.24,25.33,100,0.060615525,15,177,6,5,1,44.95091707
6/25/2016 16:00,2135.916667,0.60914358,123.95,14.32,100.56,244.25,0.28,0.05,30.97,60.41,100.43,2.86,203.1,61.4,115.11,8.44,0.1,0.5,22.43,3.43,206.1,9.67,80.18,0,1,3086.2263,99.78,0,24.83,99.78,0.06270772,16,177,6,5,1,31.27110394
6/25/2016 17:00,596,0.994539241,25.73,0,29.97,48.08,0.18,0.05,30.43,65.1,100.48,2.97,200.1,12.4,22.05,1.69,0.01,0.03,23.15,3.89,203.1,9.67,80.18,0,1,3070.5198,99.35,0,29.54,100,0.0728516,17,177,6,5,1,17.50814979
6/25/2016 18:00,176.25,2.567667963,0,0,0,0,0,0,29.93,69.59,100.56,3.04,204.7,0,0,0,0,0,23.78,4.23,206.3,9.67,80.18,0,1,3423.097,99.84,0,47.85,99.84,0.082405925,18,177,6,5,1,3.82067427
6/25/2016 19:00,0,3.004396798,0,0,0,0,0,0,29.71,73.48,100.63,2.83,209.2,0,0,0,0,0,24.47,3.92,210,9.67,80.18,0,1,4462.1445,100,0,50.84,100,0.090129554,19,177,6,5,0,0
6/25/2016 20:00,0,2.795699012,0,0,0,0,0,0,29.5,75.65,100.7,2.22,223.2,0,0,0,0,0,24.75,3.11,223.2,9.67,80.18,0,1,3581.8337,100,0.21,48.29,100,0.11313951,20,177,6,5,0,0
6/25/2016 21:00,0,1.104525438,0,0,0,0,0,0,29.27,77.1,100.72,2.03,257.7,0,0,0,0,0,24.85,2.78,252.9,9.67,80.18,0,1,2933.4841,99.99,0.21,55.28,99.99,0.101806104,21,177,6,5,0,0
6/25/2016 22:00,0,2.446371834,0,0,0,0,0,0,28.98,79.66,100.71,2.73,290.4,0,0,0,0,0,25.12,3.45,285.1,9.67,80.18,0,1,2921.302,100,1.1,63.28,100,0.08484316,22,177,6,5,0,0
6/25/2016 23:00,0,2.300386482,0,0,0,0,0,0,28.75,81.88,100.65,3.46,304.9,0,0,0,0,0,25.37,4.23,301.5,9.67,80.18,0,1,3402.0425,100,0.22,58.82,100,0.06287998,23,177,6,5,0,0
6/26/2016 0:00,0,0.336298088,0,0,0,0,0,0,28.57,83.13,100.58,3.86,311.5,0,0,0,0,0,25.45,4.72,309.5,9.67,80.18,0,1,3973.8203,100,0,76.65,100,0.06106591,0,178,6,6,0,0
6/26/2016 1:00,0,0,0,0,0,0,0,0,28.46,83.01,100.53,4.03,313.4,0,0,0,0,0,25.31,4.96,312.3,9.67,80.18,0,1,5034.582,99.87,0,78.53,99.87,0.04314897,1,178,6,6,0,0
6/26/2016 2:00,0,0,0,0,0,0,0,0,28.39,82.27,100.52,3.71,308.5,0,0,0,0,0,25.09,4.56,308.1,9.67,80.18,0,1,5310.4766,98.7,0,43.6,99.02,0.016245574,2,178,6,6,0,0
6/26/2016 3:00,0,0.333670185,0,0,0,0,0,0,28.42,80.65,100.54,3.33,294.3,0,0,0,0,0,24.77,4.04,294.3,9.67,80.18,0,1,3525.016,96.34,0.43,53.83,97.88,0.012392744,3,178,6,6,0,0
6/26/2016 4:00,0,0,0,0,0,0,0,0,28.36,79.7,100.6,3.38,273.7,0,0,0,0,0,24.53,4.09,274.1,9.67,80.18,0,1,1254.707,92.75,0.44,54.81,96.73,0.006641839,4,178,6,6,0,0
6/26/2016 5:00,0,0.168227968,12.4,1.28,17.07,13.23,0.22,0.08,28.28,79.22,100.66,3.67,258.5,5.45,5.9,0.69,0,0,24.35,4.51,258.9,9.67,80.18,0,1,830.1804,73.26,5.93,33.22,86.75,0.002074041,5,178,6,6,0,0
6/26/2016 6:00,512.1,2.632568588,128.27,42.27,91.5,147.73,0.38,0.06,28.73,77.03,100.73,4.02,251.6,60.38,67.9,7.27,0.06,0.28,24.31,4.75,252.1,9.67,80.18,0,1,1480.1755,71.74,1.17,7.99,75.64,0.003942877,6,178,6,6,1,3.815043555
6/26/2016 7:00,2450.916667,2.687273146,299.92,185.55,192.55,356.92,0.48,0.06,29.12,73.66,100.78,4.33,249.9,141.99,166.38,17.36,0.3,1.45,23.95,4.77,251,9.67,80.18,0,1,1691.9094,99.78,15.5,15.4,100,0.0155872,7,178,6,6,1,17.50612231
6/26/2016 8:00,4423.5,1.078023214,499.55,338.62,200.72,562.33,0.56,0.06,29.45,70.64,100.81,4.46,249.9,235.7,262.62,29.29,0.72,3.72,23.58,4.87,250.8,9.67,80.18,0,1,950.1697,100,12.59,33.43,100,0.025913939,8,178,6,6,1,31.27285889
6/26/2016 9:00,6912.083333,0.934444351,706.45,678.49,229.93,731.08,0.65,0.05,29.72,68.63,100.8,4.63,248.1,330.63,340.85,41.85,1.25,6.5,23.35,5.06,248.9,9.67,80.18,0,1,1252.7981,100,5.46,19.35,100,0.028916758,9,178,6,6,1,44.95720307
6/26/2016 10:00,8718.6,0.450432678,764.88,461.99,279.22,844.05,0.63,0.05,29.96,67.24,100.74,4.83,247.6,358.72,392.58,46.63,1.58,8.27,23.24,5.28,248.4,9.67,80.18,0,1,1803.7979,99.99,1.2,28.88,99.99,0.043012466,10,178,6,6,1,58.25789098
6/26/2016 11:00,6996.333333,0,848.33,517.8,296.21,931.35,0.67,0.05,30.17,66.12,100.66,4.69,246.4,401.82,435.72,53.91,1.95,10.45,23.15,5.13,247.2,9.67,80.18,0,1,2130.5085,99.71,0.13,65.59,99.71,0.043004677,11,178,6,6,1,70.1948366
6/26/2016 12:00,9310.916667,0.297471332,794.25,623.69,306.05,907.72,0.64,0.05,30.37,64.99,100.59,4.4,240.9,375.4,424.77,50.48,1.81,9.35,23.06,4.81,242,9.67,80.18,0,1,2125.1836,96.85,0.26,59.04,98.7,0.031129062,12,178,6,6,1,76.33478045
6/26/2016 13:00,10639.5,0.500380407,731.88,413.25,324.42,813.9,0.64,0.05,30.47,64.38,100.5,4.29,231.2,347.3,381.61,45.82,1.49,7.57,23,4.69,232.4,9.67,80.18,0,1,2035.0459,98.01,0.26,33.26,98.01,0.038118538,13,178,6,6,1,70.1948366
6/26/2016 14:00,9226.583333,0.188207577,603.67,404.8,251.51,657.4,0.62,0.05,30.45,64.49,100.44,4.4,217.3,286.13,308.85,36.52,1,5.22,23.01,4.81,219,9.67,80.18,0,1,1913.2656,99.55,0,12.73,99.55,0.036696635,14,178,6,6,1,58.25789098
6/26/2016 15:00,7136.833333,0.588086098,399.77,329.38,199.23,453.3,0.55,0.06,30.33,65.29,100.43,4.87,203.1,189.48,212.93,23.35,0.47,2.35,23.1,5.32,204.5,9.67,80.18,0,1,1887.8225,99.54,2.97,7.42,99.54,0.035727378,15,178,6,6,1,44.95720307
6/26/2016 16:00,3739.833333,0.738771217,193.73,82.87,149.2,229.2,0.43,0.06,30.05,67.52,100.46,5.67,191.9,91.65,106.58,11.08,0.12,0.62,23.38,6.34,193.1,9.67,80.18,0,1,1850.4592,98.17,1.09,6.22,98.58,0.025024291,16,178,6,6,1,31.27285889
6/26/2016 17:00,1269.916667,1.163753058,41.65,3.79,43.92,44.03,0.29,0.07,29.51,72.06,100.51,6.2,185.9,19.33,20.13,2.37,0.01,0.03,23.95,7.35,187.3,9.67,80.18,0,1,1568.6528,98.66,2.54,4.62,98.66,0.016913563,17,178,6,6,1,17.50612231
6/26/2016 18:00,310,2.659311505,0,0,0,0,0,0,28.98,76.75,100.57,6.63,185.6,0,0,0,0,0,24.5,8.06,186.7,9.67,80.18,0,1,1794.5647,100,0.96,0.52,100,0.011693873,18,178,6,6,1,3.815043555
6/26/2016 19:00,0,2.807145608,0,0,0,0,0,0,28.69,80.42,100.62,7.04,187.2,0,0,0,0,0,25,8.44,187.8,9.67,80.18,0,1,3239.0452,90.95,0.21,1.13,90.95,0.004570361,19,178,6,6,0,0
6/26/2016 20:00,0,2.974408584,0,0,0,0,0,0,28.5,83.54,100.67,7.15,189.8,0,0,0,0,0,25.45,8.5,190.4,9.67,80.18,0,1,3500.8752,100,0.71,2.08,100,0.002512265,20,178,6,6,0,0
6/26/2016 21:00,0,1.076653649,0,0,0,0,0,0,28.4,85.46,100.69,6.99,196.5,0,0,0,0,0,25.73,8.29,197.1,9.67,80.18,0,1,3822.676,100,0.23,7.18,100,0.005043976,21,178,6,6,0,0
6/26/2016 22:00,0,2.366289967,0,0,0,0,0,0,28.36,86.42,100.66,6.77,206.2,0,0,0,0,0,25.89,8.05,206.5,9.67,80.18,0,1,2794.5073,99.37,0.71,4.96,99.37,0.007248607,22,178,6,6,0,0
6/26/2016 23:00,0,1.934011277,0,0,0,0,0,0,28.35,86.79,100.6,6.74,218.1,0,0,0,0,0,25.96,8.04,218.1,9.67,80.18,0,1,2361.4575,98.27,1.17,3.16,98.27,0.01044564,23,178,6,6,0,0
6/27/2016 0:00,0,0.080028176,0,0,0,0,0,0,28.42,85.92,100.52,6.73,233.8,0,0,0,0,0,25.86,8.09,234,9.67,80.18,0,1,2505.7727,98.25,0.91,2.38,98.25,0.01183857,0,179,6,0,0,0
6/27/2016 1:00,0,0.01655961,0,0,0,0,0,0,28.5,84.33,100.45,7,248.3,0,0,0,0,0,25.62,8.53,248.5,9.67,80.18,0,1,2009.3914,91.95,2.86,1.65,91.95,0.005380839,1,179,6,0,0,0
6/27/2016 2:00,0,0.118889004,0,0,0,0,0,0,28.54,82.3,100.43,7.14,258,0,0,0,0,0,25.24,8.78,258.3,9.67,80.18,0,1,2257.817,92.54,0.45,2.01,92.77,0.006909095,2,179,6,0,0,0
6/27/2016 3:00,0,0.389808094,0,0,0,0,0,0,28.45,80.71,100.45,7.2,262.6,0,0,0,0,0,24.83,8.91,262.8,9.67,80.18,0,1,3691.6501,97,3.29,0.78,97,0.009548217,3,179,6,0,0,0
6/27/2016 4:00,0,0,0,0,0,0,0,0,28.27,80.37,100.5,6.94,261.7,0,0,0,0,0,24.58,8.64,261.9,9.67,80.18,0,1,3087.3066,98.33,7.1,0,98.33,0.010881279,4,179,6,0,0,0
6/27/2016 5:00,0,0,12.52,0,19.19,12.68,0.23,0.08,28.14,80.54,100.57,6.6,258.2,5.45,5.57,0.68,0,0,24.5,8.18,258.6,9.67,80.18,0,1,3067.1975,99.13,6.57,0.02,99.13,0.014191747,5,179,6,0,0,0
6/27/2016 6:00,547.8888889,2.91135896,111.78,20.28,95.05,143.57,0.33,0.05,28.5,78.94,100.65,6.58,252.9,53.17,65.67,6.61,0.05,0.25,24.52,7.62,253.7,9.67,80.18,0,1,3162.2163,95.41,2.44,0.45,95.41,0.011433195,6,179,6,0,1,3.808342167
6/27/2016 7:00,1733.666667,2.801778424,259.95,81.59,183.33,355.8,0.41,0.05,28.93,76.49,100.72,6.92,250,124.72,166.03,15.9,0.27,1.33,24.4,7.77,251.2,9.67,80.18,0,1,3162.4722,65.97,3.65,1.33,66.75,0.003009001,7,179,6,0,1,17.50370052
6/27/2016 8:00,4201.333333,0.706049109,432.52,90.93,269.19,567.9,0.49,0.06,29.29,74.38,100.73,7.25,249.4,207.48,266.6,26.7,0.67,3.5,24.27,8.12,250.5,9.67,80.18,0,1,3253.5735,50.17,11.05,0.61,57.15,0.004559282,8,179,6,0,1,31.27492865
6/27/2016 9:00,6793.916667,0.82292829,599.05,184.68,328.78,741.33,0.55,0.06,29.62,72.7,100.71,7.55,248.6,285.92,348.08,37.27,1.14,5.88,24.21,8.45,249.4,9.67,80.18,0,1,6613.25,96.95,1.12,2.54,96.95,0.013720468,9,179,6,0,1,44.96465291
6/27/2016 10:00,8337.416667,0.368042322,707.12,285,451.96,857.85,0.58,0.06,29.94,71.15,100.65,7.66,246.9,336.2,402.62,44.39,1.52,7.65,24.15,8.58,247.7,9.67,80.18,0,1,6151.8594,92.74,0.01,2.43,93.13,0.008066494,10,179,6,0,1,58.27302246
6/27/2016 11:00,9441.25,0.722197987,816.75,459.97,329.27,897.7,0.64,0.05,30.24,69.73,100.57,7.53,243.4,386.78,421.03,51.13,1.8,9.52,24.12,8.44,244.4,9.67,80.18,0,1,2149.938,96,0,5.07,96.47,0.009376496,11,179,6,0,1,70.22333239
6/27/2016 12:00,11295,0.471912466,797.12,382.09,331.25,874.88,0.64,0.05,30.47,68.64,100.48,7.33,237.2,377.23,410.3,49.27,1.71,8.88,24.06,8.23,238.6,9.67,80.18,0,1,2200.3943,98.24,0.66,10.2,98.87,0.018349543,12,179,6,0,1,76.37812688
6/27/2016 13:00,10328.58333,0.262263718,694.62,340.11,314.22,783.22,0.61,0.05,30.61,68.21,100.38,7.18,228.2,329,367.97,42.49,1.36,6.78,24.09,8.09,229.8,9.67,80.18,0,1,1836.3267,99.39,2.41,15.93,99.61,0.0252699,13,179,6,0,1,70.22333239
6/27/2016 14:00,8813.5,0.770589834,570.22,277.08,316.08,631.28,0.59,0.05,30.62,68.74,100.32,7.12,217.1,270.87,297.17,34.14,0.91,4.82,24.23,8.02,218.8,9.67,80.18,0,1,1405.9451,98.83,1.72,10.63,98.83,0.023830779,14,179,6,0,1,58.27302246
6/27/2016 15:00,7779.583333,0.364506523,392.65,216.17,242,434.27,0.54,0.06,30.33,70.94,100.31,7.45,207.6,186.42,204.55,22.83,0.45,2.25,24.47,8.39,209,9.67,80.18,0,1,1391.3076,97.27,4.03,9.16,97.27,0.01904403,15,179,6,0,1,44.96465291
6/27/2016 16:00,4092.333333,0.737469135,196.27,112.21,152.17,219.93,0.44,0.06,29.84,74.48,100.34,8.15,204.2,92.88,102.88,10.98,0.12,0.57,24.82,9.3,205.2,9.67,80.18,0,1,3248.22,97.29,0.43,10.09,97.43,0.02325052,16,179,6,0,1,31.27492865
6/27/2016 17:00,1003,0.923688106,40.47,6.58,43.01,43.38,0.28,0.07,29.28,78.94,100.4,8.62,204.5,18.8,19.93,2.31,0.01,0.03,25.25,10.06,205.3,9.67,80.18,0,1,2931.5022,98.09,2.84,12.9,98.1,0.02868886,17,179,6,0,1,17.50370052
6/27/2016 18:00,206.5,2.592647638,0,0,0,0,0,0,28.99,82.18,100.48,8.67,205.8,0,0,0,0,0,25.65,10.2,206.6,9.67,80.18,0,1,815.6963,99.08,6.26,16.83,99.56,0.023555513,18,179,6,0,1,3.808342167
6/27/2016 19:00,0,2.911967235,0,0,0,0,0,0,28.96,83.6,100.54,8.4,209.5,0,0,0,0,0,25.92,9.91,210.6,9.67,80.18,0,1,1365.3411,100,5.5,8.39,100,0.014988899,19,179,6,0,0,0
6/27/2016 20:00,0,2.519600596,0,0,0,0,0,0,29.1,83.74,100.58,7.89,217.5,0,0,0,0,0,26.08,9.47,218.2,9.67,80.18,0,1,2193.1963,100,0.6,12.07,100,0.007711332,20,179,6,0,0,0
6/27/2016 21:00,0,0.811696181,0,0,0,0,0,0,29.18,83.87,100.6,7.62,226.4,0,0,0,0,0,26.19,9.3,227,9.67,80.18,0,1,1234.0754,98.88,2.66,11.72,98.88,0.014105525,21,179,6,0,0,0
6/27/2016 22:00,0,2.333620996,0,0,0,0,0,0,29.2,83.91,100.57,7.94,235.2,0,0,0,0,0,26.22,9.66,235.5,9.67,80.18,0,1,625.2217,99.77,2.45,8.64,99.99,0.010365084,22,179,6,0,0,0
6/27/2016 23:00,0,1.940078416,0,0,0,0,0,0,29.11,84.49,100.5,8.74,242.6,0,0,0,0,0,26.24,10.52,242.8,9.67,80.18,0,1,587.90674,98.92,4.78,19.06,98.92,0.011541583,23,179,6,0,0,0
6/28/2016 0:00,0,0.433174417,0,0,0,0,0,0,28.99,84.7,100.43,9.13,248.1,0,0,0,0,0,26.17,10.97,248.3,9.67,80.18,0,1,593.1394,98.55,8.97,64.36,98.69,0.021617208,0,180,6,1,0,0
6/28/2016 1:00,0,0.163376954,0,0,0,0,0,0,28.81,83.65,100.4,9.35,252.1,0,0,0,0,0,25.78,11.23,252.4,9.67,80.18,0,1,565.72437,99.22,8.35,76.88,100,0.028489813,1,180,6,1,0,0
6/28/2016 2:00,0,0.091235027,0,0,0,0,0,0,28.58,82.88,100.39,9.07,251.5,0,0,0,0,0,25.4,10.86,251.8,9.67,80.18,0,1,567.3384,99.78,20.12,42.01,99.78,0.028278582,2,180,6,1,0,0
6/28/2016 3:00,0,0.170297794,0,0,0,0,0,0,28.38,82.05,100.43,8.67,248.5,0,0,0,0,0,25.04,10.42,248.9,9.67,80.18,0,1,557.0232,100,20.16,69.75,100,0.05978044,3,180,6,1,0,0
6/28/2016 4:00,0,0,0,0,0,0,0,0,28.24,81.16,100.48,8.41,245.8,0,0,0,0,0,24.72,10.14,246.1,9.67,80.18,0,1,532.86597,100,25.93,84.69,100,0.052510094,4,180,6,1,0,0
6/28/2016 5:00,0,0.032830482,10.9,0,14.87,12.77,0.2,0.07,28.15,80.56,100.55,8.21,243.4,4.8,5.68,0.61,0,0,24.51,9.9,243.8,9.67,80.18,0,1,514.999,100,27.07,71.27,100,0.11850381,5,180,6,1,0,0
6/28/2016 6:00,399.9090909,2.869458407,103.88,23.85,88.64,142.6,0.31,0.05,28.41,78.68,100.63,8.37,241.8,50.2,66.4,6.32,0.05,0.22,24.37,9.72,242.4,9.67,80.18,0,1,579.615,100,14,56.47,100,0.101976275,6,180,6,1,1,3.800571076
6/28/2016 7:00,1279.083333,2.728749049,251.57,75.39,167.67,349.42,0.4,0.05,28.82,75.85,100.7,8.87,242.2,122.15,164.8,15.46,0.27,1.35,24.15,10.18,243.2,9.67,80.18,0,1,594.2908,100,10.31,8.65,100,0.10573655,7,180,6,1,1,17.50088022
6/28/2016 8:00,4861,0.655047523,372.25,107.07,201.43,555.42,0.42,0.06,29.21,73.37,100.75,9.27,245.4,181.65,262.33,23.75,0.61,3.15,23.98,10.6,246.3,9.67,80.18,0,1,715.4187,100,7.13,19.13,100,0.112472534,8,180,6,1,1,31.2773031
6/28/2016 9:00,6125.416667,0.732036887,409.38,24.94,263.65,725.7,0.38,0.06,29.61,71.56,100.76,9.51,249,202.78,342.1,27.4,0.86,4.4,23.94,10.9,249.9,9.67,80.18,0,1,646.9756,100,11.4,37.56,100,0.13036066,9,180,6,1,1,44.97324918
6/28/2016 10:00,5258,0.633195866,419.88,0.43,304.16,840.95,0.34,0.06,29.96,70.01,100.75,9.65,252.3,210.57,395.55,28.98,1.01,5.05,23.91,11.11,253.1,9.67,80.18,0,1,554.24634,100,2.57,85.55,100,0.13621145,10,180,6,1,1,58.29050494
6/28/2016 11:00,5415.166667,0.496907288,552.88,14.43,393.31,887.97,0.43,0.06,30.28,68.56,100.7,9.66,253.3,270.88,417.15,36.41,1.31,6.8,23.86,11.16,254.1,9.67,80.18,0,1,1228.4812,100,2.47,92.17,100,0.1416632,11,180,6,1,1,70.25630055
6/28/2016 12:00,4728.583333,0.471412156,407.9,0.16,289.21,863.83,0.33,0.06,30.55,67.34,100.61,9.51,251.3,205.26,405.38,28.34,1,5.1,23.83,11.08,252.2,9.67,80.18,0,1,2504.6882,100,1.54,24.26,100,0.12408918,12,180,6,1,1,76.4283752
6/28/2016 13:00,7398.416667,0.205154231,348.2,0.08,259.99,771.38,0.3,0.06,30.78,66.55,100.53,9.4,246.8,175.75,362.1,24.25,0.8,3.92,23.86,11.05,247.8,9.67,80.18,0,1,2200.2715,100,2.93,1.94,100,0.098966,13,180,6,1,1,70.25630055
6/28/2016 14:00,3095.5,0.149320174,256.3,0,197.71,620.03,0.26,0.06,30.82,66.54,100.48,9.5,241.1,130.23,291.39,18.04,0.52,2.75,23.88,11.22,242.1,9.67,80.18,0,1,1866.7639,100,0.69,3.54,100,0.058998108,14,180,6,1,1,58.29050494
6/28/2016 15:00,1754.416667,0.640012415,169.52,0,140.28,426.7,0.23,0.05,30.59,67.48,100.46,9.73,236.6,86.25,200.6,11.91,0.26,1.3,23.9,11.45,237.4,9.67,80.18,0,1,1460.5537,100,1.73,12.59,100,0.039130908,15,180,6,1,1,44.97324918
6/28/2016 16:00,1116.25,0.540416098,93.22,0,87.59,217.12,0.21,0.05,30.2,69.72,100.49,9.71,233.5,47,101.37,6.39,0.08,0.38,24.08,11.46,234.2,9.67,80.18,0,1,1392.5425,100,3.53,27.88,100,0.037186943,16,180,6,1,1,31.2773031
6/28/2016 17:00,734.8333333,0.838588708,16.45,0,19.14,43.53,0.11,0.05,29.74,73.05,100.53,9.34,231,8.18,19.95,1.12,0,0.03,24.4,11.25,231.6,9.67,80.18,0,1,724.6277,100,4.71,23.92,100,0.028150547,17,180,6,1,1,17.50088022
6/28/2016 18:00,115,2.594012042,0,0,0,0,0,0,29.36,75.99,100.6,9.34,228.7,0,0,0,0,0,24.71,11.37,229.5,9.67,80.18,0,1,632.96924,100,1.22,34,100,0.049572147,18,180,6,1,1,3.800571076
6/28/2016 19:00,0,2.767458064,0,0,0,0,0,0,29.22,76.3,100.65,10.02,229.8,0,0,0,0,0,24.64,12.12,230.6,9.67,80.18,0,1,1700.5967,100,1.84,11.2,100,0.10666245,19,180,6,1,0,0
6/28/2016 20:00,0,2.580533867,0,0,0,0,0,0,29.05,77.43,100.68,10.51,232.8,0,0,0,0,0,24.73,12.63,233.5,9.67,80.18,0,1,2523.3792,100,2.08,5.41,100,0.13975966,20,180,6,1,0,0
6/28/2016 21:00,0,1.231219087,0,0,0,0,0,0,28.85,78.98,100.69,10.68,234.8,0,0,0,0,0,24.87,12.75,235.4,9.67,80.18,0,1,659.146,100,9.9,4.3,100,0.1239233,21,180,6,1,0,0
6/28/2016 22:00,0,2.174994254,0,0,0,0,0,0,28.62,80.56,100.69,10.64,236.2,0,0,0,0,0,24.97,12.67,236.7,9.67,80.18,0,1,673.95557,99.76,10.84,3.03,99.76,0.13850206,22,180,6,1,0,0
6/28/2016 23:00,0,2.170877018,0,0,0,0,0,0,28.4,81.88,100.65,10.53,238.3,0,0,0,0,0,25.03,12.48,238.7,9.67,80.18,0,1,695.8093,100,4.68,1.36,100,0.15276092,23,180,6,1,0,0
6/29/2016 0:00,0,0.151945637,0,0,0,0,0,0,28.27,82.71,100.6,10.24,240.9,0,0,0,0,0,25.07,12.15,241.4,9.67,80.18,0,1,2392.6692,100,0.72,1.54,100,0.15207076,0,181,6,2,0,0
6/29/2016 1:00,0,0.18236014,0,0,0,0,0,0,28.18,83.22,100.58,9.75,242.2,0,0,0,0,0,25.09,11.57,242.7,9.67,80.18,0,1,3357.8591,100,2.42,1.76,100,0.120697975,1,181,6,2,0,0
6/29/2016 2:00,0,0.363467336,0,0,0,0,0,0,28.12,83.5,100.58,9.16,241.1,0,0,0,0,0,25.08,10.87,241.7,9.67,80.18,0,1,1222.5569,100,1.22,0.65,100,0.08210987,2,181,6,2,0,0
6/29/2016 3:00,0,0.21675139,0,0,0,0,0,0,28.06,83.87,100.57,8.72,239.2,0,0,0,0,0,25.1,10.39,239.7,9.67,80.18,0,1,612.1543,100,7.45,1.99,100,0.055642903,3,181,6,2,0,0
6/29/2016 4:00,0,0.221130061,0,0,0,0,0,0,28.02,84.08,100.58,8.47,237.6,0,0,0,0,0,25.09,10.11,238.2,9.67,80.18,0,1,638.93384,100,13.07,1.25,100,0.03739935,4,181,6,2,0,0
6/29/2016 5:00,0,0.32667293,7.85,0,10.2,12.73,0.15,0.06,27.99,84.38,100.62,8.28,236.3,3.53,5.62,0.47,0,0,25.12,9.86,236.8,9.67,80.18,0,1,652.1377,100,11,0.78,100,0.038614105,5,181,6,2,0,0
6/29/2016 6:00,511.75,2.644063247,90.18,10.65,78.47,145.4,0.27,0.05,28.2,83.61,100.68,8.38,235.2,43.97,67.4,5.74,0.04,0.22,25.18,9.77,235.9,9.67,80.18,0,1,700.803,100,12.15,0.13,100,0.04220463,6,181,6,2,1,3.791731415
6/29/2016 7:00,2139.583333,2.71364867,224.07,22.75,168.52,358.88,0.36,0.05,28.54,81.94,100.74,8.66,235.1,109.58,168.82,14.4,0.26,1.27,25.18,9.92,236.1,9.67,80.18,0,1,794.8594,99.74,22.46,1.09,99.74,0.05351207,7,181,6,2,1,17.49765654
6/29/2016 8:00,2871.272727,0.631609401,358.42,20.18,277.19,570.8,0.41,0.06,28.87,79.96,100.8,8.89,237.1,175.33,269.03,23.46,0.61,3.22,25.08,10.14,238.1,9.67,80.18,0,1,1088.6423,100,12.8,1.13,100,0.08452177,8,181,6,2,1,31.27997053
6/29/2016 9:00,3078.833333,0.310337331,459.9,6.78,336.25,747.35,0.42,0.06,29.16,78.15,100.83,8.94,239.1,225.95,351.8,30.82,0.98,5,24.97,10.17,240.1,9.67,80.18,0,1,2998.4998,99.71,2.95,1.85,99.71,0.08140749,9,181,6,2,1,44.98297171
6/29/2016 10:00,3418.166667,0.745802835,550.78,13.84,396.17,866.72,0.45,0.06,29.4,76.4,100.81,8.96,240.3,269.17,407.18,36.98,1.3,6.53,24.84,10.2,241.3,9.67,80.18,0,1,2685.5916,99.27,0,2.07,99.43,0.08103645,10,181,6,2,1,58.31030735
6/29/2016 11:00,3527.083333,0.199563737,606.28,53.12,379.04,869.6,0.48,0.06,29.56,75.09,100.76,8.85,239.9,291.1,404.72,37.82,1.35,7.07,24.69,10.08,241,9.67,80.18,0,1,2381.5266,99.87,0.44,4.74,99.87,0.13423651,11,181,6,2,1,70.29370217
6/29/2016 12:00,6405.5,0.288451851,530.1,10.29,373.63,858.72,0.42,0.06,29.75,73.49,100.68,8.72,237.8,257.88,400.17,34.26,1.21,6.2,24.51,9.95,238.9,9.67,80.18,0,1,1883.0146,100,1.69,7.52,100,0.14863896,12,181,6,2,1,76.48551051
6/29/2016 13:00,7613.333333,0.285425773,525.72,32.42,385.13,776.55,0.46,0.06,29.96,72.11,100.6,8.68,233.5,253.83,362.81,33.54,1.1,5.4,24.4,9.94,234.8,9.67,80.18,0,1,938.51904,100,4.9,8.91,100,0.11012888,13,181,6,2,1,70.29370217
6/29/2016 14:00,5502.583333,0.432020689,418.98,25.41,295.23,633.75,0.43,0.06,30.15,71.13,100.53,8.79,228.5,203.2,296.98,26.85,0.76,4.07,24.35,10.15,229.8,9.67,80.18,0,1,900.9475,100,2.33,7.44,100,0.1105814,14,181,6,2,1,58.31030735
6/29/2016 15:00,4952.5,0.571244673,255.27,14.93,194.01,444.12,0.35,0.05,30.16,71.72,100.49,9.06,224.4,125.45,208.45,16.81,0.37,1.83,24.5,10.61,225.7,9.67,80.18,0,1,733.7212,100,2.97,5.18,100,0.12776363,15,181,6,2,1,44.98297171
6/29/2016 16:00,2206.75,0.729529882,127.85,10.2,108.03,231.65,0.28,0.05,30.03,73.38,100.49,9.34,224,62.88,107.95,8.41,0.1,0.5,24.75,11.12,225.3,9.67,80.18,0,1,699.1343,100,3.28,3.13,100,0.09835374,16,181,6,2,1,31.27997053
6/29/2016 17:00,820.25,0.791456907,27.3,2.42,31.77,47.5,0.19,0.05,29.65,76.99,100.53,9.17,223.3,13.07,21.47,1.74,0.01,0.03,25.21,11.09,224.2,9.67,80.18,0,1,739.8745,100,1.44,1.35,100,0.0732103,17,181,6,2,1,17.49765654
6/29/2016 18:00,143.2,2.37920105,0,0,0,0,0,0,29.31,80.23,100.59,8.8,224,0,0,0,0,0,25.57,10.75,225.1,9.67,80.18,0,1,765.23486,100,4,1.29,100,0.07353997,18,181,6,2,1,3.791731415
6/29/2016 19:00,0,2.728120868,0,0,0,0,0,0,29.19,81.43,100.66,8.47,227,0,0,0,0,0,25.7,10.37,228.2,9.67,80.18,0,1,1571.1135,99.02,0.5,0.75,99.02,0.07028854,19,181,6,2,0,0
6/29/2016 20:00,0,2.479250651,0,0,0,0,0,0,29.11,81.34,100.72,8.44,231.4,0,0,0,0,0,25.6,10.33,232.3,9.67,80.18,0,1,1344.4607,93.18,2.49,2.27,94.77,0.063491344,20,181,6,2,0,0
6/29/2016 21:00,0,1.151055927,0,0,0,0,0,0,28.99,81.34,100.75,8.49,235.1,0,0,0,0,0,25.49,10.36,235.7,9.67,80.18,0,1,969.6477,93.21,0.45,2.18,93.47,0.059302457,21,181,6,2,0,0
6/29/2016 22:00,0,2.338077649,0,0,0,0,0,0,28.78,81.06,100.75,8.53,237.1,0,0,0,0,0,25.23,10.32,237.4,9.67,80.18,0,1,940.9768,95.9,1.62,8.49,96.06,0.08155197,22,181,6,2,0,0
6/29/2016 23:00,0,2.143138682,0,0,0,0,0,0,28.49,82.1,100.69,8.49,237.7,0,0,0,0,0,25.16,10.2,238,9.67,80.18,0,1,525.1763,97.92,7.39,2.78,98.15,0.09237462,23,181,6,2,0,0
6/30/2016 0:00,0,0.239039182,0,0,0,0,0,0,28.3,83.04,100.63,8.43,238.8,0,0,0,0,0,25.18,10.12,239.1,9.67,80.18,0,1,475.53882,98.73,7.9,5.75,98.98,0.07161081,0,182,6,3,0,0
6/30/2016 1:00,0,0.312436867,0,0,0,0,0,0,28.18,83.5,100.58,8.41,242.3,0,0,0,0,0,25.14,10.13,242.7,9.67,80.18,0,1,461.11768,96.02,4.92,2.33,96.26,0.047044072,1,182,6,3,0,0
6/30/2016 2:00,0,0.169771849,0,0,0,0,0,0,28.11,83.37,100.56,8.41,245.9,0,0,0,0,0,25.05,10.16,246.3,9.67,80.18,0,1,487.56055,96.26,3.63,1.56,96.27,0.036107995,2,182,6,3,0,0
6/30/2016 3:00,0,0,0,0,0,0,0,0,28.06,82.95,100.56,8.2,248.6,0,0,0,0,0,24.92,9.99,248.9,9.67,80.18,0,1,578.1958,85.44,10.11,4.81,87.46,0.026269693,3,182,6,3,0,0
6/30/2016 4:00,0,0.201205143,0,0,0,0,0,0,28.02,82.6,100.61,7.82,250.7,0,0,0,0,0,24.81,9.61,250.9,9.67,80.18,0,1,640.5593,77.58,3.3,8.07,80.19,0.017511766,4,182,6,3,0,0
6/30/2016 5:00,0,0.078867447,11.57,1.45,16.46,13.12,0.22,0.07,28.04,81.93,100.67,7.33,251.8,5.12,5.72,0.66,0,0,24.7,9.05,251.9,9.67,80.18,0,1,688.66187,64.5,6.86,6.57,68.56,0.008450411,5,182,6,3,0,0
6/30/2016 6:00,638.75,2.621855347,111.12,65.3,94.81,150.65,0.33,0.06,28.34,80.18,100.73,7.32,250.6,53.12,69.68,6.59,0.05,0.22,24.62,8.65,251.1,9.67,80.18,0,1,1259.8291,61.19,10.2,16.26,69.04,0.002196326,6,182,6,3,1,3.781824478
6/30/2016 7:00,2449.666667,2.932859101,270.35,128.88,181.59,362.48,0.43,0.05,28.72,77.66,100.77,7.61,249.2,130.35,170.3,16.49,0.28,1.38,24.46,8.71,250.2,9.67,80.18,0,1,1235.8508,65.68,7.51,16.53,76.07,0.003457252,7,182,6,3,1,17.49402398
6/30/2016 8:00,4493.363636,1.008675639,434.25,170.11,229.59,569.42,0.49,0.05,29.1,74.97,100.79,8.03,249.7,209.31,268.03,27.13,0.68,3.5,24.23,9.15,250.7,9.67,80.18,0,1,1772.627,46.89,2.84,13.02,55.17,0.003330352,8,182,6,3,1,31.28291768
6/30/2016 9:00,6087.083333,0.648431508,593.88,309.7,245.77,738.97,0.55,0.05,29.55,72.23,100.77,8.3,250.4,285.45,347.17,37.57,1.14,5.85,24.04,9.45,251.3,9.67,80.18,0,1,2150.1953,18.63,2.14,12.25,28.29,0.001211007,9,182,6,3,1,44.99379762
6/30/2016 10:00,4723.416667,0.489112147,681.42,195.55,363.51,853.47,0.56,0.06,30.1,69.1,100.73,8.32,251,325.62,400.22,43.21,1.49,7.53,23.83,9.5,252,9.67,80.18,0,1,3179.076,6.07,0.23,13.07,17.73,0.000225819,10,182,6,3,1,58.33239434
6/30/2016 11:00,7700.916667,0.680516993,730.47,341.19,327.03,916,0.57,0.05,30.56,66.32,100.66,8.16,252.2,349.73,429.96,47.7,1.71,9,23.58,9.4,253.4,9.67,80.18,0,1,3517.2703,7.71,0.37,10.33,15.9,0.000344219,11,182,6,3,1,70.33549286
6/30/2016 12:00,11973.81818,0.399245587,808.83,392.69,365.52,894.25,0.65,0.05,30.88,64.56,100.56,7.81,252.2,384.05,419.73,51.12,1.8,9.35,23.44,9.14,253.3,9.67,80.18,0,1,2545.9363,6.02,0.21,7.29,13.08,0.000350338,12,182,6,3,1,76.54951588
6/30/2016 13:00,11159.18182,0.809126126,716.4,431.68,294.96,802.03,0.63,0.05,31.18,63.83,100.48,6.99,249.3,339.93,376.61,44.98,1.45,7.32,23.54,8.51,250.6,9.67,80.18,0,1,2984.4436,0.58,0.45,4.87,5.08,0.000118414,13,182,6,3,1,70.33549286
6/30/2016 14:00,9825,0.510058392,541.47,354.25,237.35,646.22,0.56,0.05,31.38,64.64,100.44,5.86,242.5,257.18,303.67,33.38,0.91,4.8,23.93,7.66,244,9.67,80.18,0,1,2566.1086,0.91,1.73,10.21,11.2,0.0001001,14,182,6,3,1,58.33239434
6/30/2016 15:00,7283.5,0.171152046,425.12,333.38,207.44,443.38,0.58,0.06,31.33,66.53,100.42,5.39,236.3,200.2,207.88,24.04,0.47,2.33,24.35,7.36,238.2,9.67,80.18,0,1,1682.5991,9.25,2.28,12.83,20.21,0.000303955,15,182,6,3,1,44.99379762
6/30/2016 16:00,2090.583333,0.711862471,212.45,141.41,171.36,222.8,0.47,0.06,31.07,68.98,100.41,5.47,237.4,98.9,103.15,11.38,0.12,0.6,24.72,7.59,239.3,9.67,80.18,0,1,1463.9714,46.38,0.44,7.63,50.6,0.001047308,16,182,6,3,1,31.28291768
6/30/2016 17:00,507.3333333,0.926598969,42.55,11.89,43.96,44.28,0.29,0.07,30.61,72.82,100.46,5.3,240.7,19.38,19.99,2.36,0.01,0.03,25.18,7.76,242.9,9.67,80.18,0,1,1730.1372,59.46,0.45,1.67,60.35,0.002809976,17,182,6,3,1,17.49402398
6/30/2016 18:00,64,2.587111273,0,0,0,0,0,0,30.24,75.6,100.53,5.28,244.1,0,0,0,0,0,25.47,7.76,246,9.67,80.18,0,1,2546.7776,46.13,0.22,0,46.35,0.002348556,18,182,6,3,1,3.781824478
6/30/2016 19:00,0,2.784269819,0,0,0,0,0,0,30.05,76.69,100.58,5.63,247,0,0,0,0,0,25.53,8.01,248.5,9.67,80.18,0,1,9706.324,43.6,0.22,0.87,44.3,0.001192571,19,182,6,3,0,0
6/30/2016 20:00,0,2.495096952,0,0,0,0,0,0,29.92,76.95,100.61,6.61,248.5,0,0,0,0,0,25.45,8.95,249.5,9.67,80.18,0,1,9706.324,10.46,0,0,10.46,0.000358913,20,182,6,3,0,0
6/30/2016 21:00,0,0.744007129,0,0,0,0,0,0,29.72,77.82,100.62,7.76,248.5,0,0,0,0,0,25.45,9.99,249.2,9.67,80.18,0,1,6774.035,31.9,0.01,1.65,32.64,0.002922274,21,182,6,3,0,0
6/30/2016 22:00,0,2.237452907,0,0,0,0,0,0,29.43,79.54,100.62,8.31,246.5,0,0,0,0,0,25.55,10.29,246.9,9.67,80.18,0,1,3123.7698,83.04,0.62,2.61,83.04,0.007651128,22,182,6,3,0,0
6/30/2016 23:00,0,1.915237685,0,0,0,0,0,0,29.04,81.78,100.57,8.63,244.3,0,0,0,0,0,25.64,10.49,244.7,9.67,80.18,0,1,1974.342,89.35,2.15,2.59,90.14,0.009047829,23,182,6,3,0,0
